state,city,center_num,center_avg,city_avg,Marks
ANDAMAN AND NICOBAR ISLANDS (UT),PORT BLAIR,110101,192.1127982646421,192.73756097560977,192.73756097560977
ANDAMAN AND NICOBAR ISLANDS (UT),PORT BLAIR,110102,192.5943600867679,192.73756097560977,192.73756097560977
ANDAMAN AND NICOBAR ISLANDS (UT),PORT BLAIR,110103,196.1747572815534,192.73756097560977,192.73756097560977
ANDHRA PRADESH,ANANTAPUR,121201,193.76931567328919,197.06098546042003,260.9710240265639
ANDHRA PRADESH,ANANTAPUR,121202,207.42567567567568,197.06098546042003,260.9710240265639
ANDHRA PRADESH,ANANTAPUR,121203,195.97053726169844,197.06098546042003,260.9710240265639
ANDHRA PRADESH,ANANTAPUR,121204,190.76558603491273,197.06098546042003,260.9710240265639
ANDHRA PRADESH,BHIMAVARAM,121301,199.756727664155,199.756727664155,260.9710240265639
ANDHRA PRADESH,CHIRALA,121401,202.29783037475346,202.29783037475346,260.9710240265639
ANDHRA PRADESH,CHITTOOR,121501,182.14814814814815,174.48704663212436,260.9710240265639
ANDHRA PRADESH,CHITTOOR,121502,171.75272727272727,174.48704663212436,260.9710240265639
ANDHRA PRADESH,CHITTOOR,121503,168.68722466960352,174.48704663212436,260.9710240265639
ANDHRA PRADESH,ELURU,121601,173.82688391038695,170.9151515151515,260.9710240265639
ANDHRA PRADESH,ELURU,121602,171.26078028747432,170.9151515151515,260.9710240265639
ANDHRA PRADESH,ELURU,121603,166.24269005847952,170.9151515151515,260.9710240265639
ANDHRA PRADESH,GOOTY,121701,168.88275862068966,168.88275862068966,260.9710240265639
ANDHRA PRADESH,GUDUR,121801,176.1988950276243,176.1988950276243,260.9710240265639
ANDHRA PRADESH,GUNTUR,120101,275.1255349500713,268.11772184083395,260.9710240265639
ANDHRA PRADESH,GUNTUR,120102,275.25085324232083,268.11772184083395,260.9710240265639
ANDHRA PRADESH,GUNTUR,120103,279.3815261044177,268.11772184083395,260.9710240265639
ANDHRA PRADESH,GUNTUR,120104,250.72040816326532,268.11772184083395,260.9710240265639
ANDHRA PRADESH,GUNTUR,120105,286.5291576673866,268.11772184083395,260.9710240265639
ANDHRA PRADESH,GUNTUR,120106,253.73617021276596,268.11772184083395,260.9710240265639
ANDHRA PRADESH,GUNTUR,120107,270.5579196217494,268.11772184083395,260.9710240265639
ANDHRA PRADESH,GUNTUR,120108,238.40066225165563,268.11772184083395,260.9710240265639
ANDHRA PRADESH,KADAPA,121901,193.40513552068472,204.09053285049146,260.9710240265639
ANDHRA PRADESH,KADAPA,121902,212.5955223880597,204.09053285049146,260.9710240265639
ANDHRA PRADESH,KADAPA,121903,207.27935943060498,204.09053285049146,260.9710240265639
ANDHRA PRADESH,KAKINADA,122001,220.8721590909091,217.22615894039734,260.9710240265639
ANDHRA PRADESH,KAKINADA,122002,213.63934426229508,217.22615894039734,260.9710240265639
ANDHRA PRADESH,KAKINADA,122003,214.74358974358975,217.22615894039734,260.9710240265639
ANDHRA PRADESH,KAKINADA,122004,216.28338762214983,217.22615894039734,260.9710240265639
ANDHRA PRADESH,KAKINADA,122005,227.92932862190813,217.22615894039734,260.9710240265639
ANDHRA PRADESH,KAKINADA,122006,212.1418439716312,217.22615894039734,260.9710240265639
ANDHRA PRADESH,KAKINADA,122007,207.2094861660079,217.22615894039734,260.9710240265639
ANDHRA PRADESH,KURNOOL,120201,226.55094339622642,222.99958660603556,260.9710240265639
ANDHRA PRADESH,KURNOOL,120202,227.40831758034025,222.99958660603556,260.9710240265639
ANDHRA PRADESH,KURNOOL,120203,225.81638418079095,222.99958660603556,260.9710240265639
ANDHRA PRADESH,KURNOOL,120204,217.72079772079772,222.99958660603556,260.9710240265639
ANDHRA PRADESH,KURNOOL,120205,223.919795221843,222.99958660603556,260.9710240265639
ANDHRA PRADESH,KURNOOL,120206,230.83684210526314,222.99958660603556,260.9710240265639
ANDHRA PRADESH,KURNOOL,120207,193.24709302325581,222.99958660603556,260.9710240265639
ANDHRA PRADESH,MACHILIPATNAM,120901,196.6431924882629,196.6431924882629,260.9710240265639
ANDHRA PRADESH,MANGALAGIRI,121001,221.03642384105962,221.03642384105962,260.9710240265639
ANDHRA PRADESH,NANDYAL,122101,206.91587301587302,196.61368821292777,260.9710240265639
ANDHRA PRADESH,NANDYAL,122102,187.13868613138686,196.61368821292777,260.9710240265639
ANDHRA PRADESH,NARASARAOPET,120801,187.98832684824902,186.49382716049382,260.9710240265639
ANDHRA PRADESH,NARASARAOPET,120802,183.89864864864865,186.49382716049382,260.9710240265639
ANDHRA PRADESH,NELLORE,120301,274.2684563758389,277.6626213592233,260.9710240265639
ANDHRA PRADESH,NELLORE,120302,272.51638418079096,277.6626213592233,260.9710240265639
ANDHRA PRADESH,NELLORE,120303,286.2961487383798,277.6626213592233,260.9710240265639
ANDHRA PRADESH,NELLORE,120304,274.3755458515284,277.6626213592233,260.9710240265639
ANDHRA PRADESH,NELLORE,120305,281.10280373831773,277.6626213592233,260.9710240265639
ANDHRA PRADESH,ONGOLE,122201,227.7111274871039,225.4984404242046,260.9710240265639
ANDHRA PRADESH,ONGOLE,122202,213.29268292682926,225.4984404242046,260.9710240265639
ANDHRA PRADESH,PRODDATUR,122301,208.66844919786095,212.7580372250423,260.9710240265639
ANDHRA PRADESH,PRODDATUR,122302,214.6509900990099,212.7580372250423,260.9710240265639
ANDHRA PRADESH,RAJAHMUNDRY,122401,257.56201550387595,255.7495705942975,260.9710240265639
ANDHRA PRADESH,RAJAHMUNDRY,122402,255.6484375,255.7495705942975,260.9710240265639
ANDHRA PRADESH,RAJAHMUNDRY,122403,245.20855614973263,255.7495705942975,260.9710240265639
ANDHRA PRADESH,RAJAHMUNDRY,122404,261.04285714285714,255.7495705942975,260.9710240265639
ANDHRA PRADESH,RAJAHMUNDRY,122405,263.9901639344262,255.7495705942975,260.9710240265639
ANDHRA PRADESH,RAJAHMUNDRY,122406,256.24734982332154,255.7495705942975,260.9710240265639
ANDHRA PRADESH,RAJAHMUNDRY,122407,275.1423487544484,255.7495705942975,260.9710240265639
ANDHRA PRADESH,RAJAHMUNDRY,122408,231.9655172413793,255.7495705942975,260.9710240265639
ANDHRA PRADESH,SRIKAKULAM,122501,225.9814814814815,229.90156340474812,260.9710240265639
ANDHRA PRADESH,SRIKAKULAM,122502,250.33093525179856,229.90156340474812,260.9710240265639
ANDHRA PRADESH,SRIKAKULAM,122503,231.84046692607004,229.90156340474812,260.9710240265639
ANDHRA PRADESH,SRIKAKULAM,122504,224.08949416342412,229.90156340474812,260.9710240265639
ANDHRA PRADESH,SRIKAKULAM,122505,221.60944206008583,229.90156340474812,260.9710240265639
ANDHRA PRADESH,TADEPALLIGUDEM,122701,190.3872053872054,190.3872053872054,260.9710240265639
ANDHRA PRADESH,TANUKU,122801,371.93564356435644,368.28897715988086,260.9710240265639
ANDHRA PRADESH,TANUKU,122802,370.4299065420561,368.28897715988086,260.9710240265639
ANDHRA PRADESH,TANUKU,122803,363.32390745501283,368.28897715988086,260.9710240265639
ANDHRA PRADESH,TENALI,120701,194.98290598290598,195.14325068870522,260.9710240265639
ANDHRA PRADESH,TENALI,120702,195.43410852713177,195.14325068870522,260.9710240265639
ANDHRA PRADESH,TIRUPATHI,120401,242.91643835616438,239.4916812609457,260.9710240265639
ANDHRA PRADESH,TIRUPATHI,120402,245.77029360967185,239.4916812609457,260.9710240265639
ANDHRA PRADESH,TIRUPATHI,120403,231.27133105802048,239.4916812609457,260.9710240265639
ANDHRA PRADESH,TIRUPATHI,120404,250.5008547008547,239.4916812609457,260.9710240265639
ANDHRA PRADESH,TIRUPATHI,120405,236.81854838709677,239.4916812609457,260.9710240265639
ANDHRA PRADESH,TIRUPATHI,120406,228.3421052631579,239.4916812609457,260.9710240265639
ANDHRA PRADESH,TIRUPATHI,120407,256.9284009546539,239.4916812609457,260.9710240265639
ANDHRA PRADESH,TIRUPATHI,120408,240.0810810810811,239.4916812609457,260.9710240265639
ANDHRA PRADESH,TIRUPATHI,120409,212.14886731391584,239.4916812609457,260.9710240265639
ANDHRA PRADESH,VIJAYAWADA,120501,340.8181049069374,343.5637204167529,260.9710240265639
ANDHRA PRADESH,VIJAYAWADA,120502,338.1984126984127,343.5637204167529,260.9710240265639
ANDHRA PRADESH,VIJAYAWADA,120503,341.1518987341772,343.5637204167529,260.9710240265639
ANDHRA PRADESH,VIJAYAWADA,120504,347.52535211267605,343.5637204167529,260.9710240265639
ANDHRA PRADESH,VIJAYAWADA,120505,340.49764521193094,343.5637204167529,260.9710240265639
ANDHRA PRADESH,VIJAYAWADA,120506,358.37194127243066,343.5637204167529,260.9710240265639
ANDHRA PRADESH,VIJAYAWADA,120507,360.1840390879479,343.5637204167529,260.9710240265639
ANDHRA PRADESH,VIJAYAWADA,120508,329.0033783783784,343.5637204167529,260.9710240265639
ANDHRA PRADESH,VIJAYAWADA,120509,345.1958041958042,343.5637204167529,260.9710240265639
ANDHRA PRADESH,VIJAYAWADA,120510,331.54493307839385,343.5637204167529,260.9710240265639
ANDHRA PRADESH,VIJAYAWADA,120511,358.7755511022044,343.5637204167529,260.9710240265639
ANDHRA PRADESH,VIJAYAWADA,120512,338.54527162977865,343.5637204167529,260.9710240265639
ANDHRA PRADESH,VIJAYAWADA,120513,357.87872763419483,343.5637204167529,260.9710240265639
ANDHRA PRADESH,VIJAYAWADA,120514,362.3614457831325,343.5637204167529,260.9710240265639
ANDHRA PRADESH,VIJAYAWADA,120515,331.58870967741933,343.5637204167529,260.9710240265639
ANDHRA PRADESH,VIJAYAWADA,120516,327.9769874476987,343.5637204167529,260.9710240265639
ANDHRA PRADESH,VIJAYAWADA,120517,345.42767295597486,343.5637204167529,260.9710240265639
ANDHRA PRADESH,VIJAYAWADA,120518,341.6313559322034,343.5637204167529,260.9710240265639
ANDHRA PRADESH,VIJAYAWADA,120519,339.0974576271187,343.5637204167529,260.9710240265639
ANDHRA PRADESH,VIJAYAWADA,120520,337.21729957805906,343.5637204167529,260.9710240265639
ANDHRA PRADESH,VIJAYAWADA,120521,343.4345679012346,343.5637204167529,260.9710240265639
ANDHRA PRADESH,VIJAYAWADA,120522,359.3532338308458,343.5637204167529,260.9710240265639
ANDHRA PRADESH,VIJAYAWADA,120523,347.52242744063324,343.5637204167529,260.9710240265639
ANDHRA PRADESH,VIJAYAWADA,120524,352.10985915492955,343.5637204167529,260.9710240265639
ANDHRA PRADESH,VIJAYAWADA,120525,326.69187675070026,343.5637204167529,260.9710240265639
ANDHRA PRADESH,VIJAYAWADA,120526,333.9727272727273,343.5637204167529,260.9710240265639
ANDHRA PRADESH,VISAKHAPATNAM,120601,256.1541899441341,265.9101895433151,260.9710240265639
ANDHRA PRADESH,VISAKHAPATNAM,120602,258.341189674523,265.9101895433151,260.9710240265639
ANDHRA PRADESH,VISAKHAPATNAM,120603,281.2366504854369,265.9101895433151,260.9710240265639
ANDHRA PRADESH,VISAKHAPATNAM,120604,268.0817901234568,265.9101895433151,260.9710240265639
ANDHRA PRADESH,VISAKHAPATNAM,120605,276.1435331230284,265.9101895433151,260.9710240265639
ANDHRA PRADESH,VISAKHAPATNAM,120606,269.94843462246774,265.9101895433151,260.9710240265639
ANDHRA PRADESH,VISAKHAPATNAM,120607,262.5796296296296,265.9101895433151,260.9710240265639
ANDHRA PRADESH,VISAKHAPATNAM,120608,267.2738336713996,265.9101895433151,260.9710240265639
ANDHRA PRADESH,VISAKHAPATNAM,120609,273.2793522267207,265.9101895433151,260.9710240265639
ANDHRA PRADESH,VISAKHAPATNAM,120610,258.4787878787879,265.9101895433151,260.9710240265639
ANDHRA PRADESH,VISAKHAPATNAM,120611,272.99785407725324,265.9101895433151,260.9710240265639
ANDHRA PRADESH,VISAKHAPATNAM,120612,274.83126550868485,265.9101895433151,260.9710240265639
ANDHRA PRADESH,VISAKHAPATNAM,120613,241.65794392523364,265.9101895433151,260.9710240265639
ANDHRA PRADESH,VIZIANAGARAM,122901,252.0158940397351,250.2346999405823,260.9710240265639
ANDHRA PRADESH,VIZIANAGARAM,122902,262.1021126760563,250.2346999405823,260.9710240265639
ANDHRA PRADESH,VIZIANAGARAM,122903,251.48290598290598,250.2346999405823,260.9710240265639
ANDHRA PRADESH,VIZIANAGARAM,122904,261.3905579399142,250.2346999405823,260.9710240265639
ANDHRA PRADESH,VIZIANAGARAM,122905,207.25988700564972,250.2346999405823,260.9710240265639
ARUNACHAL PRADESH,ITANAGAR/NAHARLAGUN,130101,167.30929487179486,162.00079596710003,162.8969417679095
ARUNACHAL PRADESH,ITANAGAR/NAHARLAGUN,130102,162.73611111111111,162.00079596710003,162.8969417679095
ARUNACHAL PRADESH,ITANAGAR/NAHARLAGUN,130103,155.94444444444446,162.00079596710003,162.8969417679095
ARUNACHAL PRADESH,ITANAGAR/NAHARLAGUN,130104,155.29108910891088,162.00079596710003,162.8969417679095
ARUNACHAL PRADESH,ITANAGAR/NAHARLAGUN,130105,164.0831509846827,162.00079596710003,162.8969417679095
ARUNACHAL PRADESH,ITANAGAR/NAHARLAGUN,130106,161.495670995671,162.00079596710003,162.8969417679095
ARUNACHAL PRADESH,ITANAGAR/NAHARLAGUN,130107,169.41201716738198,162.00079596710003,162.8969417679095
ARUNACHAL PRADESH,ITANAGAR/NAHARLAGUN,130108,161.137339055794,162.00079596710003,162.8969417679095
ARUNACHAL PRADESH,ITANAGAR/NAHARLAGUN,130109,168.51239669421489,162.00079596710003,162.8969417679095
ARUNACHAL PRADESH,NAMSAI,130301,166.03303964757708,166.03303964757708,162.8969417679095
ARUNACHAL PRADESH,PASIGHAT,130401,166.44283121597095,166.44283121597095,162.8969417679095
ASSAM,BAKSA,140501,119.72886297376094,119.72886297376094,190.93793056716282
ASSAM,BARPETA,140601,188.41598360655738,166.62479608482872,190.93793056716282
ASSAM,BARPETA,140602,187.78762886597937,166.62479608482872,190.93793056716282
ASSAM,BARPETA,140603,195.008,166.62479608482872,190.93793056716282
ASSAM,BARPETA,140604,193.71468926553672,166.62479608482872,190.93793056716282
ASSAM,BARPETA,140605,184.04651162790697,166.62479608482872,190.93793056716282
ASSAM,BARPETA,140606,175.5049180327869,166.62479608482872,190.93793056716282
ASSAM,BARPETA,140607,195.4857142857143,166.62479608482872,190.93793056716282
ASSAM,BARPETA,140608,164.28014184397162,166.62479608482872,190.93793056716282
ASSAM,BARPETA,140609,174.66304347826087,166.62479608482872,190.93793056716282
ASSAM,BARPETA,140610,204.94980694980694,166.62479608482872,190.93793056716282
ASSAM,BARPETA,140611,103.5421686746988,166.62479608482872,190.93793056716282
ASSAM,BARPETA,140612,85.94495412844037,166.62479608482872,190.93793056716282
ASSAM,BARPETA,140613,80.95161290322581,166.62479608482872,190.93793056716282
ASSAM,DARRANG (MANGALDOI),140701,197.47237569060775,176.24523990860624,190.93793056716282
ASSAM,DARRANG (MANGALDOI),140702,170.6015037593985,176.24523990860624,190.93793056716282
ASSAM,DARRANG (MANGALDOI),140703,107.21052631578948,176.24523990860624,190.93793056716282
ASSAM,DHUBRI,140801,199.36190476190475,189.42879560612005,190.93793056716282
ASSAM,DHUBRI,140802,204.61381074168798,189.42879560612005,190.93793056716282
ASSAM,DHUBRI,140803,201.75,189.42879560612005,190.93793056716282
ASSAM,DHUBRI,140804,211.82683982683983,189.42879560612005,190.93793056716282
ASSAM,DHUBRI,140805,201.14224137931035,189.42879560612005,190.93793056716282
ASSAM,DHUBRI,140806,207.47368421052633,189.42879560612005,190.93793056716282
ASSAM,DHUBRI,140807,201.6822429906542,189.42879560612005,190.93793056716282
ASSAM,DHUBRI,140808,212.51871657754012,189.42879560612005,190.93793056716282
ASSAM,DHUBRI,140809,147.83333333333334,189.42879560612005,190.93793056716282
ASSAM,DHUBRI,140810,80.85777777777778,189.42879560612005,190.93793056716282
ASSAM,DIBRUGARH,140101,190.99740596627757,184.7614890885751,190.93793056716282
ASSAM,DIBRUGARH,140102,185.3744,184.7614890885751,190.93793056716282
ASSAM,DIBRUGARH,140103,189.3941368078176,184.7614890885751,190.93793056716282
ASSAM,DIBRUGARH,140104,190.01720841300192,184.7614890885751,190.93793056716282
ASSAM,DIBRUGARH,140105,188.669776119403,184.7614890885751,190.93793056716282
ASSAM,DIBRUGARH,140106,191.1004366812227,184.7614890885751,190.93793056716282
ASSAM,DIBRUGARH,140107,141.875,184.7614890885751,190.93793056716282
ASSAM,GOALPARA,140901,173.27896995708156,159.78898473788985,190.93793056716282
ASSAM,GOALPARA,140902,181.58154506437768,159.78898473788985,190.93793056716282
ASSAM,GOALPARA,140903,175.34408602150538,159.78898473788985,190.93793056716282
ASSAM,GOALPARA,140904,89.58108108108108,159.78898473788985,190.93793056716282
ASSAM,GOLAGHAT,141001,185.34278350515464,168.4861313868613,190.93793056716282
ASSAM,GOLAGHAT,141002,153.24444444444444,168.4861313868613,190.93793056716282
ASSAM,GOLAGHAT,141003,136.03418803418805,168.4861313868613,190.93793056716282
ASSAM,GUWAHATI,140201,233.93161094224925,218.60809044066752,190.93793056716282
ASSAM,GUWAHATI,140202,227.97809076682316,218.60809044066752,190.93793056716282
ASSAM,GUWAHATI,140203,232.02184087363494,218.60809044066752,190.93793056716282
ASSAM,GUWAHATI,140204,216.25254237288135,218.60809044066752,190.93793056716282
ASSAM,GUWAHATI,140205,232.48695652173913,218.60809044066752,190.93793056716282
ASSAM,GUWAHATI,140206,216.20103986135183,218.60809044066752,190.93793056716282
ASSAM,GUWAHATI,140207,212.67088607594937,218.60809044066752,190.93793056716282
ASSAM,GUWAHATI,140208,218.67437379576108,218.60809044066752,190.93793056716282
ASSAM,GUWAHATI,140209,236.57438794726932,218.60809044066752,190.93793056716282
ASSAM,GUWAHATI,140210,216.680608365019,218.60809044066752,190.93793056716282
ASSAM,GUWAHATI,140211,209.20793950850663,218.60809044066752,190.93793056716282
ASSAM,GUWAHATI,140212,222.3201506591337,218.60809044066752,190.93793056716282
ASSAM,GUWAHATI,140213,220.75375939849624,218.60809044066752,190.93793056716282
ASSAM,GUWAHATI,140214,221.1699604743083,218.60809044066752,190.93793056716282
ASSAM,GUWAHATI,140215,228.10284463894968,218.60809044066752,190.93793056716282
ASSAM,GUWAHATI,140216,229.80044345898006,218.60809044066752,190.93793056716282
ASSAM,GUWAHATI,140217,226.0109649122807,218.60809044066752,190.93793056716282
ASSAM,GUWAHATI,140218,221.84478935698448,218.60809044066752,190.93793056716282
ASSAM,GUWAHATI,140219,229.20905172413794,218.60809044066752,190.93793056716282
ASSAM,GUWAHATI,140220,217.42047930283223,218.60809044066752,190.93793056716282
ASSAM,GUWAHATI,140221,222.3483870967742,218.60809044066752,190.93793056716282
ASSAM,GUWAHATI,140222,232.3341121495327,218.60809044066752,190.93793056716282
ASSAM,GUWAHATI,140223,225.8377581120944,218.60809044066752,190.93793056716282
ASSAM,GUWAHATI,140224,221.6271676300578,218.60809044066752,190.93793056716282
ASSAM,GUWAHATI,140225,167.57227138643069,218.60809044066752,190.93793056716282
ASSAM,GUWAHATI,140226,108.54654654654655,218.60809044066752,190.93793056716282
ASSAM,GUWAHATI,140227,122.88888888888889,218.60809044066752,190.93793056716282
ASSAM,HAILAKANDI,141101,249.47522750252782,249.47522750252782,190.93793056716282
ASSAM,JORHAT,141201,201.685,188.65794871794873,190.93793056716282
ASSAM,JORHAT,141202,183.99045801526717,188.65794871794873,190.93793056716282
ASSAM,JORHAT,141203,183.40212765957446,188.65794871794873,190.93793056716282
ASSAM,JORHAT,141204,180.51123595505618,188.65794871794873,190.93793056716282
ASSAM,LAKHIMPUR,141301,160.7516254876463,146.2515815085158,190.93793056716282
ASSAM,LAKHIMPUR,141302,168.8558225508318,146.2515815085158,190.93793056716282
ASSAM,LAKHIMPUR,141303,121.62719298245614,146.2515815085158,190.93793056716282
ASSAM,LAKHIMPUR,141304,104.2076124567474,146.2515815085158,190.93793056716282
ASSAM,NAGAON,141401,181.08049535603715,175.40409482758622,190.93793056716282
ASSAM,NAGAON,141402,179.6958456973294,175.40409482758622,190.93793056716282
ASSAM,NAGAON,141403,186.67235494880546,175.40409482758622,190.93793056716282
ASSAM,NAGAON,141404,173.21532091097308,175.40409482758622,190.93793056716282
ASSAM,NAGAON,141405,179.55764075067023,175.40409482758622,190.93793056716282
ASSAM,NAGAON,141406,150.7017543859649,175.40409482758622,190.93793056716282
ASSAM,NALBARI,141501,161.86344537815125,161.86344537815125,190.93793056716282
ASSAM,SILCHAR,140301,216.61511423550087,216.2326435246996,190.93793056716282
ASSAM,SILCHAR,140302,216.30769230769232,216.2326435246996,190.93793056716282
ASSAM,SILCHAR,140303,211.0561797752809,216.2326435246996,190.93793056716282
ASSAM,SILCHAR,140304,211.6688596491228,216.2326435246996,190.93793056716282
ASSAM,SILCHAR,140305,226.2357142857143,216.2326435246996,190.93793056716282
ASSAM,SILCHAR,140306,213.71511627906978,216.2326435246996,190.93793056716282
ASSAM,SILCHAR,140307,225.17857142857142,216.2326435246996,190.93793056716282
ASSAM,SIVASAGAR,141601,171.78976234003656,167.06642512077295,190.93793056716282
ASSAM,SIVASAGAR,141602,157.87188612099644,167.06642512077295,190.93793056716282
ASSAM,TEZPUR,140401,203.2948275862069,190.42247510668562,190.93793056716282
ASSAM,TEZPUR,140402,185.45228215767634,190.42247510668562,190.93793056716282
ASSAM,TEZPUR,140403,184.77312775330395,190.42247510668562,190.93793056716282
ASSAM,TEZPUR,140404,182.91860465116278,190.42247510668562,190.93793056716282
ASSAM,TEZPUR,140405,190.72690763052208,190.42247510668562,190.93793056716282
ASSAM,UDALGURI,141701,128.20645161290324,128.20645161290324,190.93793056716282
BIHAR,ARARIA,150801,159.7592190889371,152.50843170320405,188.58445735096518
BIHAR,ARARIA,150802,172.19438444924407,152.50843170320405,188.58445735096518
BIHAR,ARARIA,150803,104.9618320610687,152.50843170320405,188.58445735096518
BIHAR,ARRAH,150901,182.76131687242798,175.37883771929825,188.58445735096518
BIHAR,ARRAH,150902,183.9340206185567,175.37883771929825,188.58445735096518
BIHAR,ARRAH,150903,179.06666666666666,175.37883771929825,188.58445735096518
BIHAR,ARRAH,150904,151.0180412371134,175.37883771929825,188.58445735096518
BIHAR,ARWAL,151001,154.76512455516016,154.76512455516016,188.58445735096518
BIHAR,AURANGABAD (BR),151101,182.59386503067483,171.77585328578706,188.58445735096518
BIHAR,AURANGABAD (BR),151102,185.30851063829786,171.77585328578706,188.58445735096518
BIHAR,AURANGABAD (BR),151103,171.55587392550143,171.77585328578706,188.58445735096518
BIHAR,AURANGABAD (BR),151104,125.87841945288754,171.77585328578706,188.58445735096518
BIHAR,BANKA,151201,166.1782945736434,166.1782945736434,188.58445735096518
BIHAR,BEGUSARAI,151301,199.83355704697988,183.96565230491112,188.58445735096518
BIHAR,BEGUSARAI,151302,202.5536723163842,183.96565230491112,188.58445735096518
BIHAR,BEGUSARAI,151303,193.6029900332226,183.96565230491112,188.58445735096518
BIHAR,BEGUSARAI,151304,209.51714285714286,183.96565230491112,188.58445735096518
BIHAR,BEGUSARAI,151305,153.4297994269341,183.96565230491112,188.58445735096518
BIHAR,BEGUSARAI,151306,132.5150442477876,183.96565230491112,188.58445735096518
BIHAR,BETTIAH,151401,184.0807799442897,162.54287231218476,188.58445735096518
BIHAR,BETTIAH,151402,169.36764705882354,162.54287231218476,188.58445735096518
BIHAR,BETTIAH,151403,177.50646950092423,162.54287231218476,188.58445735096518
BIHAR,BETTIAH,151404,172.5860655737705,162.54287231218476,188.58445735096518
BIHAR,BETTIAH,151405,176.88866396761134,162.54287231218476,188.58445735096518
BIHAR,BETTIAH,151406,122.40243902439025,162.54287231218476,188.58445735096518
BIHAR,BETTIAH,151407,122.72448979591837,162.54287231218476,188.58445735096518
BIHAR,BHABUA,151501,179.8873786407767,154.74329896907216,188.58445735096518
BIHAR,BHABUA,151502,126.28351648351648,154.74329896907216,188.58445735096518
BIHAR,BHAGALPUR,151601,202.1762962962963,190.64188522973774,188.58445735096518
BIHAR,BHAGALPUR,151602,197.55902777777777,190.64188522973774,188.58445735096518
BIHAR,BHAGALPUR,151603,207.74698795180723,190.64188522973774,188.58445735096518
BIHAR,BHAGALPUR,151604,201.63603603603605,190.64188522973774,188.58445735096518
BIHAR,BHAGALPUR,151605,198.0547703180212,190.64188522973774,188.58445735096518
BIHAR,BHAGALPUR,151606,219.0,190.64188522973774,188.58445735096518
BIHAR,BHAGALPUR,151607,202.3608695652174,190.64188522973774,188.58445735096518
BIHAR,BHAGALPUR,151608,176.23175965665237,190.64188522973774,188.58445735096518
BIHAR,BHAGALPUR,151609,118.51401869158879,190.64188522973774,188.58445735096518
BIHAR,BHAGALPUR,151610,127.61276595744681,190.64188522973774,188.58445735096518
BIHAR,BUXAR,151701,194.03307888040712,172.05212858384013,188.58445735096518
BIHAR,BUXAR,151702,160.655672823219,172.05212858384013,188.58445735096518
BIHAR,DARBHANGA,151801,173.88480392156862,171.05794947994056,188.58445735096518
BIHAR,DARBHANGA,151802,173.74358974358975,171.05794947994056,188.58445735096518
BIHAR,DARBHANGA,151803,167.04441260744986,171.05794947994056,188.58445735096518
BIHAR,DARBHANGA,151804,176.47619047619048,171.05794947994056,188.58445735096518
BIHAR,DARBHANGA,151805,170.39932318104906,171.05794947994056,188.58445735096518
BIHAR,DARBHANGA,151806,173.0754716981132,171.05794947994056,188.58445735096518
BIHAR,DARBHANGA,151807,169.30549898167007,171.05794947994056,188.58445735096518
BIHAR,DARBHANGA,151808,180.38683127572017,171.05794947994056,188.58445735096518
BIHAR,DARBHANGA,151809,169.5195071868583,171.05794947994056,188.58445735096518
BIHAR,DARBHANGA,151810,176.60980810234543,171.05794947994056,188.58445735096518
BIHAR,DARBHANGA,151811,183.79418344519016,171.05794947994056,188.58445735096518
BIHAR,DARBHANGA,151812,172.80286738351253,171.05794947994056,188.58445735096518
BIHAR,DARBHANGA,151813,155.83397683397683,171.05794947994056,188.58445735096518
BIHAR,DARBHANGA,151814,145.16370808678502,171.05794947994056,188.58445735096518
BIHAR,GAYA,150101,197.82428115015975,189.87316083206494,188.58445735096518
BIHAR,GAYA,150102,198.34116022099448,189.87316083206494,188.58445735096518
BIHAR,GAYA,150103,196.6836879432624,189.87316083206494,188.58445735096518
BIHAR,GAYA,150104,203.27896995708156,189.87316083206494,188.58445735096518
BIHAR,GAYA,150105,194.458407079646,189.87316083206494,188.58445735096518
BIHAR,GAYA,150106,202.61328125,189.87316083206494,188.58445735096518
BIHAR,GAYA,150107,207.0021505376344,189.87316083206494,188.58445735096518
BIHAR,GAYA,150108,155.48082822085888,189.87316083206494,188.58445735096518
BIHAR,GOPALGANJ,151901,174.94944707740916,150.19218045112783,188.58445735096518
BIHAR,GOPALGANJ,151902,170.25081433224756,150.19218045112783,188.58445735096518
BIHAR,GOPALGANJ,151903,176.0148514851485,150.19218045112783,188.58445735096518
BIHAR,GOPALGANJ,151904,146.6804347826087,150.19218045112783,188.58445735096518
BIHAR,GOPALGANJ,151905,111.19434628975264,150.19218045112783,188.58445735096518
BIHAR,GOPALGANJ,151906,107.68998628257887,150.19218045112783,188.58445735096518
BIHAR,HAJIPUR,150301,191.68940493468796,182.3391497461929,188.58445735096518
BIHAR,HAJIPUR,150302,196.09393063583815,182.3391497461929,188.58445735096518
BIHAR,HAJIPUR,150303,199.98403483309144,182.3391497461929,188.58445735096518
BIHAR,HAJIPUR,150304,173.25467625899282,182.3391497461929,188.58445735096518
BIHAR,HAJIPUR,150305,125.99741602067184,182.3391497461929,188.58445735096518
BIHAR,JAMUI,152001,166.92822966507177,166.92822966507177,188.58445735096518
BIHAR,JEHANABAD,152101,198.96361355081555,185.1918505942275,188.58445735096518
BIHAR,JEHANABAD,152102,156.38320209973753,185.1918505942275,188.58445735096518
BIHAR,KATIHAR,152201,180.8181818181818,167.55384615384617,188.58445735096518
BIHAR,KATIHAR,152202,185.63239074550128,167.55384615384617,188.58445735096518
BIHAR,KATIHAR,152203,187.56484149855908,167.55384615384617,188.58445735096518
BIHAR,KATIHAR,152204,164.82894736842104,167.55384615384617,188.58445735096518
BIHAR,KATIHAR,152205,106.937106918239,167.55384615384617,188.58445735096518
BIHAR,KHAGARIA,152301,191.846547314578,161.14532520325204,188.58445735096518
BIHAR,KHAGARIA,152302,165.47540983606558,161.14532520325204,188.58445735096518
BIHAR,KHAGARIA,152303,114.87847222222223,161.14532520325204,188.58445735096518
BIHAR,LAKHISARAI,152401,190.37285902503294,190.37285902503294,188.58445735096518
BIHAR,MADHEPURA,152501,197.08097165991902,187.48250143430866,188.58445735096518
BIHAR,MADHEPURA,152502,187.76612903225808,187.48250143430866,188.58445735096518
BIHAR,MADHEPURA,152503,214.8989898989899,187.48250143430866,188.58445735096518
BIHAR,MADHEPURA,152504,165.08620689655172,187.48250143430866,188.58445735096518
BIHAR,MADHUBANI,150401,164.41473396998634,155.66666666666666,188.58445735096518
BIHAR,MADHUBANI,150402,170.76275862068965,155.66666666666666,188.58445735096518
BIHAR,MADHUBANI,150403,143.37055837563452,155.66666666666666,188.58445735096518
BIHAR,MADHUBANI,150404,141.0152224824356,155.66666666666666,188.58445735096518
BIHAR,MOTIHARI,152601,166.87179487179486,154.68256450351836,188.58445735096518
BIHAR,MOTIHARI,152602,165.0031746031746,154.68256450351836,188.58445735096518
BIHAR,MOTIHARI,152603,178.26521060842433,154.68256450351836,188.58445735096518
BIHAR,MOTIHARI,152604,170.1881188118812,154.68256450351836,188.58445735096518
BIHAR,MOTIHARI,152605,168.49385245901638,154.68256450351836,188.58445735096518
BIHAR,MOTIHARI,152606,187.6382113821138,154.68256450351836,188.58445735096518
BIHAR,MOTIHARI,152607,160.98595505617976,154.68256450351836,188.58445735096518
BIHAR,MOTIHARI,152608,124.93548387096774,154.68256450351836,188.58445735096518
BIHAR,MOTIHARI,152609,96.29328621908127,154.68256450351836,188.58445735096518
BIHAR,MOTIHARI,152610,106.02439024390245,154.68256450351836,188.58445735096518
BIHAR,MUNGER,152701,202.01183431952663,194.05405405405406,188.58445735096518
BIHAR,MUNGER,152702,185.85365853658536,194.05405405405406,188.58445735096518
BIHAR,MUZAFFARPUR,152801,188.94697674418606,183.47771412603046,188.58445735096518
BIHAR,MUZAFFARPUR,152802,186.2745341614907,183.47771412603046,188.58445735096518
BIHAR,MUZAFFARPUR,152803,192.86043165467626,183.47771412603046,188.58445735096518
BIHAR,MUZAFFARPUR,152804,195.26906474820143,183.47771412603046,188.58445735096518
BIHAR,MUZAFFARPUR,152805,179.28652482269504,183.47771412603046,188.58445735096518
BIHAR,MUZAFFARPUR,152806,189.04249291784703,183.47771412603046,188.58445735096518
BIHAR,MUZAFFARPUR,152807,193.30736543909347,183.47771412603046,188.58445735096518
BIHAR,MUZAFFARPUR,152808,193.87197724039828,183.47771412603046,188.58445735096518
BIHAR,MUZAFFARPUR,152809,147.8003748828491,183.47771412603046,188.58445735096518
BIHAR,NALANDA,150501,212.7464183381089,201.97119711971197,188.58445735096518
BIHAR,NALANDA,150502,216.65607476635515,201.97119711971197,188.58445735096518
BIHAR,NALANDA,150503,200.75435203094779,201.97119711971197,188.58445735096518
BIHAR,NALANDA,150504,207.10183299389,201.97119711971197,188.58445735096518
BIHAR,NALANDA,150505,220.30281690140845,201.97119711971197,188.58445735096518
BIHAR,NALANDA,150506,164.31831831831832,201.97119711971197,188.58445735096518
BIHAR,NAWADA,152901,195.37688442211055,183.34995206136145,188.58445735096518
BIHAR,NAWADA,152902,192.06565656565655,183.34995206136145,188.58445735096518
BIHAR,NAWADA,152903,150.26506024096386,183.34995206136145,188.58445735096518
BIHAR,PATNA,150201,225.98739977090491,215.53555496165944,188.58445735096518
BIHAR,PATNA,150202,215.28388131515638,215.53555496165944,188.58445735096518
BIHAR,PATNA,150203,222.48036006546644,215.53555496165944,188.58445735096518
BIHAR,PATNA,150204,221.32078699743371,215.53555496165944,188.58445735096518
BIHAR,PATNA,150205,219.93879310344826,215.53555496165944,188.58445735096518
BIHAR,PATNA,150206,228.90328467153284,215.53555496165944,188.58445735096518
BIHAR,PATNA,150207,225.1021555763824,215.53555496165944,188.58445735096518
BIHAR,PATNA,150208,225.1578947368421,215.53555496165944,188.58445735096518
BIHAR,PATNA,150209,230.04410256410256,215.53555496165944,188.58445735096518
BIHAR,PATNA,150210,217.40124095139606,215.53555496165944,188.58445735096518
BIHAR,PATNA,150211,225.14634146341464,215.53555496165944,188.58445735096518
BIHAR,PATNA,150212,224.81191222570533,215.53555496165944,188.58445735096518
BIHAR,PATNA,150213,214.73821989528795,215.53555496165944,188.58445735096518
BIHAR,PATNA,150214,222.17016806722688,215.53555496165944,188.58445735096518
BIHAR,PATNA,150215,213.93649085037674,215.53555496165944,188.58445735096518
BIHAR,PATNA,150216,213.67494600431965,215.53555496165944,188.58445735096518
BIHAR,PATNA,150217,214.29347826086956,215.53555496165944,188.58445735096518
BIHAR,PATNA,150218,223.17540106951873,215.53555496165944,188.58445735096518
BIHAR,PATNA,150219,217.80043149946061,215.53555496165944,188.58445735096518
BIHAR,PATNA,150220,213.25270758122744,215.53555496165944,188.58445735096518
BIHAR,PATNA,150221,228.16029593094945,215.53555496165944,188.58445735096518
BIHAR,PATNA,150222,208.96612296110413,215.53555496165944,188.58445735096518
BIHAR,PATNA,150223,217.8348623853211,215.53555496165944,188.58445735096518
BIHAR,PATNA,150224,213.6342105263158,215.53555496165944,188.58445735096518
BIHAR,PATNA,150225,210.92708333333334,215.53555496165944,188.58445735096518
BIHAR,PATNA,150226,220.808908045977,215.53555496165944,188.58445735096518
BIHAR,PATNA,150227,205.06543385490755,215.53555496165944,188.58445735096518
BIHAR,PATNA,150228,220.5056818181818,215.53555496165944,188.58445735096518
BIHAR,PATNA,150229,228.7136752136752,215.53555496165944,188.58445735096518
BIHAR,PATNA,150230,219.0214899713467,215.53555496165944,188.58445735096518
BIHAR,PATNA,150231,212.97402597402598,215.53555496165944,188.58445735096518
BIHAR,PATNA,150232,219.5515759312321,215.53555496165944,188.58445735096518
BIHAR,PATNA,150233,220.0803443328551,215.53555496165944,188.58445735096518
BIHAR,PATNA,150234,226.98245614035088,215.53555496165944,188.58445735096518
BIHAR,PATNA,150235,212.47368421052633,215.53555496165944,188.58445735096518
BIHAR,PATNA,150236,220.3193717277487,215.53555496165944,188.58445735096518
BIHAR,PATNA,150237,221.7948275862069,215.53555496165944,188.58445735096518
BIHAR,PATNA,150238,213.40619621342512,215.53555496165944,188.58445735096518
BIHAR,PATNA,150239,215.23601398601397,215.53555496165944,188.58445735096518
BIHAR,PATNA,150240,214.7084048027444,215.53555496165944,188.58445735096518
BIHAR,PATNA,150241,224.57538994800694,215.53555496165944,188.58445735096518
BIHAR,PATNA,150242,224.50342465753425,215.53555496165944,188.58445735096518
BIHAR,PATNA,150243,222.90701754385964,215.53555496165944,188.58445735096518
BIHAR,PATNA,150244,218.21478873239437,215.53555496165944,188.58445735096518
BIHAR,PATNA,150245,215.3384879725086,215.53555496165944,188.58445735096518
BIHAR,PATNA,150246,223.82668977469672,215.53555496165944,188.58445735096518
BIHAR,PATNA,150247,235.815834767642,215.53555496165944,188.58445735096518
BIHAR,PATNA,150248,219.12152777777777,215.53555496165944,188.58445735096518
BIHAR,PATNA,150249,227.66434782608695,215.53555496165944,188.58445735096518
BIHAR,PATNA,150250,224.09660107334525,215.53555496165944,188.58445735096518
BIHAR,PATNA,150251,222.2651515151515,215.53555496165944,188.58445735096518
BIHAR,PATNA,150252,216.10634328358208,215.53555496165944,188.58445735096518
BIHAR,PATNA,150253,215.9848484848485,215.53555496165944,188.58445735096518
BIHAR,PATNA,150254,225.79697624190064,215.53555496165944,188.58445735096518
BIHAR,PATNA,150255,217.7062634989201,215.53555496165944,188.58445735096518
BIHAR,PATNA,150256,226.79956896551724,215.53555496165944,188.58445735096518
BIHAR,PATNA,150257,167.12938596491227,215.53555496165944,188.58445735096518
BIHAR,PATNA,150258,184.79431072210065,215.53555496165944,188.58445735096518
BIHAR,PATNA,150259,187.32456140350877,215.53555496165944,188.58445735096518
BIHAR,PATNA,150260,178.4105504587156,215.53555496165944,188.58445735096518
BIHAR,PATNA,150261,184.65625,215.53555496165944,188.58445735096518
BIHAR,PATNA,150262,167.18536585365854,215.53555496165944,188.58445735096518
BIHAR,PATNA,150263,166.45641025641027,215.53555496165944,188.58445735096518
BIHAR,PATNA,150264,185.67313019390582,215.53555496165944,188.58445735096518
BIHAR,PATNA,150265,175.85142857142858,215.53555496165944,188.58445735096518
BIHAR,PATNA,150266,189.1549707602339,215.53555496165944,188.58445735096518
BIHAR,PATNA,150267,171.73559322033898,215.53555496165944,188.58445735096518
BIHAR,PATNA,150268,181.7245283018868,215.53555496165944,188.58445735096518
BIHAR,PATNA,150269,184.0,215.53555496165944,188.58445735096518
BIHAR,PATNA,150270,169.2901554404145,215.53555496165944,188.58445735096518
BIHAR,PURNEA,153001,184.3763157894737,181.52631578947367,188.58445735096518
BIHAR,PURNEA,153002,194.84629294755877,181.52631578947367,188.58445735096518
BIHAR,PURNEA,153003,188.72495088408644,181.52631578947367,188.58445735096518
BIHAR,PURNEA,153004,183.43092783505153,181.52631578947367,188.58445735096518
BIHAR,PURNEA,153005,194.09012875536482,181.52631578947367,188.58445735096518
BIHAR,PURNEA,153006,198.51908396946564,181.52631578947367,188.58445735096518
BIHAR,PURNEA,153007,135.33448873483536,181.52631578947367,188.58445735096518
BIHAR,SAMASTIPUR,153101,184.8468085106383,171.1509182858664,188.58445735096518
BIHAR,SAMASTIPUR,153102,200.5255681818182,171.1509182858664,188.58445735096518
BIHAR,SAMASTIPUR,153103,186.85616438356163,171.1509182858664,188.58445735096518
BIHAR,SAMASTIPUR,153104,181.1158301158301,171.1509182858664,188.58445735096518
BIHAR,SAMASTIPUR,153105,150.20325203252034,171.1509182858664,188.58445735096518
BIHAR,SAMASTIPUR,153106,125.57692307692308,171.1509182858664,188.58445735096518
BIHAR,SASARAM,153201,193.81214689265536,173.5274798927614,188.58445735096518
BIHAR,SASARAM,153202,183.73142857142858,173.5274798927614,188.58445735096518
BIHAR,SASARAM,153203,179.9355300859599,173.5274798927614,188.58445735096518
BIHAR,SASARAM,153204,148.53003003003002,173.5274798927614,188.58445735096518
BIHAR,SASARAM,153205,129.52358490566039,173.5274798927614,188.58445735096518
BIHAR,SHEIKHPURA,153301,155.95833333333334,155.95833333333334,188.58445735096518
BIHAR,SITAMARHI,150601,178.34236804564907,169.34050445103858,188.58445735096518
BIHAR,SITAMARHI,150602,182.91176470588235,169.34050445103858,188.58445735096518
BIHAR,SITAMARHI,150603,175.3106796116505,169.34050445103858,188.58445735096518
BIHAR,SITAMARHI,150604,152.52989690721648,169.34050445103858,188.58445735096518
BIHAR,SIWAN,153401,165.94302325581396,148.97206276310754,188.58445735096518
BIHAR,SIWAN,153402,174.91276041666666,148.97206276310754,188.58445735096518
BIHAR,SIWAN,153403,168.8673050615595,148.97206276310754,188.58445735096518
BIHAR,SIWAN,153404,176.56676136363637,148.97206276310754,188.58445735096518
BIHAR,SIWAN,153405,152.79555555555555,148.97206276310754,188.58445735096518
BIHAR,SIWAN,153406,107.90625,148.97206276310754,188.58445735096518
BIHAR,SIWAN,153407,98.52127659574468,148.97206276310754,188.58445735096518
BIHAR,SIWAN,153408,91.86127167630057,148.97206276310754,188.58445735096518
BIHAR,SUPAUL,153501,197.57719054242003,176.55193133047212,188.58445735096518
BIHAR,SUPAUL,153502,142.65695067264573,176.55193133047212,188.58445735096518
BIHAR,VAISHALI,150701,166.6094182825485,166.6094182825485,188.58445735096518
CHANDIGARH(UT),CHANDIGARH/MOHALI,160101,301.66808873720134,304.81671388101984,304.81671388101984
CHANDIGARH(UT),CHANDIGARH/MOHALI,160102,305.78090366581415,304.81671388101984,304.81671388101984
CHANDIGARH(UT),CHANDIGARH/MOHALI,160103,303.70170454545456,304.81671388101984,304.81671388101984
CHANDIGARH(UT),CHANDIGARH/MOHALI,160104,311.7692307692308,304.81671388101984,304.81671388101984
CHHATTISGARH,AMBIKAPUR,170401,186.25482625482624,163.39926103021082,185.6360841753125
CHHATTISGARH,AMBIKAPUR,170402,192.86968838526911,163.39926103021082,185.6360841753125
CHHATTISGARH,AMBIKAPUR,170403,191.21384928716904,163.39926103021082,185.6360841753125
CHHATTISGARH,AMBIKAPUR,170404,184.20081135902637,163.39926103021082,185.6360841753125
CHHATTISGARH,AMBIKAPUR,170405,165.33196721311475,163.39926103021082,185.6360841753125
CHHATTISGARH,AMBIKAPUR,170406,130.18930041152262,163.39926103021082,185.6360841753125
CHHATTISGARH,AMBIKAPUR,170407,116.78064516129032,163.39926103021082,185.6360841753125
CHHATTISGARH,AMBIKAPUR,170408,128.753125,163.39926103021082,185.6360841753125
CHHATTISGARH,AMBIKAPUR,170409,124.08181818181818,163.39926103021082,185.6360841753125
CHHATTISGARH,AMBIKAPUR,170410,119.565,163.39926103021082,185.6360841753125
CHHATTISGARH,BALOD,170501,139.8864864864865,117.8772378516624,185.6360841753125
CHHATTISGARH,BALOD,170502,98.1116504854369,117.8772378516624,185.6360841753125
CHHATTISGARH,BHILAI NAGAR/DURG,170101,258.07445008460235,228.7251746506986,185.6360841753125
CHHATTISGARH,BHILAI NAGAR/DURG,170102,240.34863945578232,228.7251746506986,185.6360841753125
CHHATTISGARH,BHILAI NAGAR/DURG,170103,243.17905405405406,228.7251746506986,185.6360841753125
CHHATTISGARH,BHILAI NAGAR/DURG,170104,238.48881239242684,228.7251746506986,185.6360841753125
CHHATTISGARH,BHILAI NAGAR/DURG,170105,254.27597955706986,228.7251746506986,185.6360841753125
CHHATTISGARH,BHILAI NAGAR/DURG,170106,236.6153846153846,228.7251746506986,185.6360841753125
CHHATTISGARH,BHILAI NAGAR/DURG,170107,244.66313559322035,228.7251746506986,185.6360841753125
CHHATTISGARH,BHILAI NAGAR/DURG,170108,251.3466386554622,228.7251746506986,185.6360841753125
CHHATTISGARH,BHILAI NAGAR/DURG,170109,233.53389830508473,228.7251746506986,185.6360841753125
CHHATTISGARH,BHILAI NAGAR/DURG,170110,213.62017167381975,228.7251746506986,185.6360841753125
CHHATTISGARH,BHILAI NAGAR/DURG,170111,208.59249329758714,228.7251746506986,185.6360841753125
CHHATTISGARH,BHILAI NAGAR/DURG,170112,197.46941678520625,228.7251746506986,185.6360841753125
CHHATTISGARH,BHILAI NAGAR/DURG,170113,199.9424703891709,228.7251746506986,185.6360841753125
CHHATTISGARH,BHILAI NAGAR/DURG,170114,205.1061776061776,228.7251746506986,185.6360841753125
CHHATTISGARH,BHILAI NAGAR/DURG,170115,202.15151515151516,228.7251746506986,185.6360841753125
CHHATTISGARH,BIJAPUR,170601,104.11111111111111,104.11111111111111,185.6360841753125
CHHATTISGARH,BILASPUR (CG),170201,230.81545741324922,194.86801160337552,185.6360841753125
CHHATTISGARH,BILASPUR (CG),170202,218.17094017094018,194.86801160337552,185.6360841753125
CHHATTISGARH,BILASPUR (CG),170203,215.6388415672913,194.86801160337552,185.6360841753125
CHHATTISGARH,BILASPUR (CG),170204,222.06238859180036,194.86801160337552,185.6360841753125
CHHATTISGARH,BILASPUR (CG),170205,229.09302325581396,194.86801160337552,185.6360841753125
CHHATTISGARH,BILASPUR (CG),170206,218.56983240223462,194.86801160337552,185.6360841753125
CHHATTISGARH,BILASPUR (CG),170207,230.3271028037383,194.86801160337552,185.6360841753125
CHHATTISGARH,BILASPUR (CG),170208,181.89411764705883,194.86801160337552,185.6360841753125
CHHATTISGARH,BILASPUR (CG),170209,155.9009900990099,194.86801160337552,185.6360841753125
CHHATTISGARH,BILASPUR (CG),170210,161.69484536082473,194.86801160337552,185.6360841753125
CHHATTISGARH,BILASPUR (CG),170211,160.25879917184264,194.86801160337552,185.6360841753125
CHHATTISGARH,BILASPUR (CG),170212,159.73181818181817,194.86801160337552,185.6360841753125
CHHATTISGARH,BILASPUR (CG),170213,162.73333333333332,194.86801160337552,185.6360841753125
CHHATTISGARH,BILASPUR (CG),170214,163.62273901808786,194.86801160337552,185.6360841753125
CHHATTISGARH,BILASPUR (CG),170215,153.98876404494382,194.86801160337552,185.6360841753125
CHHATTISGARH,DANTEWADA,170701,137.14148681055156,108.10313315926894,185.6360841753125
CHHATTISGARH,DANTEWADA,170702,73.40687679083095,108.10313315926894,185.6360841753125
CHHATTISGARH,DHAMTARI,170801,189.80625,167.25879170423806,185.6360841753125
CHHATTISGARH,DHAMTARI,170802,136.4904051172708,167.25879170423806,185.6360841753125
CHHATTISGARH,JAGDALPUR,170901,166.74338085539713,135.13718662952647,185.6360841753125
CHHATTISGARH,JAGDALPUR,170902,143.47942386831275,135.13718662952647,185.6360841753125
CHHATTISGARH,JAGDALPUR,170903,92.49455337690632,135.13718662952647,185.6360841753125
CHHATTISGARH,JANJGIR,171001,192.02777777777777,163.66569555717408,185.6360841753125
CHHATTISGARH,JANJGIR,171002,166.5264483627204,163.66569555717408,185.6360841753125
CHHATTISGARH,JANJGIR,171003,125.93348623853211,163.66569555717408,185.6360841753125
CHHATTISGARH,KANKER,171101,144.48972602739727,112.72068707991038,185.6360841753125
CHHATTISGARH,KANKER,171102,87.50656167979002,112.72068707991038,185.6360841753125
CHHATTISGARH,KANKER,171103,88.79946524064171,112.72068707991038,185.6360841753125
CHHATTISGARH,KONDAGAON,171201,156.48768472906403,115.04426559356136,185.6360841753125
CHHATTISGARH,KONDAGAON,171202,86.42857142857143,115.04426559356136,185.6360841753125
CHHATTISGARH,KORBA,171301,191.88272921108742,167.37206572769952,185.6360841753125
CHHATTISGARH,KORBA,171302,203.52219873150105,167.37206572769952,185.6360841753125
CHHATTISGARH,KORBA,171303,129.8464566929134,167.37206572769952,185.6360841753125
CHHATTISGARH,MAHASAMUND,171401,194.73087818696885,161.1429933269781,185.6360841753125
CHHATTISGARH,MAHASAMUND,171402,167.62835249042146,161.1429933269781,185.6360841753125
CHHATTISGARH,MAHASAMUND,171403,133.30241935483872,161.1429933269781,185.6360841753125
CHHATTISGARH,MAHASAMUND,171404,125.6096256684492,161.1429933269781,185.6360841753125
CHHATTISGARH,MANENDRAGARH,171901,164.11238095238096,164.11238095238096,185.6360841753125
CHHATTISGARH,NARAYANPUR,171501,76.94086021505376,76.94086021505376,185.6360841753125
CHHATTISGARH,RAIGARH,171601,210.79293544457977,182.64104842292315,185.6360841753125
CHHATTISGARH,RAIGARH,171602,208.36764705882354,182.64104842292315,185.6360841753125
CHHATTISGARH,RAIGARH,171603,158.91341991341992,182.64104842292315,185.6360841753125
CHHATTISGARH,RAIGARH,171604,125.17153284671532,182.64104842292315,185.6360841753125
CHHATTISGARH,RAIGARH,171605,142.96330275229357,182.64104842292315,185.6360841753125
CHHATTISGARH,RAIPUR,170301,228.7735399284863,207.18520956769805,185.6360841753125
CHHATTISGARH,RAIPUR,170302,226.6157142857143,207.18520956769805,185.6360841753125
CHHATTISGARH,RAIPUR,170303,239.58798283261802,207.18520956769805,185.6360841753125
CHHATTISGARH,RAIPUR,170304,222.4756838905775,207.18520956769805,185.6360841753125
CHHATTISGARH,RAIPUR,170305,228.3275039745628,207.18520956769805,185.6360841753125
CHHATTISGARH,RAIPUR,170306,230.5561694290976,207.18520956769805,185.6360841753125
CHHATTISGARH,RAIPUR,170307,242.4989816700611,207.18520956769805,185.6360841753125
CHHATTISGARH,RAIPUR,170308,237.03434343434344,207.18520956769805,185.6360841753125
CHHATTISGARH,RAIPUR,170309,236.51923076923077,207.18520956769805,185.6360841753125
CHHATTISGARH,RAIPUR,170310,235.3127659574468,207.18520956769805,185.6360841753125
CHHATTISGARH,RAIPUR,170311,154.40127388535032,207.18520956769805,185.6360841753125
CHHATTISGARH,RAIPUR,170312,160.26508620689654,207.18520956769805,185.6360841753125
CHHATTISGARH,RAIPUR,170313,159.82646420824295,207.18520956769805,185.6360841753125
CHHATTISGARH,RAIPUR,170314,159.60459770114943,207.18520956769805,185.6360841753125
CHHATTISGARH,RAIPUR,170315,149.64476885644768,207.18520956769805,185.6360841753125
CHHATTISGARH,RAIPUR,170316,169.64469914040114,207.18520956769805,185.6360841753125
CHHATTISGARH,RAIPUR,170317,162.80979284369116,207.18520956769805,185.6360841753125
CHHATTISGARH,RAJNANDGAON,171701,210.42821782178217,166.60226659471127,185.6360841753125
CHHATTISGARH,RAJNANDGAON,171702,200.7922077922078,166.60226659471127,185.6360841753125
CHHATTISGARH,RAJNANDGAON,171703,171.2173913043478,166.60226659471127,185.6360841753125
CHHATTISGARH,RAJNANDGAON,171704,127.90666666666667,166.60226659471127,185.6360841753125
CHHATTISGARH,RAJNANDGAON,171705,135.7679180887372,166.60226659471127,185.6360841753125
CHHATTISGARH,RAJNANDGAON,171706,130.56626506024097,166.60226659471127,185.6360841753125
CHHATTISGARH,SUKMA,171801,100.16104868913858,100.16104868913858,185.6360841753125
DADRA AND NAGAR HAVELI (UT),SILVASSA,180101,235.33738601823708,221.93206296603148,221.93206296603148
DADRA AND NAGAR HAVELI (UT),SILVASSA,180102,232.22801302931597,221.93206296603148,221.93206296603148
DADRA AND NAGAR HAVELI (UT),SILVASSA,180103,238.23300970873785,221.93206296603148,221.93206296603148
DADRA AND NAGAR HAVELI (UT),SILVASSA,180104,173.8091603053435,221.93206296603148,221.93206296603148
DAMAN AND DIU (UT),DAMAN,190101,184.45669291338584,184.45669291338584,180.23927178153446
DAMAN AND DIU (UT),DIU,190201,172.03065134099617,172.03065134099617,180.23927178153446
DELHI,DELHI/NEW DELHI,200101,262.1787584143605,256.13643516417005,256.13643516417005
DELHI,DELHI/NEW DELHI,200102,252.77370417193427,256.13643516417005,256.13643516417005
DELHI,DELHI/NEW DELHI,200103,259.140562248996,256.13643516417005,256.13643516417005
DELHI,DELHI/NEW DELHI,200104,263.2507163323782,256.13643516417005,256.13643516417005
DELHI,DELHI/NEW DELHI,200105,251.93812949640287,256.13643516417005,256.13643516417005
DELHI,DELHI/NEW DELHI,200106,252.2863247863248,256.13643516417005,256.13643516417005
DELHI,DELHI/NEW DELHI,200107,256.1568345323741,256.13643516417005,256.13643516417005
DELHI,DELHI/NEW DELHI,200108,261.3677991137371,256.13643516417005,256.13643516417005
DELHI,DELHI/NEW DELHI,200109,244.14849921011057,256.13643516417005,256.13643516417005
DELHI,DELHI/NEW DELHI,200110,258.23714759535653,256.13643516417005,256.13643516417005
DELHI,DELHI/NEW DELHI,200111,256.0501730103806,256.13643516417005,256.13643516417005
DELHI,DELHI/NEW DELHI,200112,247.34341637010675,256.13643516417005,256.13643516417005
DELHI,DELHI/NEW DELHI,200113,257.5971074380165,256.13643516417005,256.13643516417005
DELHI,DELHI/NEW DELHI,200114,249.90086206896552,256.13643516417005,256.13643516417005
DELHI,DELHI/NEW DELHI,200115,245.89032258064515,256.13643516417005,256.13643516417005
DELHI,DELHI/NEW DELHI,200116,258.5323275862069,256.13643516417005,256.13643516417005
DELHI,DELHI/NEW DELHI,200117,245.68329718004338,256.13643516417005,256.13643516417005
DELHI,DELHI/NEW DELHI,200118,248.98488664987406,256.13643516417005,256.13643516417005
DELHI,DELHI/NEW DELHI,200119,249.11278195488723,256.13643516417005,256.13643516417005
DELHI,DELHI/NEW DELHI,200120,250.60152284263958,256.13643516417005,256.13643516417005
DELHI,DELHI/NEW DELHI,200121,265.24785100286533,256.13643516417005,256.13643516417005
DELHI,DELHI/NEW DELHI,200122,255.93543758967002,256.13643516417005,256.13643516417005
DELHI,DELHI/NEW DELHI,200123,244.86725663716814,256.13643516417005,256.13643516417005
DELHI,DELHI/NEW DELHI,200124,246.88191330343795,256.13643516417005,256.13643516417005
DELHI,DELHI/NEW DELHI,200125,254.6512027491409,256.13643516417005,256.13643516417005
DELHI,DELHI/NEW DELHI,200126,245.35191637630663,256.13643516417005,256.13643516417005
DELHI,DELHI/NEW DELHI,200127,244.72402044293014,256.13643516417005,256.13643516417005
DELHI,DELHI/NEW DELHI,200128,241.17837837837837,256.13643516417005,256.13643516417005
DELHI,DELHI/NEW DELHI,200129,250.64880952380952,256.13643516417005,256.13643516417005
DELHI,DELHI/NEW DELHI,200130,256.05737704918033,256.13643516417005,256.13643516417005
DELHI,DELHI/NEW DELHI,200131,253.84796573875803,256.13643516417005,256.13643516417005
DELHI,DELHI/NEW DELHI,200132,254.34271099744245,256.13643516417005,256.13643516417005
DELHI,DELHI/NEW DELHI,200133,251.19143576826195,256.13643516417005,256.13643516417005
DELHI,DELHI/NEW DELHI,200134,271.72334293948126,256.13643516417005,256.13643516417005
DELHI,DELHI/NEW DELHI,200135,266.09574468085106,256.13643516417005,256.13643516417005
DELHI,DELHI/NEW DELHI,200136,243.98924731182797,256.13643516417005,256.13643516417005
DELHI,DELHI/NEW DELHI,200137,256.7366548042705,256.13643516417005,256.13643516417005
DELHI,DELHI/NEW DELHI,200138,258.86224489795916,256.13643516417005,256.13643516417005
DELHI,DELHI/NEW DELHI,200139,262.4213305174234,256.13643516417005,256.13643516417005
DELHI,DELHI/NEW DELHI,200140,254.6286610878661,256.13643516417005,256.13643516417005
DELHI,DELHI/NEW DELHI,200141,251.68928950159068,256.13643516417005,256.13643516417005
DELHI,DELHI/NEW DELHI,200142,258.67765957446807,256.13643516417005,256.13643516417005
DELHI,DELHI/NEW DELHI,200143,260.9831045406547,256.13643516417005,256.13643516417005
DELHI,DELHI/NEW DELHI,200144,253.93419633225457,256.13643516417005,256.13643516417005
DELHI,DELHI/NEW DELHI,200145,262.80078125,256.13643516417005,256.13643516417005
DELHI,DELHI/NEW DELHI,200146,249.35256410256412,256.13643516417005,256.13643516417005
DELHI,DELHI/NEW DELHI,200147,251.2229845626072,256.13643516417005,256.13643516417005
DELHI,DELHI/NEW DELHI,200148,257.2517361111111,256.13643516417005,256.13643516417005
DELHI,DELHI/NEW DELHI,200149,258.4392014519056,256.13643516417005,256.13643516417005
DELHI,DELHI/NEW DELHI,200150,244.94347826086957,256.13643516417005,256.13643516417005
DELHI,DELHI/NEW DELHI,200151,253.40471092077087,256.13643516417005,256.13643516417005
DELHI,DELHI/NEW DELHI,200152,265.7237687366167,256.13643516417005,256.13643516417005
DELHI,DELHI/NEW DELHI,200153,240.87420042643924,256.13643516417005,256.13643516417005
DELHI,DELHI/NEW DELHI,200154,251.81578947368422,256.13643516417005,256.13643516417005
DELHI,DELHI/NEW DELHI,200155,273.04282655246254,256.13643516417005,256.13643516417005
DELHI,DELHI/NEW DELHI,200156,251.93333333333334,256.13643516417005,256.13643516417005
DELHI,DELHI/NEW DELHI,200157,263.54986522911054,256.13643516417005,256.13643516417005
DELHI,DELHI/NEW DELHI,200158,248.98765432098764,256.13643516417005,256.13643516417005
DELHI,DELHI/NEW DELHI,200159,260.35783633841885,256.13643516417005,256.13643516417005
DELHI,DELHI/NEW DELHI,200160,257.82646420824295,256.13643516417005,256.13643516417005
DELHI,DELHI/NEW DELHI,200161,241.82051282051282,256.13643516417005,256.13643516417005
DELHI,DELHI/NEW DELHI,200162,242.22916666666666,256.13643516417005,256.13643516417005
DELHI,DELHI/NEW DELHI,200163,252.8715953307393,256.13643516417005,256.13643516417005
DELHI,DELHI/NEW DELHI,200164,257.7581274382315,256.13643516417005,256.13643516417005
DELHI,DELHI/NEW DELHI,200165,254.1244573082489,256.13643516417005,256.13643516417005
DELHI,DELHI/NEW DELHI,200166,243.42485549132948,256.13643516417005,256.13643516417005
DELHI,DELHI/NEW DELHI,200167,254.92013888888889,256.13643516417005,256.13643516417005
DELHI,DELHI/NEW DELHI,200168,243.59652173913042,256.13643516417005,256.13643516417005
DELHI,DELHI/NEW DELHI,200169,257.7160714285714,256.13643516417005,256.13643516417005
DELHI,DELHI/NEW DELHI,200170,239.67509025270758,256.13643516417005,256.13643516417005
DELHI,DELHI/NEW DELHI,200171,263.6212121212121,256.13643516417005,256.13643516417005
DELHI,DELHI/NEW DELHI,200172,253.8682505399568,256.13643516417005,256.13643516417005
DELHI,DELHI/NEW DELHI,200173,253.56076759061833,256.13643516417005,256.13643516417005
DELHI,DELHI/NEW DELHI,200174,257.5774336283186,256.13643516417005,256.13643516417005
DELHI,DELHI/NEW DELHI,200175,254.85470085470087,256.13643516417005,256.13643516417005
DELHI,DELHI/NEW DELHI,200176,246.51973684210526,256.13643516417005,256.13643516417005
DELHI,DELHI/NEW DELHI,200177,261.36739130434785,256.13643516417005,256.13643516417005
DELHI,DELHI/NEW DELHI,200178,262.3568376068376,256.13643516417005,256.13643516417005
DELHI,DELHI/NEW DELHI,200179,254.79022988505747,256.13643516417005,256.13643516417005
DELHI,DELHI/NEW DELHI,200180,271.84375,256.13643516417005,256.13643516417005
DELHI,DELHI/NEW DELHI,200181,248.62193362193364,256.13643516417005,256.13643516417005
DELHI,DELHI/NEW DELHI,200182,256.2146153846154,256.13643516417005,256.13643516417005
DELHI,DELHI/NEW DELHI,200183,260.8295128939828,256.13643516417005,256.13643516417005
DELHI,DELHI/NEW DELHI,200184,266.13419913419915,256.13643516417005,256.13643516417005
DELHI,DELHI/NEW DELHI,200185,253.0048231511254,256.13643516417005,256.13643516417005
DELHI,DELHI/NEW DELHI,200186,262.93388429752065,256.13643516417005,256.13643516417005
DELHI,DELHI/NEW DELHI,200187,259.6267123287671,256.13643516417005,256.13643516417005
DELHI,DELHI/NEW DELHI,200188,253.47027972027973,256.13643516417005,256.13643516417005
DELHI,DELHI/NEW DELHI,200189,261.06654676258995,256.13643516417005,256.13643516417005
DELHI,DELHI/NEW DELHI,200190,254.0854700854701,256.13643516417005,256.13643516417005
DELHI,DELHI/NEW DELHI,200191,245.45202558635395,256.13643516417005,256.13643516417005
DELHI,DELHI/NEW DELHI,200192,255.17357512953367,256.13643516417005,256.13643516417005
DELHI,DELHI/NEW DELHI,200201,262.14348302300107,256.13643516417005,256.13643516417005
DELHI,DELHI/NEW DELHI,200202,263.77101449275364,256.13643516417005,256.13643516417005
DELHI,DELHI/NEW DELHI,200203,263.69929078014184,256.13643516417005,256.13643516417005
DELHI,DELHI/NEW DELHI,200204,251.69309838472833,256.13643516417005,256.13643516417005
DELHI,DELHI/NEW DELHI,200205,257.0173611111111,256.13643516417005,256.13643516417005
DELHI,DELHI/NEW DELHI,200206,247.19039451114924,256.13643516417005,256.13643516417005
DELHI,DELHI/NEW DELHI,200207,262.0265306122449,256.13643516417005,256.13643516417005
DELHI,DELHI/NEW DELHI,200208,258.6012396694215,256.13643516417005,256.13643516417005
DELHI,DELHI/NEW DELHI,200209,248.7450980392157,256.13643516417005,256.13643516417005
DELHI,DELHI/NEW DELHI,200210,249.1007556675063,256.13643516417005,256.13643516417005
DELHI,DELHI/NEW DELHI,200211,247.608,256.13643516417005,256.13643516417005
DELHI,DELHI/NEW DELHI,200212,242.3360655737705,256.13643516417005,256.13643516417005
DELHI,DELHI/NEW DELHI,200213,263.7150997150997,256.13643516417005,256.13643516417005
DELHI,DELHI/NEW DELHI,200214,302.984126984127,256.13643516417005,256.13643516417005
DELHI,DELHI/NEW DELHI,200215,275.773851590106,256.13643516417005,256.13643516417005
DELHI,DELHI/NEW DELHI,200216,295.5704467353952,256.13643516417005,256.13643516417005
DELHI,DELHI/NEW DELHI,200217,280.92857142857144,256.13643516417005,256.13643516417005
DELHI,DELHI/NEW DELHI,200218,278.68283582089555,256.13643516417005,256.13643516417005
DELHI,DELHI/NEW DELHI,200219,283.5098039215686,256.13643516417005,256.13643516417005
DELHI,DELHI/NEW DELHI,200220,260.69888475836433,256.13643516417005,256.13643516417005
DELHI,DELHI/NEW DELHI,200221,285.81716417910445,256.13643516417005,256.13643516417005
DELHI,DELHI/NEW DELHI,200222,281.7509727626459,256.13643516417005,256.13643516417005
DELHI,DELHI/NEW DELHI,200223,297.99239543726236,256.13643516417005,256.13643516417005
DELHI,DELHI/NEW DELHI,200224,266.3137254901961,256.13643516417005,256.13643516417005
GOA,PANAJI/MADGAON/MARGAO,210101,211.02424242424243,204.77076411960132,196.67180527383368
GOA,PANAJI/MADGAON/MARGAO,210102,210.44390243902438,204.77076411960132,196.67180527383368
GOA,PANAJI/MADGAON/MARGAO,210103,210.59944751381215,204.77076411960132,196.67180527383368
GOA,PANAJI/MADGAON/MARGAO,210104,196.4542772861357,204.77076411960132,196.67180527383368
GOA,PANAJI/MADGAON/MARGAO,210105,192.5157593123209,204.77076411960132,196.67180527383368
GOA,PANAJI/MADGAON/MARGAO,210106,205.09798270893373,204.77076411960132,196.67180527383368
GOA,PANAJI/MADGAON/MARGAO,210107,209.01465201465203,204.77076411960132,196.67180527383368
GOA,PANAJI/MADGAON/MARGAO,210108,190.51785714285714,204.77076411960132,196.67180527383368
GOA,PANAJI/MADGAON/MARGAO,210109,204.15811965811966,204.77076411960132,196.67180527383368
GOA,PANAJI/MADGAON/MARGAO,210110,195.38297872340425,204.77076411960132,196.67180527383368
GOA,PANAJI/MADGAON/MARGAO,210111,211.80586080586082,204.77076411960132,196.67180527383368
GOA,PONDA,210201,168.27665706051874,174.4764795144158,196.67180527383368
GOA,PONDA,210202,173.74147727272728,174.4764795144158,196.67180527383368
GOA,PONDA,210203,166.06949806949808,174.4764795144158,196.67180527383368
GOA,PONDA,210204,194.50738916256157,174.4764795144158,196.67180527383368
GOA,PONDA,210205,177.79617834394904,174.4764795144158,196.67180527383368
GUJARAT,AHMEDABAD,220101,300.5609756097561,259.71687108671415,245.13840969730427
GUJARAT,AHMEDABAD,220102,285.8718626155879,259.71687108671415,245.13840969730427
GUJARAT,AHMEDABAD,220103,286.31962864721487,259.71687108671415,245.13840969730427
GUJARAT,AHMEDABAD,220104,278.26524822695035,259.71687108671415,245.13840969730427
GUJARAT,AHMEDABAD,220105,286.22143864598024,259.71687108671415,245.13840969730427
GUJARAT,AHMEDABAD,220106,284.7920227920228,259.71687108671415,245.13840969730427
GUJARAT,AHMEDABAD,220107,289.4822485207101,259.71687108671415,245.13840969730427
GUJARAT,AHMEDABAD,220108,300.33617747440275,259.71687108671415,245.13840969730427
GUJARAT,AHMEDABAD,220109,290.6809605488851,259.71687108671415,245.13840969730427
GUJARAT,AHMEDABAD,220110,222.25591397849462,259.71687108671415,245.13840969730427
GUJARAT,AHMEDABAD,220111,222.00632911392404,259.71687108671415,245.13840969730427
GUJARAT,AHMEDABAD,220112,221.3135593220339,259.71687108671415,245.13840969730427
GUJARAT,AHMEDABAD,220113,221.69444444444446,259.71687108671415,245.13840969730427
GUJARAT,AHMEDABAD,220114,221.55957446808512,259.71687108671415,245.13840969730427
GUJARAT,AHMEDABAD,220115,219.56808510638297,259.71687108671415,245.13840969730427
GUJARAT,AHMEDABAD,220116,223.3448275862069,259.71687108671415,245.13840969730427
GUJARAT,AHMEDABAD,220117,222.11864406779662,259.71687108671415,245.13840969730427
GUJARAT,AHMEDABAD,220118,227.32059447983013,259.71687108671415,245.13840969730427
GUJARAT,AHMEDABAD,220119,238.87048832271762,259.71687108671415,245.13840969730427
GUJARAT,AHMEDABAD,220120,215.32011331444758,259.71687108671415,245.13840969730427
GUJARAT,AHMEDABAD,220121,226.5721649484536,259.71687108671415,245.13840969730427
GUJARAT,AMRELI,221301,222.81744421906694,216.01175318315376,245.13840969730427
GUJARAT,AMRELI,221302,212.82660332541568,216.01175318315376,245.13840969730427
GUJARAT,AMRELI,221303,197.18691588785046,216.01175318315376,245.13840969730427
GUJARAT,ANAND,220201,246.4322033898305,210.05650459921156,245.13840969730427
GUJARAT,ANAND,220202,256.25,210.05650459921156,245.13840969730427
GUJARAT,ANAND,220203,186.92857142857142,210.05650459921156,245.13840969730427
GUJARAT,ANAND,220204,178.68985507246376,210.05650459921156,245.13840969730427
GUJARAT,ANAND,220205,167.11304347826086,210.05650459921156,245.13840969730427
GUJARAT,ANAND,220206,183.82251082251082,210.05650459921156,245.13840969730427
GUJARAT,ANAND,220207,185.35403726708074,210.05650459921156,245.13840969730427
GUJARAT,BALASINOR,223101,149.54563106796115,149.54563106796115,245.13840969730427
GUJARAT,BANASKANTHA,221401,291.5569852941176,257.488537853978,245.13840969730427
GUJARAT,BANASKANTHA,221402,262.72594142259413,257.488537853978,245.13840969730427
GUJARAT,BANASKANTHA,221403,252.80631578947367,257.488537853978,245.13840969730427
GUJARAT,BANASKANTHA,221404,255.05919661733614,257.488537853978,245.13840969730427
GUJARAT,BANASKANTHA,221405,249.8071278825996,257.488537853978,245.13840969730427
GUJARAT,BANASKANTHA,221406,257.45118733509236,257.488537853978,245.13840969730427
GUJARAT,BANASKANTHA,221407,245.5897435897436,257.488537853978,245.13840969730427
GUJARAT,BANASKANTHA,221408,254.70422535211267,257.488537853978,245.13840969730427
GUJARAT,BANASKANTHA,221409,267.07563025210084,257.488537853978,245.13840969730427
GUJARAT,BANASKANTHA,221410,264.4825174825175,257.488537853978,245.13840969730427
GUJARAT,BANASKANTHA,221411,248.65371024734984,257.488537853978,245.13840969730427
GUJARAT,BANASKANTHA,221412,229.01048951048952,257.488537853978,245.13840969730427
GUJARAT,BANASKANTHA,221413,249.53076923076924,257.488537853978,245.13840969730427
GUJARAT,BANASKANTHA,221414,249.3101604278075,257.488537853978,245.13840969730427
GUJARAT,BHARUCH,221501,251.0938775510204,205.16759776536313,245.13840969730427
GUJARAT,BHARUCH,221502,224.02350427350427,205.16759776536313,245.13840969730427
GUJARAT,BHARUCH,221503,161.42352941176472,205.16759776536313,245.13840969730427
GUJARAT,BHARUCH,221504,159.25857519788917,205.16759776536313,245.13840969730427
GUJARAT,BHARUCH,221505,158.43262411347519,205.16759776536313,245.13840969730427
GUJARAT,BHAVNAGAR,220301,369.40909090909093,334.0179310344828,245.13840969730427
GUJARAT,BHAVNAGAR,220302,337.5660377358491,334.0179310344828,245.13840969730427
GUJARAT,BHAVNAGAR,220303,333.05845511482255,334.0179310344828,245.13840969730427
GUJARAT,BHAVNAGAR,220304,313.85564853556485,334.0179310344828,245.13840969730427
GUJARAT,BHAVNAGAR,220305,330.4685863874345,334.0179310344828,245.13840969730427
GUJARAT,BHAVNAGAR,220306,325.4921465968586,334.0179310344828,245.13840969730427
GUJARAT,BHAVNAGAR,220307,322.46796657381617,334.0179310344828,245.13840969730427
GUJARAT,BHAVNAGAR,220308,337.4453781512605,334.0179310344828,245.13840969730427
GUJARAT,BHAVNAGAR,220309,323.41782729805016,334.0179310344828,245.13840969730427
GUJARAT,BHAVNAGAR,220310,322.8022284122563,334.0179310344828,245.13840969730427
GUJARAT,BHAVNAGAR,220311,342.07784431137725,334.0179310344828,245.13840969730427
GUJARAT,BHAVNAGAR,220312,332.1655844155844,334.0179310344828,245.13840969730427
GUJARAT,BHAVNAGAR,220313,327.26666666666665,334.0179310344828,245.13840969730427
GUJARAT,BHAVNAGAR,220314,346.06666666666666,334.0179310344828,245.13840969730427
GUJARAT,BHAVNAGAR,220315,327.53389830508473,334.0179310344828,245.13840969730427
GUJARAT,BHAVNAGAR,220316,338.125,334.0179310344828,245.13840969730427
GUJARAT,BHUJ,221201,279.6551724137931,257.60091220068415,245.13840969730427
GUJARAT,BHUJ,221202,279.7792207792208,257.60091220068415,245.13840969730427
GUJARAT,BHUJ,221203,241.15189873417722,257.60091220068415,245.13840969730427
GUJARAT,BHUJ,221204,221.77401129943502,257.60091220068415,245.13840969730427
GUJARAT,BOTAD,221601,242.8984238178634,242.8984238178634,245.13840969730427
GUJARAT,DAHOD,221701,200.65991902834008,136.53028064992614,245.13840969730427
GUJARAT,DAHOD,221702,124.30536912751678,136.53028064992614,245.13840969730427
GUJARAT,DAHOD,221703,112.33333333333333,136.53028064992614,245.13840969730427
GUJARAT,DAHOD,221704,123.62608695652175,136.53028064992614,245.13840969730427
GUJARAT,DAHOD,221705,111.49228791773778,136.53028064992614,245.13840969730427
GUJARAT,GANDHIDHAM,221101,311.68345323741005,275.5268987341772,245.13840969730427
GUJARAT,GANDHIDHAM,221102,272.3671497584541,275.5268987341772,245.13840969730427
GUJARAT,GANDHIDHAM,221103,211.59863945578232,275.5268987341772,245.13840969730427
GUJARAT,GANDHINAGAR,220401,272.1656652360515,238.02224340641882,245.13840969730427
GUJARAT,GANDHINAGAR,220402,221.81507823613086,238.02224340641882,245.13840969730427
GUJARAT,GANDHINAGAR,220403,218.546875,238.02224340641882,245.13840969730427
GUJARAT,GANDHINAGAR,220404,212.50434782608696,238.02224340641882,245.13840969730427
GUJARAT,GODHRA,220501,157.72276688453158,154.22020933977456,245.13840969730427
GUJARAT,GODHRA,220502,144.2962962962963,154.22020933977456,245.13840969730427
GUJARAT,HIMATNAGAR,221801,189.60271646859084,175.25111925111926,245.13840969730427
GUJARAT,HIMATNAGAR,221802,167.42194092827003,175.25111925111926,245.13840969730427
GUJARAT,HIMATNAGAR,221803,149.16447368421052,175.25111925111926,245.13840969730427
GUJARAT,HIMATNAGAR,221804,159.24170616113744,175.25111925111926,245.13840969730427
GUJARAT,HIMATNAGAR,221805,168.7448275862069,175.25111925111926,245.13840969730427
GUJARAT,JAMNAGAR,221901,325.3497326203209,291.20475319926874,245.13840969730427
GUJARAT,JAMNAGAR,221902,276.0230496453901,291.20475319926874,245.13840969730427
GUJARAT,JAMNAGAR,221903,254.4262295081967,291.20475319926874,245.13840969730427
GUJARAT,JAMNAGAR,221904,261.9732824427481,291.20475319926874,245.13840969730427
GUJARAT,JUNAGADH,222001,285.9010840108401,265.04818744473914,245.13840969730427
GUJARAT,JUNAGADH,222002,252.73661971830987,265.04818744473914,245.13840969730427
GUJARAT,JUNAGADH,222003,256.5008431703204,265.04818744473914,245.13840969730427
GUJARAT,JUNAGADH,222004,257.9004524886878,265.04818744473914,245.13840969730427
GUJARAT,KADI,222101,185.11328125,185.11328125,245.13840969730427
GUJARAT,KHEDA,222201,169.93927125506073,169.93927125506073,245.13840969730427
GUJARAT,MEHSANA,222301,218.16462736373748,206.0068493150685,245.13840969730427
GUJARAT,MEHSANA,222302,194.69453734671126,206.0068493150685,245.13840969730427
GUJARAT,MEHSANA,222303,198.33333333333334,206.0068493150685,245.13840969730427
GUJARAT,MODASA,222401,194.42584745762713,191.7445855115758,245.13840969730427
GUJARAT,MODASA,222402,178.89488636363637,191.7445855115758,245.13840969730427
GUJARAT,MODASA,222403,199.03169014084506,191.7445855115758,245.13840969730427
GUJARAT,MODASA,222404,196.8874458874459,191.7445855115758,245.13840969730427
GUJARAT,NARMADA,222501,112.53766233766234,112.53766233766234,245.13840969730427
GUJARAT,NAVSARI,222601,234.69915254237287,187.4986282578875,245.13840969730427
GUJARAT,NAVSARI,222602,173.3050505050505,187.4986282578875,245.13840969730427
GUJARAT,NAVSARI,222603,172.8619957537155,187.4986282578875,245.13840969730427
GUJARAT,NAVSARI,222604,174.4034090909091,187.4986282578875,245.13840969730427
GUJARAT,NAVSARI,222605,170.1244019138756,187.4986282578875,245.13840969730427
GUJARAT,NAVSARI,222606,177.2663043478261,187.4986282578875,245.13840969730427
GUJARAT,NAVSARI,222607,168.63581488933602,187.4986282578875,245.13840969730427
GUJARAT,PATAN,220601,231.6899488926746,226.6920950801548,245.13840969730427
GUJARAT,PATAN,220602,219.4102564102564,226.6920950801548,245.13840969730427
GUJARAT,PATAN,220603,229.5126582278481,226.6920950801548,245.13840969730427
GUJARAT,PATAN,220604,226.62576687116564,226.6920950801548,245.13840969730427
GUJARAT,PORBANDAR,222701,204.78125,204.78125,245.13840969730427
GUJARAT,RAJKOT,220701,374.9923780487805,333.8801508590585,245.13840969730427
GUJARAT,RAJKOT,220702,314.780487804878,333.8801508590585,245.13840969730427
GUJARAT,RAJKOT,220703,326.5656970912738,333.8801508590585,245.13840969730427
GUJARAT,RAJKOT,220704,314.7943548387097,333.8801508590585,245.13840969730427
GUJARAT,RAJKOT,220705,323.1294964028777,333.8801508590585,245.13840969730427
GUJARAT,RAJKOT,220706,316.0488771466314,333.8801508590585,245.13840969730427
GUJARAT,RAJKOT,220707,305.5583038869258,333.8801508590585,245.13840969730427
GUJARAT,SURAT,220801,281.7818181818182,270.77426675977654,245.13840969730427
GUJARAT,SURAT,220802,278.8936170212766,270.77426675977654,245.13840969730427
GUJARAT,SURAT,220803,278.58767268862914,270.77426675977654,245.13840969730427
GUJARAT,SURAT,220804,269.57547169811323,270.77426675977654,245.13840969730427
GUJARAT,SURAT,220805,268.7349570200573,270.77426675977654,245.13840969730427
GUJARAT,SURAT,220806,250.00296296296295,270.77426675977654,245.13840969730427
GUJARAT,SURAT,220807,267.56302521008405,270.77426675977654,245.13840969730427
GUJARAT,SURAT,220808,272.2664418212479,270.77426675977654,245.13840969730427
GUJARAT,SURAT,220809,262.49649122807017,270.77426675977654,245.13840969730427
GUJARAT,SURAT,220810,280.25174825174827,270.77426675977654,245.13840969730427
GUJARAT,SURAT,220811,280.0381526104418,270.77426675977654,245.13840969730427
GUJARAT,SURAT,220812,269.60764587525154,270.77426675977654,245.13840969730427
GUJARAT,SURAT,220813,273.58736842105264,270.77426675977654,245.13840969730427
GUJARAT,SURAT,220814,270.57112526539277,270.77426675977654,245.13840969730427
GUJARAT,SURAT,220815,255.72784810126583,270.77426675977654,245.13840969730427
GUJARAT,SURAT,220816,273.2997198879552,270.77426675977654,245.13840969730427
GUJARAT,SURAT,220817,267.8732394366197,270.77426675977654,245.13840969730427
GUJARAT,SURAT,220818,265.5084269662921,270.77426675977654,245.13840969730427
GUJARAT,SURAT,220819,261.8757062146893,270.77426675977654,245.13840969730427
GUJARAT,SURAT,220820,254.31333333333333,270.77426675977654,245.13840969730427
GUJARAT,SURENDRANAGAR,222801,254.6346153846154,253.02165196471532,245.13840969730427
GUJARAT,SURENDRANAGAR,222802,249.0381679389313,253.02165196471532,245.13840969730427
GUJARAT,SURENDRANAGAR,222803,238.7423076923077,253.02165196471532,245.13840969730427
GUJARAT,SURENDRANAGAR,222804,266.8270042194093,253.02165196471532,245.13840969730427
GUJARAT,SURENDRANAGAR,222805,258.59659090909093,253.02165196471532,245.13840969730427
GUJARAT,VADODARA,220901,282.5,232.0309642226857,245.13840969730427
GUJARAT,VADODARA,220902,300.833904109589,232.0309642226857,245.13840969730427
GUJARAT,VADODARA,220903,284.88339222614843,232.0309642226857,245.13840969730427
GUJARAT,VADODARA,220904,267.6362038664323,232.0309642226857,245.13840969730427
GUJARAT,VADODARA,220905,294.13490364025694,232.0309642226857,245.13840969730427
GUJARAT,VADODARA,220906,273.77896995708153,232.0309642226857,245.13840969730427
GUJARAT,VADODARA,220907,175.57204301075268,232.0309642226857,245.13840969730427
GUJARAT,VADODARA,220908,154.11163895486936,232.0309642226857,245.13840969730427
GUJARAT,VADODARA,220909,169.60106382978722,232.0309642226857,245.13840969730427
GUJARAT,VADODARA,220910,178.0458221024259,232.0309642226857,245.13840969730427
GUJARAT,VADODARA,220911,165.9140401146132,232.0309642226857,245.13840969730427
GUJARAT,VADODARA,220912,174.16954022988506,232.0309642226857,245.13840969730427
GUJARAT,VADODARA,220913,165.62571428571428,232.0309642226857,245.13840969730427
GUJARAT,VADODARA,220914,156.28099173553719,232.0309642226857,245.13840969730427
GUJARAT,VALSAD/VAPI,221001,218.84417549167927,181.98098159509203,245.13840969730427
GUJARAT,VALSAD/VAPI,221002,211.70035460992906,181.98098159509203,245.13840969730427
GUJARAT,VALSAD/VAPI,221003,204.04070796460178,181.98098159509203,245.13840969730427
GUJARAT,VALSAD/VAPI,221004,139.08113590263693,181.98098159509203,245.13840969730427
GUJARAT,VALSAD/VAPI,221005,161.5108695652174,181.98098159509203,245.13840969730427
GUJARAT,VALSAD/VAPI,221006,145.66666666666666,181.98098159509203,245.13840969730427
GUJARAT,VALSAD/VAPI,221007,143.17350746268656,181.98098159509203,245.13840969730427
GUJARAT,VERAVAL,222901,211.6271186440678,190.71449170872387,245.13840969730427
GUJARAT,VERAVAL,222902,179.0453172205438,190.71449170872387,245.13840969730427
GUJARAT,VERAVAL,222903,180.4263698630137,190.71449170872387,245.13840969730427
GUJARAT,VYARA,223001,167.48305084745763,147.54137267479155,245.13840969730427
GUJARAT,VYARA,223002,144.80519480519482,147.54137267479155,245.13840969730427
GUJARAT,VYARA,223003,140.2051282051282,147.54137267479155,245.13840969730427
GUJARAT,VYARA,223004,157.4915254237288,147.54137267479155,245.13840969730427
GUJARAT,VYARA,223005,137.4585152838428,147.54137267479155,245.13840969730427
GUJARAT,VYARA,223006,132.05263157894737,147.54137267479155,245.13840969730427
GUJARAT,VYARA,223007,150.23152709359607,147.54137267479155,245.13840969730427
HARYANA,AMBALA,230301,250.97113997113996,250.64574509048902,261.34981044036164
HARYANA,AMBALA,230302,246.42918454935622,250.64574509048902,261.34981044036164
HARYANA,AMBALA,230303,264.243956043956,250.64574509048902,261.34981044036164
HARYANA,AMBALA,230304,252.2997858672377,250.64574509048902,261.34981044036164
HARYANA,AMBALA,230305,235.67137809187278,250.64574509048902,261.34981044036164
HARYANA,BHIWANI,230501,255.51880877742946,281.3241984105234,261.34981044036164
HARYANA,BHIWANI,230502,266.19561815336465,281.3241984105234,261.34981044036164
HARYANA,BHIWANI,230503,264.6241134751773,281.3241984105234,261.34981044036164
HARYANA,BHIWANI,230504,254.98938053097345,281.3241984105234,261.34981044036164
HARYANA,BHIWANI,230505,258.7046332046332,281.3241984105234,261.34981044036164
HARYANA,BHIWANI,230506,343.5365853658537,281.3241984105234,261.34981044036164
HARYANA,BHIWANI,230507,386.46347607052894,281.3241984105234,261.34981044036164
HARYANA,FARIDABAD,230101,256.69978858350953,261.80060746828656,261.34981044036164
HARYANA,FARIDABAD,230102,252.18162393162393,261.80060746828656,261.34981044036164
HARYANA,FARIDABAD,230103,267.771855010661,261.80060746828656,261.34981044036164
HARYANA,FARIDABAD,230104,265.78969957081546,261.80060746828656,261.34981044036164
HARYANA,FARIDABAD,230105,239.42241379310346,261.80060746828656,261.34981044036164
HARYANA,FARIDABAD,230106,259.1,261.80060746828656,261.34981044036164
HARYANA,FARIDABAD,230107,260.27065527065525,261.80060746828656,261.34981044036164
HARYANA,FARIDABAD,230108,270.8551136363636,261.80060746828656,261.34981044036164
HARYANA,FARIDABAD,230109,255.382183908046,261.80060746828656,261.34981044036164
HARYANA,FARIDABAD,230110,278.5635838150289,261.80060746828656,261.34981044036164
HARYANA,FARIDABAD,230111,271.4589235127479,261.80060746828656,261.34981044036164
HARYANA,FARIDABAD,230112,254.32624113475177,261.80060746828656,261.34981044036164
HARYANA,FARIDABAD,230113,251.68794326241135,261.80060746828656,261.34981044036164
HARYANA,FARIDABAD,230114,266.13028169014086,261.80060746828656,261.34981044036164
HARYANA,FARIDABAD,230115,292.42672413793105,261.80060746828656,261.34981044036164
HARYANA,FARIDABAD,230116,251.3678756476684,261.80060746828656,261.34981044036164
HARYANA,GURUGRAM,230201,264.4536312849162,271.1301617208353,261.34981044036164
HARYANA,GURUGRAM,230202,271.2831541218638,271.1301617208353,261.34981044036164
HARYANA,GURUGRAM,230203,259.83700980392155,271.1301617208353,261.34981044036164
HARYANA,GURUGRAM,230204,261.968253968254,271.1301617208353,261.34981044036164
HARYANA,GURUGRAM,230205,264.2776203966006,271.1301617208353,261.34981044036164
HARYANA,GURUGRAM,230206,282.1273666092943,271.1301617208353,261.34981044036164
HARYANA,GURUGRAM,230207,264.73056994818654,271.1301617208353,261.34981044036164
HARYANA,GURUGRAM,230208,266.434034416826,271.1301617208353,261.34981044036164
HARYANA,GURUGRAM,230209,282.1709401709402,271.1301617208353,261.34981044036164
HARYANA,GURUGRAM,230210,348.0848708487085,271.1301617208353,261.34981044036164
HARYANA,HISSAR,230601,252.38448566610455,277.9251474368668,261.34981044036164
HARYANA,HISSAR,230602,275.30531732418524,277.9251474368668,261.34981044036164
HARYANA,HISSAR,230603,266.19210977701545,277.9251474368668,261.34981044036164
HARYANA,HISSAR,230604,262.52122241086585,277.9251474368668,261.34981044036164
HARYANA,HISSAR,230605,268.9392857142857,277.9251474368668,261.34981044036164
HARYANA,HISSAR,230606,266.4806517311609,277.9251474368668,261.34981044036164
HARYANA,HISSAR,230607,270.76673427991886,277.9251474368668,261.34981044036164
HARYANA,HISSAR,230608,263.3298969072165,277.9251474368668,261.34981044036164
HARYANA,HISSAR,230609,268.6591836734694,277.9251474368668,261.34981044036164
HARYANA,HISSAR,230610,278.213567839196,277.9251474368668,261.34981044036164
HARYANA,HISSAR,230611,263.4703947368421,277.9251474368668,261.34981044036164
HARYANA,HISSAR,230612,282.6928104575163,277.9251474368668,261.34981044036164
HARYANA,HISSAR,230613,350.54276315789474,277.9251474368668,261.34981044036164
HARYANA,HISSAR,230614,368.08755760368666,277.9251474368668,261.34981044036164
HARYANA,JHAJJAR,230701,232.59716599190284,242.64774381368267,261.34981044036164
HARYANA,JHAJJAR,230702,231.26829268292684,242.64774381368267,261.34981044036164
HARYANA,JHAJJAR,230703,269.87371134020617,242.64774381368267,261.34981044036164
HARYANA,JIND,230801,255.269918699187,252.03959899749373,261.34981044036164
HARYANA,JIND,230802,240.51116071428572,252.03959899749373,261.34981044036164
HARYANA,JIND,230803,248.18543046357615,252.03959899749373,261.34981044036164
HARYANA,JIND,230804,258.93174603174606,252.03959899749373,261.34981044036164
HARYANA,KAITHAL,230901,256.7356076759062,254.6602465331279,261.34981044036164
HARYANA,KAITHAL,230902,251.73295454545453,254.6602465331279,261.34981044036164
HARYANA,KAITHAL,230903,244.37012987012986,254.6602465331279,261.34981044036164
HARYANA,KAITHAL,230904,273.75147928994085,254.6602465331279,261.34981044036164
HARYANA,KARNAL,230401,266.9512711864407,267.57480980557904,261.34981044036164
HARYANA,KARNAL,230402,261.34757834757835,267.57480980557904,261.34981044036164
HARYANA,KARNAL,230403,268.1139601139601,267.57480980557904,261.34981044036164
HARYANA,KARNAL,230404,255.6096866096866,267.57480980557904,261.34981044036164
HARYANA,KARNAL,230405,273.09915014164307,267.57480980557904,261.34981044036164
HARYANA,KARNAL,230406,276.87909836065575,267.57480980557904,261.34981044036164
HARYANA,KURUKSHETRA,231001,263.3057692307692,267.2323119777159,261.34981044036164
HARYANA,KURUKSHETRA,231002,269.0706638115632,267.2323119777159,261.34981044036164
HARYANA,KURUKSHETRA,231003,277.7452229299363,267.2323119777159,261.34981044036164
HARYANA,KURUKSHETRA,231004,256.05044510385756,267.2323119777159,261.34981044036164
HARYANA,MAHENDRAGARH,231101,270.8259526261586,289.2865208186309,261.34981044036164
HARYANA,MAHENDRAGARH,231102,276.47121535181236,289.2865208186309,261.34981044036164
HARYANA,MAHENDRAGARH,231103,279.38607594936707,289.2865208186309,261.34981044036164
HARYANA,MAHENDRAGARH,231104,282.6186440677966,289.2865208186309,261.34981044036164
HARYANA,MAHENDRAGARH,231105,360.2142857142857,289.2865208186309,261.34981044036164
HARYANA,MEWAT,231201,152.5549132947977,161.0,261.34981044036164
HARYANA,MEWAT,231202,150.42,161.0,261.34981044036164
HARYANA,MEWAT,231203,153.0730897009967,161.0,261.34981044036164
HARYANA,MEWAT,231204,191.34006734006735,161.0,261.34981044036164
HARYANA,PALWAL,231301,238.2380038387716,230.49006359300478,261.34981044036164
HARYANA,PALWAL,231302,214.93802816901407,230.49006359300478,261.34981044036164
HARYANA,PALWAL,231303,242.47256097560975,230.49006359300478,261.34981044036164
HARYANA,PALWAL,231304,229.35866261398175,230.49006359300478,261.34981044036164
HARYANA,PALWAL,231305,237.8603896103896,230.49006359300478,261.34981044036164
HARYANA,PALWAL,231306,223.30281690140845,230.49006359300478,261.34981044036164
HARYANA,PALWAL,231307,224.6010230179028,230.49006359300478,261.34981044036164
HARYANA,PANIPAT,231401,240.65939597315437,243.89953488372092,261.34981044036164
HARYANA,PANIPAT,231402,248.54810996563575,243.89953488372092,261.34981044036164
HARYANA,PANIPAT,231403,241.97260273972603,243.89953488372092,261.34981044036164
HARYANA,PANIPAT,231404,244.8041237113402,243.89953488372092,261.34981044036164
HARYANA,REWARI,231501,277.24101479915436,287.9705051772827,261.34981044036164
HARYANA,REWARI,231502,268.60850111856826,287.9705051772827,261.34981044036164
HARYANA,REWARI,231503,281.67488789237666,287.9705051772827,261.34981044036164
HARYANA,REWARI,231504,267.48737373737373,287.9705051772827,261.34981044036164
HARYANA,REWARI,231505,279.7022653721683,287.9705051772827,261.34981044036164
HARYANA,REWARI,231506,267.4253246753247,287.9705051772827,261.34981044036164
HARYANA,REWARI,231507,280.96416938110747,287.9705051772827,261.34981044036164
HARYANA,REWARI,231508,306.67510548523205,287.9705051772827,261.34981044036164
HARYANA,REWARI,231509,406.34090909090907,287.9705051772827,261.34981044036164
HARYANA,ROHTAK,231601,257.8230240549828,259.2406918087917,261.34981044036164
HARYANA,ROHTAK,231602,268.0372439478585,259.2406918087917,261.34981044036164
HARYANA,ROHTAK,231603,262.39473684210526,259.2406918087917,261.34981044036164
HARYANA,ROHTAK,231604,242.5377969762419,259.2406918087917,261.34981044036164
HARYANA,ROHTAK,231605,255.98297872340424,259.2406918087917,261.34981044036164
HARYANA,ROHTAK,231606,259.8290598290598,259.2406918087917,261.34981044036164
HARYANA,ROHTAK,231607,254.89389920424404,259.2406918087917,261.34981044036164
HARYANA,ROHTAK,231608,266.1226158038147,259.2406918087917,261.34981044036164
HARYANA,SIRSA,231701,255.9175,269.7684331797235,261.34981044036164
HARYANA,SIRSA,231702,264.0622950819672,269.7684331797235,261.34981044036164
HARYANA,SIRSA,231703,260.41883116883116,269.7684331797235,261.34981044036164
HARYANA,SIRSA,231704,241.4468085106383,269.7684331797235,261.34981044036164
HARYANA,SIRSA,231705,281.339222614841,269.7684331797235,261.34981044036164
HARYANA,SIRSA,231706,363.8987341772152,269.7684331797235,261.34981044036164
HARYANA,SONIPAT,231801,244.17094017094018,238.64657980456025,261.34981044036164
HARYANA,SONIPAT,231802,222.82869379014988,238.64657980456025,261.34981044036164
HARYANA,SONIPAT,231803,238.49253731343285,238.64657980456025,261.34981044036164
HARYANA,SONIPAT,231804,256.20098039215685,238.64657980456025,261.34981044036164
HARYANA,YAMUNA NAGAR,231901,200.4502617801047,211.07253190060445,261.34981044036164
HARYANA,YAMUNA NAGAR,231902,216.42021276595744,211.07253190060445,261.34981044036164
HARYANA,YAMUNA NAGAR,231903,226.4021164021164,211.07253190060445,261.34981044036164
HARYANA,YAMUNA NAGAR,231904,205.40860215053763,211.07253190060445,261.34981044036164
HARYANA,YAMUNA NAGAR,231905,222.05524861878453,211.07253190060445,261.34981044036164
HARYANA,YAMUNA NAGAR,231906,209.6290322580645,211.07253190060445,261.34981044036164
HARYANA,YAMUNA NAGAR,231907,216.6524064171123,211.07253190060445,261.34981044036164
HARYANA,YAMUNA NAGAR,231908,191.27624309392266,211.07253190060445,261.34981044036164
HIMACHAL PRADESH,BILASPUR (HP),240301,224.56827309236948,229.47801418439715,225.68563785144775
HIMACHAL PRADESH,BILASPUR (HP),240302,233.97727272727272,229.47801418439715,225.68563785144775
HIMACHAL PRADESH,BILASPUR (HP),240303,230.76356589147287,229.47801418439715,225.68563785144775
HIMACHAL PRADESH,CHAMBA,240401,187.8494623655914,183.53012048192772,225.68563785144775
HIMACHAL PRADESH,CHAMBA,240402,181.84937238493723,183.53012048192772,225.68563785144775
HIMACHAL PRADESH,HAMIRPUR (HP),240101,218.59169054441261,219.98434377081946,225.68563785144775
HIMACHAL PRADESH,HAMIRPUR (HP),240102,222.61146496815286,219.98434377081946,225.68563785144775
HIMACHAL PRADESH,HAMIRPUR (HP),240103,207.91313559322035,219.98434377081946,225.68563785144775
HIMACHAL PRADESH,HAMIRPUR (HP),240104,234.57849462365593,219.98434377081946,225.68563785144775
HIMACHAL PRADESH,HAMIRPUR (HP),240105,222.2840909090909,219.98434377081946,225.68563785144775
HIMACHAL PRADESH,HAMIRPUR (HP),240106,216.00735294117646,219.98434377081946,225.68563785144775
HIMACHAL PRADESH,KANGRA/PALAMPUR,240501,226.755980861244,220.1237332076361,225.68563785144775
HIMACHAL PRADESH,KANGRA/PALAMPUR,240502,216.51296829971182,220.1237332076361,225.68563785144775
HIMACHAL PRADESH,KANGRA/PALAMPUR,240503,203.76136363636363,220.1237332076361,225.68563785144775
HIMACHAL PRADESH,KANGRA/PALAMPUR,240504,229.40740740740742,220.1237332076361,225.68563785144775
HIMACHAL PRADESH,KANGRA/PALAMPUR,240505,221.79885057471265,220.1237332076361,225.68563785144775
HIMACHAL PRADESH,KANGRA/PALAMPUR,240506,210.2349570200573,220.1237332076361,225.68563785144775
HIMACHAL PRADESH,KANGRA/PALAMPUR,240507,228.23384615384614,220.1237332076361,225.68563785144775
HIMACHAL PRADESH,KANGRA/PALAMPUR,240508,216.12608695652173,220.1237332076361,225.68563785144775
HIMACHAL PRADESH,KANGRA/PALAMPUR,240509,218.48706896551724,220.1237332076361,225.68563785144775
HIMACHAL PRADESH,KANGRA/PALAMPUR,240510,229.76050420168067,220.1237332076361,225.68563785144775
HIMACHAL PRADESH,KANGRA/PALAMPUR,240511,218.7094017094017,220.1237332076361,225.68563785144775
HIMACHAL PRADESH,KANGRA/PALAMPUR,240512,225.98297872340424,220.1237332076361,225.68563785144775
HIMACHAL PRADESH,KANGRA/PALAMPUR,240513,218.68867924528303,220.1237332076361,225.68563785144775
HIMACHAL PRADESH,KANGRA/PALAMPUR,240514,218.72043010752688,220.1237332076361,225.68563785144775
HIMACHAL PRADESH,KULLU,240601,200.3841059602649,211.14187327823691,225.68563785144775
HIMACHAL PRADESH,KULLU,240602,218.80424528301887,211.14187327823691,225.68563785144775
HIMACHAL PRADESH,MANDI,240701,194.37471783295712,203.53003003003002,225.68563785144775
HIMACHAL PRADESH,MANDI,240702,196.84813753581662,203.53003003003002,225.68563785144775
HIMACHAL PRADESH,MANDI,240703,214.41549295774647,203.53003003003002,225.68563785144775
HIMACHAL PRADESH,MANDI,240704,201.92857142857142,203.53003003003002,225.68563785144775
HIMACHAL PRADESH,MANDI,240705,213.2826086956522,203.53003003003002,225.68563785144775
HIMACHAL PRADESH,MANDI,240706,207.51393728222996,203.53003003003002,225.68563785144775
HIMACHAL PRADESH,SHIMLA,240201,246.11754068716095,255.5026842362128,225.68563785144775
HIMACHAL PRADESH,SHIMLA,240202,247.18013856812934,255.5026842362128,225.68563785144775
HIMACHAL PRADESH,SHIMLA,240203,252.16172506738545,255.5026842362128,225.68563785144775
HIMACHAL PRADESH,SHIMLA,240204,251.41823056300268,255.5026842362128,225.68563785144775
HIMACHAL PRADESH,SHIMLA,240205,247.19263456090653,255.5026842362128,225.68563785144775
HIMACHAL PRADESH,SHIMLA,240206,271.78977272727275,255.5026842362128,225.68563785144775
HIMACHAL PRADESH,SHIMLA,240207,252.6704871060172,255.5026842362128,225.68563785144775
HIMACHAL PRADESH,SHIMLA,240208,261.3885714285714,255.5026842362128,225.68563785144775
HIMACHAL PRADESH,SHIMLA,240209,264.19308357348706,255.5026842362128,225.68563785144775
HIMACHAL PRADESH,SHIMLA,240210,282.9,255.5026842362128,225.68563785144775
HIMACHAL PRADESH,SHIMLA,240211,249.56403269754767,255.5026842362128,225.68563785144775
HIMACHAL PRADESH,SIRMAUR,240801,227.34563106796116,227.34563106796116,225.68563785144775
HIMACHAL PRADESH,SOLAN,240901,208.65693430656935,208.65693430656935,225.68563785144775
HIMACHAL PRADESH,UNA,241001,231.2910447761194,231.44640605296343,225.68563785144775
HIMACHAL PRADESH,UNA,241002,225.44444444444446,231.44640605296343,225.68563785144775
HIMACHAL PRADESH,UNA,241003,238.81205673758865,231.44640605296343,225.68563785144775
HIMACHAL PRADESH,UNA,241004,223.65126050420167,231.44640605296343,225.68563785144775
HIMACHAL PRADESH,UNA,241005,242.29787234042553,231.44640605296343,225.68563785144775
HIMACHAL PRADESH,UNA,241006,228.78172588832487,231.44640605296343,225.68563785144775
JAMMU AND KASHMIR,ANANTNAG,250301,212.59033989266547,210.77609573241062,205.41349651967278
JAMMU AND KASHMIR,ANANTNAG,250302,213.59194395796848,210.77609573241062,205.41349651967278
JAMMU AND KASHMIR,ANANTNAG,250303,207.43122676579927,210.77609573241062,205.41349651967278
JAMMU AND KASHMIR,ANANTNAG,250304,207.64777327935224,210.77609573241062,205.41349651967278
JAMMU AND KASHMIR,ANANTNAG,250305,222.90707070707072,210.77609573241062,205.41349651967278
JAMMU AND KASHMIR,ANANTNAG,250306,210.56565656565655,210.77609573241062,205.41349651967278
JAMMU AND KASHMIR,ANANTNAG,250307,219.47676767676768,210.77609573241062,205.41349651967278
JAMMU AND KASHMIR,ANANTNAG,250308,191.5670731707317,210.77609573241062,205.41349651967278
JAMMU AND KASHMIR,ANANTNAG,250309,204.2355889724311,210.77609573241062,205.41349651967278
JAMMU AND KASHMIR,ANANTNAG,250310,211.36387434554973,210.77609573241062,205.41349651967278
JAMMU AND KASHMIR,ANANTNAG,250311,200.72559366754618,210.77609573241062,205.41349651967278
JAMMU AND KASHMIR,ANANTNAG,250312,219.64124293785312,210.77609573241062,205.41349651967278
JAMMU AND KASHMIR,ANANTNAG,250313,224.9723926380368,210.77609573241062,205.41349651967278
JAMMU AND KASHMIR,ANANTNAG,250314,211.854609929078,210.77609573241062,205.41349651967278
JAMMU AND KASHMIR,ANANTNAG,250315,223.2023346303502,210.77609573241062,205.41349651967278
JAMMU AND KASHMIR,ANANTNAG,250316,198.35470085470087,210.77609573241062,205.41349651967278
JAMMU AND KASHMIR,ANANTNAG,250317,198.83695652173913,210.77609573241062,205.41349651967278
JAMMU AND KASHMIR,BADGAM,250501,197.45234708392604,197.9260808926081,205.41349651967278
JAMMU AND KASHMIR,BADGAM,250502,198.38166894664843,197.9260808926081,205.41349651967278
JAMMU AND KASHMIR,BARAMULLA,250401,187.58606124604012,189.58247422680412,205.41349651967278
JAMMU AND KASHMIR,BARAMULLA,250402,197.64520048602674,189.58247422680412,205.41349651967278
JAMMU AND KASHMIR,BARAMULLA,250403,187.49435028248587,189.58247422680412,205.41349651967278
JAMMU AND KASHMIR,BARAMULLA,250404,183.28813559322035,189.58247422680412,205.41349651967278
JAMMU AND KASHMIR,BARAMULLA,250405,186.57467532467533,189.58247422680412,205.41349651967278
JAMMU AND KASHMIR,BARAMULLA,250406,192.27777777777777,189.58247422680412,205.41349651967278
JAMMU AND KASHMIR,JAMMU,250101,204.09249563699825,197.63799922450562,205.41349651967278
JAMMU AND KASHMIR,JAMMU,250102,197.1,197.63799922450562,205.41349651967278
JAMMU AND KASHMIR,JAMMU,250103,194.30823117338002,197.63799922450562,205.41349651967278
JAMMU AND KASHMIR,JAMMU,250104,195.60526315789474,197.63799922450562,205.41349651967278
JAMMU AND KASHMIR,JAMMU,250105,192.8298755186722,197.63799922450562,205.41349651967278
JAMMU AND KASHMIR,JAMMU,250106,193.6977225672878,197.63799922450562,205.41349651967278
JAMMU AND KASHMIR,JAMMU,250107,194.53526970954357,197.63799922450562,205.41349651967278
JAMMU AND KASHMIR,JAMMU,250108,203.14814814814815,197.63799922450562,205.41349651967278
JAMMU AND KASHMIR,JAMMU,250109,195.04722792607802,197.63799922450562,205.41349651967278
JAMMU AND KASHMIR,JAMMU,250110,205.04637096774192,197.63799922450562,205.41349651967278
JAMMU AND KASHMIR,JAMMU,250111,202.92132505175982,197.63799922450562,205.41349651967278
JAMMU AND KASHMIR,JAMMU,250112,205.117903930131,197.63799922450562,205.41349651967278
JAMMU AND KASHMIR,JAMMU,250113,183.5448577680525,197.63799922450562,205.41349651967278
JAMMU AND KASHMIR,JAMMU,250114,206.372591006424,197.63799922450562,205.41349651967278
JAMMU AND KASHMIR,JAMMU,250115,205.97664543524417,197.63799922450562,205.41349651967278
JAMMU AND KASHMIR,JAMMU,250116,195.47712418300654,197.63799922450562,205.41349651967278
JAMMU AND KASHMIR,JAMMU,250117,196.10560344827587,197.63799922450562,205.41349651967278
JAMMU AND KASHMIR,JAMMU,250118,193.66203703703704,197.63799922450562,205.41349651967278
JAMMU AND KASHMIR,JAMMU,250119,200.39447236180905,197.63799922450562,205.41349651967278
JAMMU AND KASHMIR,JAMMU,250120,201.9592875318066,197.63799922450562,205.41349651967278
JAMMU AND KASHMIR,JAMMU,250121,189.21776504297995,197.63799922450562,205.41349651967278
JAMMU AND KASHMIR,JAMMU,250122,206.67528735632183,197.63799922450562,205.41349651967278
JAMMU AND KASHMIR,JAMMU,250123,185.90144927536232,197.63799922450562,205.41349651967278
JAMMU AND KASHMIR,JAMMU,250124,189.69142857142856,197.63799922450562,205.41349651967278
JAMMU AND KASHMIR,JAMMU,250125,195.83112582781456,197.63799922450562,205.41349651967278
JAMMU AND KASHMIR,JAMMU,250126,195.36200716845877,197.63799922450562,205.41349651967278
JAMMU AND KASHMIR,JAMMU,250127,188.5212765957447,197.63799922450562,205.41349651967278
JAMMU AND KASHMIR,JAMMU,250128,192.95323741007195,197.63799922450562,205.41349651967278
JAMMU AND KASHMIR,JAMMU,250129,194.65338645418328,197.63799922450562,205.41349651967278
JAMMU AND KASHMIR,JAMMU,250130,210.17724288840262,197.63799922450562,205.41349651967278
JAMMU AND KASHMIR,KATHUA,250601,204.95560253699787,199.96663660955815,205.41349651967278
JAMMU AND KASHMIR,KATHUA,250602,196.2562893081761,199.96663660955815,205.41349651967278
JAMMU AND KASHMIR,KUPWARA,250701,176.97014925373134,181.20115850447604,205.41349651967278
JAMMU AND KASHMIR,KUPWARA,250702,183.27,181.20115850447604,205.41349651967278
JAMMU AND KASHMIR,KUPWARA,250703,185.5159574468085,181.20115850447604,205.41349651967278
JAMMU AND KASHMIR,KUPWARA,250704,179.6398104265403,181.20115850447604,205.41349651967278
JAMMU AND KASHMIR,KUPWARA,250705,186.0,181.20115850447604,205.41349651967278
JAMMU AND KASHMIR,KUPWARA,250706,178.16666666666666,181.20115850447604,205.41349651967278
JAMMU AND KASHMIR,PULWAMA,250801,190.84183673469389,192.82835820895522,205.41349651967278
JAMMU AND KASHMIR,PULWAMA,250802,195.875,192.82835820895522,205.41349651967278
JAMMU AND KASHMIR,PULWAMA,250803,199.41232227488152,192.82835820895522,205.41349651967278
JAMMU AND KASHMIR,PULWAMA,250804,181.7565789473684,192.82835820895522,205.41349651967278
JAMMU AND KASHMIR,PULWAMA,250805,194.3,192.82835820895522,205.41349651967278
JAMMU AND KASHMIR,PULWAMA,250806,195.0530035335689,192.82835820895522,205.41349651967278
JAMMU AND KASHMIR,PULWAMA,250807,185.00423728813558,192.82835820895522,205.41349651967278
JAMMU AND KASHMIR,PULWAMA,250808,196.11152416356876,192.82835820895522,205.41349651967278
JAMMU AND KASHMIR,SAMBA,250901,210.01952277657267,207.9954904171364,205.41349651967278
JAMMU AND KASHMIR,SAMBA,250902,205.80516431924883,207.9954904171364,205.41349651967278
JAMMU AND KASHMIR,SRINAGAR (J AND K),250201,217.0478413068845,218.6592219986586,205.41349651967278
JAMMU AND KASHMIR,SRINAGAR (J AND K),250202,222.66624685138538,218.6592219986586,205.41349651967278
JAMMU AND KASHMIR,SRINAGAR (J AND K),250203,223.61854304635762,218.6592219986586,205.41349651967278
JAMMU AND KASHMIR,SRINAGAR (J AND K),250204,221.2940340909091,218.6592219986586,205.41349651967278
JAMMU AND KASHMIR,SRINAGAR (J AND K),250205,228.6252220248668,218.6592219986586,205.41349651967278
JAMMU AND KASHMIR,SRINAGAR (J AND K),250206,212.57345132743362,218.6592219986586,205.41349651967278
JAMMU AND KASHMIR,SRINAGAR (J AND K),250207,217.78018018018017,218.6592219986586,205.41349651967278
JAMMU AND KASHMIR,SRINAGAR (J AND K),250208,219.24399260628465,218.6592219986586,205.41349651967278
JAMMU AND KASHMIR,SRINAGAR (J AND K),250209,231.4252427184466,218.6592219986586,205.41349651967278
JAMMU AND KASHMIR,SRINAGAR (J AND K),250210,207.7995867768595,218.6592219986586,205.41349651967278
JAMMU AND KASHMIR,SRINAGAR (J AND K),250211,216.44927536231884,218.6592219986586,205.41349651967278
JAMMU AND KASHMIR,SRINAGAR (J AND K),250212,216.78367346938776,218.6592219986586,205.41349651967278
JAMMU AND KASHMIR,SRINAGAR (J AND K),250213,204.27467811158797,218.6592219986586,205.41349651967278
JAMMU AND KASHMIR,SRINAGAR (J AND K),250214,216.07021276595745,218.6592219986586,205.41349651967278
JAMMU AND KASHMIR,SRINAGAR (J AND K),250215,199.3219616204691,218.6592219986586,205.41349651967278
JAMMU AND KASHMIR,SRINAGAR (J AND K),250216,216.61358811040338,218.6592219986586,205.41349651967278
JAMMU AND KASHMIR,SRINAGAR (J AND K),250217,217.58333333333334,218.6592219986586,205.41349651967278
JAMMU AND KASHMIR,SRINAGAR (J AND K),250218,221.59715639810426,218.6592219986586,205.41349651967278
JAMMU AND KASHMIR,SRINAGAR (J AND K),250219,222.2433734939759,218.6592219986586,205.41349651967278
JAMMU AND KASHMIR,SRINAGAR (J AND K),250220,221.42512077294685,218.6592219986586,205.41349651967278
JAMMU AND KASHMIR,SRINAGAR (J AND K),250221,232.48877805486285,218.6592219986586,205.41349651967278
JAMMU AND KASHMIR,SRINAGAR (J AND K),250222,232.6015037593985,218.6592219986586,205.41349651967278
JAMMU AND KASHMIR,SRINAGAR (J AND K),250223,203.85142857142858,218.6592219986586,205.41349651967278
JAMMU AND KASHMIR,SRINAGAR (J AND K),250224,219.45592705167172,218.6592219986586,205.41349651967278
JAMMU AND KASHMIR,SRINAGAR (J AND K),250225,224.57186544342508,218.6592219986586,205.41349651967278
JAMMU AND KASHMIR,SRINAGAR (J AND K),250226,218.21070234113714,218.6592219986586,205.41349651967278
JAMMU AND KASHMIR,SRINAGAR (J AND K),250227,232.87662337662337,218.6592219986586,205.41349651967278
JAMMU AND KASHMIR,SRINAGAR (J AND K),250228,214.58881578947367,218.6592219986586,205.41349651967278
JAMMU AND KASHMIR,SRINAGAR (J AND K),250229,208.85808580858085,218.6592219986586,205.41349651967278
JAMMU AND KASHMIR,SRINAGAR (J AND K),250230,213.2173913043478,218.6592219986586,205.41349651967278
JAMMU AND KASHMIR,SRINAGAR (J AND K),250231,217.27713920817368,218.6592219986586,205.41349651967278
JAMMU AND KASHMIR,UDHAMPUR,251001,234.8279569892473,223.0795781399808,205.41349651967278
JAMMU AND KASHMIR,UDHAMPUR,251002,212.51212938005392,223.0795781399808,205.41349651967278
JAMMU AND KASHMIR,UDHAMPUR,251003,221.58,223.0795781399808,205.41349651967278
JHARKHAND,BOKARO,260101,228.27941176470588,226.891921005386,207.91236484129752
JHARKHAND,BOKARO,260102,224.7733918128655,226.891921005386,207.91236484129752
JHARKHAND,BOKARO,260103,227.2193732193732,226.891921005386,207.91236484129752
JHARKHAND,BOKARO,260104,221.17307692307693,226.891921005386,207.91236484129752
JHARKHAND,BOKARO,260105,250.9217391304348,226.891921005386,207.91236484129752
JHARKHAND,CHAIBASA,260501,169.13369963369962,169.13369963369962,207.91236484129752
JHARKHAND,CHATRA,260601,166.62295081967213,166.62295081967213,207.91236484129752
JHARKHAND,DEOGHAR (JH),260701,212.1206896551724,209.6,207.91236484129752
JHARKHAND,DEOGHAR (JH),260702,208.62749445676275,209.6,207.91236484129752
JHARKHAND,DHANBAD,260801,211.5151515151515,209.32109155827595,207.91236484129752
JHARKHAND,DHANBAD,260802,212.1030303030303,209.32109155827595,207.91236484129752
JHARKHAND,DHANBAD,260803,208.33539094650206,209.32109155827595,207.91236484129752
JHARKHAND,DHANBAD,260804,209.1147186147186,209.32109155827595,207.91236484129752
JHARKHAND,DHANBAD,260805,205.93394077448747,209.32109155827595,207.91236484129752
JHARKHAND,DHANBAD,260806,213.760663507109,209.32109155827595,207.91236484129752
JHARKHAND,DHANBAD,260807,216.48387096774192,209.32109155827595,207.91236484129752
JHARKHAND,DHANBAD,260808,202.9029535864979,209.32109155827595,207.91236484129752
JHARKHAND,DUMKA,260901,187.82215743440233,173.41727493917276,207.91236484129752
JHARKHAND,DUMKA,260902,185.858407079646,173.41727493917276,207.91236484129752
JHARKHAND,DUMKA,260903,108.0,173.41727493917276,207.91236484129752
JHARKHAND,GARHWA,261001,168.28895184135976,142.71231300345224,207.91236484129752
JHARKHAND,GARHWA,261002,146.43188405797102,142.71231300345224,207.91236484129752
JHARKHAND,GARHWA,261003,82.4093567251462,142.71231300345224,207.91236484129752
JHARKHAND,GIRIDIH,261101,187.47826086956522,188.22651933701658,207.91236484129752
JHARKHAND,GIRIDIH,261102,189.96330275229357,188.22651933701658,207.91236484129752
JHARKHAND,GODDA,261201,194.42795698924732,177.547212741752,207.91236484129752
JHARKHAND,GODDA,261202,158.58695652173913,177.547212741752,207.91236484129752
JHARKHAND,GUMLA,261301,180.84150943396227,180.84150943396227,207.91236484129752
JHARKHAND,HAZARIBAGH,260401,213.91245376078916,210.37248444932308,207.91236484129752
JHARKHAND,HAZARIBAGH,260402,209.14835948644793,210.37248444932308,207.91236484129752
JHARKHAND,HAZARIBAGH,260403,215.1008547008547,210.37248444932308,207.91236484129752
JHARKHAND,HAZARIBAGH,260404,197.38686131386862,210.37248444932308,207.91236484129752
JHARKHAND,HAZARIBAGH,260405,212.85333333333332,210.37248444932308,207.91236484129752
JHARKHAND,JAMSHEDPUR,260201,221.6741935483871,216.2604974592137,207.91236484129752
JHARKHAND,JAMSHEDPUR,260202,211.8135359116022,216.2604974592137,207.91236484129752
JHARKHAND,JAMSHEDPUR,260203,208.18363273453093,216.2604974592137,207.91236484129752
JHARKHAND,JAMSHEDPUR,260204,207.23110151187905,216.2604974592137,207.91236484129752
JHARKHAND,JAMSHEDPUR,260205,224.9971098265896,216.2604974592137,207.91236484129752
JHARKHAND,JAMSHEDPUR,260206,220.63354838709677,216.2604974592137,207.91236484129752
JHARKHAND,KHUNTI,261401,143.94166666666666,143.94166666666666,207.91236484129752
JHARKHAND,KODERMA,261501,195.14949494949494,196.46492434663,207.91236484129752
JHARKHAND,KODERMA,261502,199.27155172413794,196.46492434663,207.91236484129752
JHARKHAND,LATEHAR,261601,137.48453608247422,137.48453608247422,207.91236484129752
JHARKHAND,LOHARDAGA,261701,150.00653594771242,150.00653594771242,207.91236484129752
JHARKHAND,PAKUR,261801,167.83524027459956,167.83524027459956,207.91236484129752
JHARKHAND,PALAMU,261901,170.48837209302326,159.98075646980757,207.91236484129752
JHARKHAND,PALAMU,261902,171.55882352941177,159.98075646980757,207.91236484129752
JHARKHAND,PALAMU,261903,152.53,159.98075646980757,207.91236484129752
JHARKHAND,RAMGARH,262001,201.0608695652174,193.03058823529412,207.91236484129752
JHARKHAND,RAMGARH,262002,182.46052631578948,193.03058823529412,207.91236484129752
JHARKHAND,RAMGARH,262003,191.72924187725633,193.03058823529412,207.91236484129752
JHARKHAND,RANCHI,260301,245.82444061962136,229.32691950176613,207.91236484129752
JHARKHAND,RANCHI,260302,232.66379310344828,229.32691950176613,207.91236484129752
JHARKHAND,RANCHI,260303,234.3791304347826,229.32691950176613,207.91236484129752
JHARKHAND,RANCHI,260304,220.3316151202749,229.32691950176613,207.91236484129752
JHARKHAND,RANCHI,260305,225.8502581755594,229.32691950176613,207.91236484129752
JHARKHAND,RANCHI,260306,227.11631944444446,229.32691950176613,207.91236484129752
JHARKHAND,RANCHI,260307,220.19237435008665,229.32691950176613,207.91236484129752
JHARKHAND,RANCHI,260308,238.1551724137931,229.32691950176613,207.91236484129752
JHARKHAND,RANCHI,260309,231.05957446808512,229.32691950176613,207.91236484129752
JHARKHAND,RANCHI,260310,227.2462203023758,229.32691950176613,207.91236484129752
JHARKHAND,RANCHI,260311,233.16348195329087,229.32691950176613,207.91236484129752
JHARKHAND,RANCHI,260312,224.93088552915768,229.32691950176613,207.91236484129752
JHARKHAND,RANCHI,260313,230.26200873362444,229.32691950176613,207.91236484129752
JHARKHAND,RANCHI,260314,226.69247311827957,229.32691950176613,207.91236484129752
JHARKHAND,RANCHI,260315,225.21691973969632,229.32691950176613,207.91236484129752
JHARKHAND,RANCHI,260316,235.39743589743588,229.32691950176613,207.91236484129752
JHARKHAND,RANCHI,260317,217.86363636363637,229.32691950176613,207.91236484129752
JHARKHAND,RANCHI,260318,232.79094827586206,229.32691950176613,207.91236484129752
JHARKHAND,RANCHI,260319,233.97118155619597,229.32691950176613,207.91236484129752
JHARKHAND,RANCHI,260320,231.75787728026535,229.32691950176613,207.91236484129752
JHARKHAND,RANCHI,260321,223.32457496136013,229.32691950176613,207.91236484129752
JHARKHAND,SAHIBGANJ,262101,173.258872651357,173.258872651357,207.91236484129752
JHARKHAND,SIMDEGA,262201,154.0,154.0,207.91236484129752
KARNATAKA,BAGALKOT,271001,176.5759368836292,179.40698503207412,219.46562224563775
KARNATAKA,BAGALKOT,271002,186.4967490247074,179.40698503207412,219.46562224563775
KARNATAKA,BAGALKOT,271003,181.67287234042553,179.40698503207412,219.46562224563775
KARNATAKA,BAGALKOT,271004,174.40384615384616,179.40698503207412,219.46562224563775
KARNATAKA,BAGALKOT,271005,178.251269035533,179.40698503207412,219.46562224563775
KARNATAKA,BAGALKOT,271006,186.1221590909091,179.40698503207412,219.46562224563775
KARNATAKA,BAGALKOT,271007,176.83829787234043,179.40698503207412,219.46562224563775
KARNATAKA,BAGALKOT,271008,164.9688888888889,179.40698503207412,219.46562224563775
KARNATAKA,BALLARI,271101,199.75651041666666,193.23946037099495,219.46562224563775
KARNATAKA,BALLARI,271102,196.95712098009187,193.23946037099495,219.46562224563775
KARNATAKA,BALLARI,271103,193.41914893617022,193.23946037099495,219.46562224563775
KARNATAKA,BALLARI,271104,201.8487584650113,193.23946037099495,219.46562224563775
KARNATAKA,BALLARI,271105,191.0356294536817,193.23946037099495,219.46562224563775
KARNATAKA,BALLARI,271106,186.6983606557377,193.23946037099495,219.46562224563775
KARNATAKA,BALLARI,271107,180.29296875,193.23946037099495,219.46562224563775
KARNATAKA,BALLARI,271108,180.14410480349346,193.23946037099495,219.46562224563775
KARNATAKA,BALLARI,271109,189.78217821782178,193.23946037099495,219.46562224563775
KARNATAKA,BELAGAVI (BELGAUM),270101,174.05792903692975,173.92385075767223,219.46562224563775
KARNATAKA,BELAGAVI (BELGAUM),270102,180.2891859052248,173.92385075767223,219.46562224563775
KARNATAKA,BELAGAVI (BELGAUM),270103,178.585557299843,173.92385075767223,219.46562224563775
KARNATAKA,BELAGAVI (BELGAUM),270104,170.0970464135021,173.92385075767223,219.46562224563775
KARNATAKA,BELAGAVI (BELGAUM),270105,171.3318181818182,173.92385075767223,219.46562224563775
KARNATAKA,BELAGAVI (BELGAUM),270106,170.81578947368422,173.92385075767223,219.46562224563775
KARNATAKA,BELAGAVI (BELGAUM),270107,182.77284595300262,173.92385075767223,219.46562224563775
KARNATAKA,BELAGAVI (BELGAUM),270108,167.4972972972973,173.92385075767223,219.46562224563775
KARNATAKA,BELAGAVI (BELGAUM),270109,174.58160237388725,173.92385075767223,219.46562224563775
KARNATAKA,BELAGAVI (BELGAUM),270110,174.81305637982197,173.92385075767223,219.46562224563775
KARNATAKA,BELAGAVI (BELGAUM),270111,176.69321533923303,173.92385075767223,219.46562224563775
KARNATAKA,BELAGAVI (BELGAUM),270112,173.04424778761063,173.92385075767223,219.46562224563775
KARNATAKA,BELAGAVI (BELGAUM),270113,164.4421768707483,173.92385075767223,219.46562224563775
KARNATAKA,BELAGAVI (BELGAUM),270114,181.8956834532374,173.92385075767223,219.46562224563775
KARNATAKA,BELAGAVI (BELGAUM),270115,167.50545454545454,173.92385075767223,219.46562224563775
KARNATAKA,BELAGAVI (BELGAUM),270116,183.600790513834,173.92385075767223,219.46562224563775
KARNATAKA,BELAGAVI (BELGAUM),270117,167.12252964426878,173.92385075767223,219.46562224563775
KARNATAKA,BELAGAVI (BELGAUM),270118,152.73423423423424,173.92385075767223,219.46562224563775
KARNATAKA,BENGALURU- RURAL,270201,229.92388059701491,226.83913262733233,219.46562224563775
KARNATAKA,BENGALURU- RURAL,270202,225.26504188880426,226.83913262733233,219.46562224563775
KARNATAKA,BENGALURU- URBAN,271201,273.3883774453395,272.8816521321156,219.46562224563775
KARNATAKA,BENGALURU- URBAN,271202,266.77045274027006,272.8816521321156,219.46562224563775
KARNATAKA,BENGALURU- URBAN,271203,263.2608333333333,272.8816521321156,219.46562224563775
KARNATAKA,BENGALURU- URBAN,271204,268.4391304347826,272.8816521321156,219.46562224563775
KARNATAKA,BENGALURU- URBAN,271205,267.00885935769656,272.8816521321156,219.46562224563775
KARNATAKA,BENGALURU- URBAN,271206,276.77139639639637,272.8816521321156,219.46562224563775
KARNATAKA,BENGALURU- URBAN,271207,275.37452711223204,272.8816521321156,219.46562224563775
KARNATAKA,BENGALURU- URBAN,271208,275.2667493796526,272.8816521321156,219.46562224563775
KARNATAKA,BENGALURU- URBAN,271209,281.2094175960347,272.8816521321156,219.46562224563775
KARNATAKA,BENGALURU- URBAN,271210,269.6825396825397,272.8816521321156,219.46562224563775
KARNATAKA,BENGALURU- URBAN,271211,262.9256661991585,272.8816521321156,219.46562224563775
KARNATAKA,BENGALURU- URBAN,271212,272.38213762811125,272.8816521321156,219.46562224563775
KARNATAKA,BENGALURU- URBAN,271213,266.441893830703,272.8816521321156,219.46562224563775
KARNATAKA,BENGALURU- URBAN,271214,272.3944530046225,272.8816521321156,219.46562224563775
KARNATAKA,BENGALURU- URBAN,271215,268.91623036649213,272.8816521321156,219.46562224563775
KARNATAKA,BENGALURU- URBAN,271216,274.70175438596493,272.8816521321156,219.46562224563775
KARNATAKA,BENGALURU- URBAN,271217,273.140625,272.8816521321156,219.46562224563775
KARNATAKA,BENGALURU- URBAN,271218,284.0402802101576,272.8816521321156,219.46562224563775
KARNATAKA,BENGALURU- URBAN,271219,276.4390243902439,272.8816521321156,219.46562224563775
KARNATAKA,BENGALURU- URBAN,271220,278.75488454706925,272.8816521321156,219.46562224563775
KARNATAKA,BENGALURU- URBAN,271221,269.851376146789,272.8816521321156,219.46562224563775
KARNATAKA,BENGALURU- URBAN,271222,277.06944444444446,272.8816521321156,219.46562224563775
KARNATAKA,BENGALURU- URBAN,271223,283.658,272.8816521321156,219.46562224563775
KARNATAKA,BENGALURU- URBAN,271224,273.4192913385827,272.8816521321156,219.46562224563775
KARNATAKA,BENGALURU- URBAN,271225,278.8061855670103,272.8816521321156,219.46562224563775
KARNATAKA,BENGALURU- URBAN,271226,276.1721991701245,272.8816521321156,219.46562224563775
KARNATAKA,BENGALURU- URBAN,271227,270.5238095238095,272.8816521321156,219.46562224563775
KARNATAKA,BENGALURU- URBAN,271228,264.71875,272.8816521321156,219.46562224563775
KARNATAKA,BENGALURU- URBAN,271229,275.01960784313724,272.8816521321156,219.46562224563775
KARNATAKA,BENGALURU- URBAN,271230,272.8755458515284,272.8816521321156,219.46562224563775
KARNATAKA,BENGALURU- URBAN,271231,273.54112554112555,272.8816521321156,219.46562224563775
KARNATAKA,BENGALURU- URBAN,271232,266.7516339869281,272.8816521321156,219.46562224563775
KARNATAKA,BENGALURU- URBAN,271233,267.67965367965365,272.8816521321156,219.46562224563775
KARNATAKA,BENGALURU- URBAN,271234,269.77705627705626,272.8816521321156,219.46562224563775
KARNATAKA,BENGALURU- URBAN,271235,273.3600867678959,272.8816521321156,219.46562224563775
KARNATAKA,BENGALURU- URBAN,271236,260.06739130434784,272.8816521321156,219.46562224563775
KARNATAKA,BENGALURU- URBAN,271237,278.7457627118644,272.8816521321156,219.46562224563775
KARNATAKA,BENGALURU- URBAN,271238,283.25897435897434,272.8816521321156,219.46562224563775
KARNATAKA,BENGALURU- URBAN,271239,271.1496062992126,272.8816521321156,219.46562224563775
KARNATAKA,BENGALURU- URBAN,271240,262.78386167146977,272.8816521321156,219.46562224563775
KARNATAKA,BENGALURU- URBAN,271241,285.6618911174785,272.8816521321156,219.46562224563775
KARNATAKA,BENGALURU- URBAN,271242,280.6472303206997,272.8816521321156,219.46562224563775
KARNATAKA,BENGALURU- URBAN,271243,283.10526315789474,272.8816521321156,219.46562224563775
KARNATAKA,BENGALURU- URBAN,271244,285.0033222591362,272.8816521321156,219.46562224563775
KARNATAKA,BENGALURU- URBAN,271245,260.72727272727275,272.8816521321156,219.46562224563775
KARNATAKA,BENGALURU- URBAN,271246,277.992700729927,272.8816521321156,219.46562224563775
KARNATAKA,BENGALURU- URBAN,271247,264.7782608695652,272.8816521321156,219.46562224563775
KARNATAKA,BENGALURU- URBAN,271248,267.0262008733624,272.8816521321156,219.46562224563775
KARNATAKA,BENGALURU- URBAN,271249,287.6521739130435,272.8816521321156,219.46562224563775
KARNATAKA,BENGALURU- URBAN,271250,287.3939393939394,272.8816521321156,219.46562224563775
KARNATAKA,BENGALURU- URBAN,271251,251.66666666666666,272.8816521321156,219.46562224563775
KARNATAKA,BENGALURU- URBAN,271252,267.1036585365854,272.8816521321156,219.46562224563775
KARNATAKA,BENGALURU- URBAN,271253,292.77566539923953,272.8816521321156,219.46562224563775
KARNATAKA,BIDAR,271301,254.71912491178546,242.38518064911207,219.46562224563775
KARNATAKA,BIDAR,271302,237.28360309641099,242.38518064911207,219.46562224563775
KARNATAKA,BIDAR,271303,249.08450704225353,242.38518064911207,219.46562224563775
KARNATAKA,BIDAR,271304,234.9037558685446,242.38518064911207,219.46562224563775
KARNATAKA,BIDAR,271305,248.54058441558442,242.38518064911207,219.46562224563775
KARNATAKA,BIDAR,271306,230.9637526652452,242.38518064911207,219.46562224563775
KARNATAKA,BIDAR,271307,243.0,242.38518064911207,219.46562224563775
KARNATAKA,BIDAR,271308,252.1067415730337,242.38518064911207,219.46562224563775
KARNATAKA,BIDAR,271309,243.66467065868264,242.38518064911207,219.46562224563775
KARNATAKA,BIDAR,271310,231.19148936170214,242.38518064911207,219.46562224563775
KARNATAKA,BIDAR,271311,248.32508833922262,242.38518064911207,219.46562224563775
KARNATAKA,BIDAR,271312,229.34875444839858,242.38518064911207,219.46562224563775
KARNATAKA,BIDAR,271313,229.39495798319328,242.38518064911207,219.46562224563775
KARNATAKA,BIDAR,271314,217.28865979381445,242.38518064911207,219.46562224563775
KARNATAKA,CHAMARAJNAGAR,271401,175.0603015075377,170.22880371660858,219.46562224563775
KARNATAKA,CHAMARAJNAGAR,271402,165.3943661971831,170.22880371660858,219.46562224563775
KARNATAKA,CHAMARAJNAGAR,271403,168.3148148148148,170.22880371660858,219.46562224563775
KARNATAKA,CHIKABALLAPUR,271501,204.00948991696322,199.26545754328112,219.46562224563775
KARNATAKA,CHIKABALLAPUR,271502,198.7165991902834,199.26545754328112,219.46562224563775
KARNATAKA,CHIKABALLAPUR,271503,194.6950354609929,199.26545754328112,219.46562224563775
KARNATAKA,CHIKABALLAPUR,271504,194.65558194774346,199.26545754328112,219.46562224563775
KARNATAKA,CHIKABALLAPUR,271505,199.17133956386292,199.26545754328112,219.46562224563775
KARNATAKA,CHIKABALLAPUR,271506,213.05333333333334,199.26545754328112,219.46562224563775
KARNATAKA,CHIKABALLAPUR,271507,183.9894366197183,199.26545754328112,219.46562224563775
KARNATAKA,CHIKABALLAPUR,271508,200.94444444444446,199.26545754328112,219.46562224563775
KARNATAKA,CHIKMAGALUR,271601,181.29850746268656,181.29907264296753,219.46562224563775
KARNATAKA,CHIKMAGALUR,271602,181.29967948717947,181.29907264296753,219.46562224563775
KARNATAKA,CHITRADURGA,271701,165.06869479882238,167.84593935169048,219.46562224563775
KARNATAKA,CHITRADURGA,271702,167.55,167.84593935169048,219.46562224563775
KARNATAKA,CHITRADURGA,271703,169.26480836236934,167.84593935169048,219.46562224563775
KARNATAKA,CHITRADURGA,271704,171.15776081424937,167.84593935169048,219.46562224563775
KARNATAKA,CHITRADURGA,271705,170.76897689768978,167.84593935169048,219.46562224563775
KARNATAKA,DAVANGERE,270301,230.22143864598024,225.22816084709441,219.46562224563775
KARNATAKA,DAVANGERE,270302,229.5113314447592,225.22816084709441,219.46562224563775
KARNATAKA,DAVANGERE,270303,214.28954802259886,225.22816084709441,219.46562224563775
KARNATAKA,DAVANGERE,270304,228.04552590266877,225.22816084709441,219.46562224563775
KARNATAKA,DAVANGERE,270305,222.60207612456747,225.22816084709441,219.46562224563775
KARNATAKA,DAVANGERE,270306,222.33140655105973,225.22816084709441,219.46562224563775
KARNATAKA,DAVANGERE,270307,214.33050847457628,225.22816084709441,219.46562224563775
KARNATAKA,DAVANGERE,270308,230.68776371308016,225.22816084709441,219.46562224563775
KARNATAKA,DAVANGERE,270309,227.33475479744138,225.22816084709441,219.46562224563775
KARNATAKA,DAVANGERE,270310,232.89598108747046,225.22816084709441,219.46562224563775
KARNATAKA,DAVANGERE,270311,210.5278450363196,225.22816084709441,219.46562224563775
KARNATAKA,DAVANGERE,270312,238.9218009478673,225.22816084709441,219.46562224563775
KARNATAKA,DAVANGERE,270313,224.26184538653368,225.22816084709441,219.46562224563775
KARNATAKA,DAVANGERE,270314,221.09348441926346,225.22816084709441,219.46562224563775
KARNATAKA,DAVANGERE,270315,244.5185185185185,225.22816084709441,219.46562224563775
KARNATAKA,DAVANGERE,270316,212.14093959731542,225.22816084709441,219.46562224563775
KARNATAKA,DHARWAD,270401,179.4367666232073,183.85867091488393,219.46562224563775
KARNATAKA,DHARWAD,270402,186.01185185185184,183.85867091488393,219.46562224563775
KARNATAKA,DHARWAD,270403,186.98504273504273,183.85867091488393,219.46562224563775
KARNATAKA,DHARWAD,270404,185.9360341151386,183.85867091488393,219.46562224563775
KARNATAKA,DHARWAD,270405,184.97424892703862,183.85867091488393,219.46562224563775
KARNATAKA,DHARWAD,270406,193.978672985782,183.85867091488393,219.46562224563775
KARNATAKA,DHARWAD,270407,187.55388471177946,183.85867091488393,219.46562224563775
KARNATAKA,DHARWAD,270408,180.4126984126984,183.85867091488393,219.46562224563775
KARNATAKA,DHARWAD,270409,168.25428571428571,183.85867091488393,219.46562224563775
KARNATAKA,GADAG,271801,157.37254901960785,160.49863313285948,219.46562224563775
KARNATAKA,GADAG,271802,170.52836879432624,160.49863313285948,219.46562224563775
KARNATAKA,GADAG,271803,154.16546762589928,160.49863313285948,219.46562224563775
KARNATAKA,GADAG,271804,162.30603448275863,160.49863313285948,219.46562224563775
KARNATAKA,GADAG,271805,150.90254237288136,160.49863313285948,219.46562224563775
KARNATAKA,GADAG,271806,163.06465517241378,160.49863313285948,219.46562224563775
KARNATAKA,GADAG,271807,164.82889733840304,160.49863313285948,219.46562224563775
KARNATAKA,GULBARGA/KALABURGI,270501,206.31416400425985,204.00483410239508,219.46562224563775
KARNATAKA,GULBARGA/KALABURGI,270502,208.87659574468086,204.00483410239508,219.46562224563775
KARNATAKA,GULBARGA/KALABURGI,270503,216.60283687943263,204.00483410239508,219.46562224563775
KARNATAKA,GULBARGA/KALABURGI,270504,195.99269183922047,204.00483410239508,219.46562224563775
KARNATAKA,GULBARGA/KALABURGI,270505,198.53191489361703,204.00483410239508,219.46562224563775
KARNATAKA,GULBARGA/KALABURGI,270506,207.2018691588785,204.00483410239508,219.46562224563775
KARNATAKA,GULBARGA/KALABURGI,270507,212.88974854932303,204.00483410239508,219.46562224563775
KARNATAKA,GULBARGA/KALABURGI,270508,198.4181818181818,204.00483410239508,219.46562224563775
KARNATAKA,GULBARGA/KALABURGI,270509,208.11967545638944,204.00483410239508,219.46562224563775
KARNATAKA,GULBARGA/KALABURGI,270510,203.01123595505618,204.00483410239508,219.46562224563775
KARNATAKA,GULBARGA/KALABURGI,270511,220.3356973995272,204.00483410239508,219.46562224563775
KARNATAKA,GULBARGA/KALABURGI,270512,219.02962962962962,204.00483410239508,219.46562224563775
KARNATAKA,GULBARGA/KALABURGI,270513,202.40501792114696,204.00483410239508,219.46562224563775
KARNATAKA,GULBARGA/KALABURGI,270514,181.4055944055944,204.00483410239508,219.46562224563775
KARNATAKA,GULBARGA/KALABURGI,270515,198.19066147859922,204.00483410239508,219.46562224563775
KARNATAKA,GULBARGA/KALABURGI,270516,183.14117647058825,204.00483410239508,219.46562224563775
KARNATAKA,GULBARGA/KALABURGI,270517,205.1949152542373,204.00483410239508,219.46562224563775
KARNATAKA,GULBARGA/KALABURGI,270518,152.25333333333333,204.00483410239508,219.46562224563775
KARNATAKA,HASSAN,271901,204.95238095238096,201.02565632458234,219.46562224563775
KARNATAKA,HASSAN,271902,208.6818181818182,201.02565632458234,219.46562224563775
KARNATAKA,HASSAN,271903,197.33988764044943,201.02565632458234,219.46562224563775
KARNATAKA,HASSAN,271904,204.58739255014328,201.02565632458234,219.46562224563775
KARNATAKA,HASSAN,271905,212.30249110320284,201.02565632458234,219.46562224563775
KARNATAKA,HASSAN,271906,191.38709677419354,201.02565632458234,219.46562224563775
KARNATAKA,HASSAN,271907,202.6235294117647,201.02565632458234,219.46562224563775
KARNATAKA,HASSAN,271908,194.49137931034483,201.02565632458234,219.46562224563775
KARNATAKA,HASSAN,271909,195.0438596491228,201.02565632458234,219.46562224563775
KARNATAKA,HASSAN,271910,196.52153110047846,201.02565632458234,219.46562224563775
KARNATAKA,HASSAN,271911,194.59217877094972,201.02565632458234,219.46562224563775
KARNATAKA,HASSAN,271912,197.49324324324326,201.02565632458234,219.46562224563775
KARNATAKA,HAVERI,272001,146.2389705882353,145.18063958513397,219.46562224563775
KARNATAKA,HAVERI,272002,144.1818181818182,145.18063958513397,219.46562224563775
KARNATAKA,HAVERI,272003,136.8030303030303,145.18063958513397,219.46562224563775
KARNATAKA,HAVERI,272004,159.7099567099567,145.18063958513397,219.46562224563775
KARNATAKA,HAVERI,272005,139.67372881355934,145.18063958513397,219.46562224563775
KARNATAKA,HAVERI,272006,155.03684210526316,145.18063958513397,219.46562224563775
KARNATAKA,HAVERI,272007,144.85889570552146,145.18063958513397,219.46562224563775
KARNATAKA,HAVERI,272008,140.19402985074626,145.18063958513397,219.46562224563775
KARNATAKA,HUBLI,270601,228.3090909090909,226.44617668893838,219.46562224563775
KARNATAKA,HUBLI,270602,224.11708253358924,226.44617668893838,219.46562224563775
KARNATAKA,HUBLI,270603,226.60271317829458,226.44617668893838,219.46562224563775
KARNATAKA,HUBLI,270604,228.86653771760155,226.44617668893838,219.46562224563775
KARNATAKA,HUBLI,270605,205.17658349328215,226.44617668893838,219.46562224563775
KARNATAKA,HUBLI,270606,233.4959349593496,226.44617668893838,219.46562224563775
KARNATAKA,HUBLI,270607,240.10752688172042,226.44617668893838,219.46562224563775
KARNATAKA,HUBLI,270608,226.48267326732673,226.44617668893838,219.46562224563775
KARNATAKA,KARWAR,272101,175.89523809523808,175.89523809523808,219.46562224563775
KARNATAKA,KODAGU,272201,169.31469979296065,169.31469979296065,219.46562224563775
KARNATAKA,KOLAR,272301,191.82917214191852,193.30248478701824,219.46562224563775
KARNATAKA,KOLAR,272302,189.58823529411765,193.30248478701824,219.46562224563775
KARNATAKA,KOLAR,272303,190.60164271047228,193.30248478701824,219.46562224563775
KARNATAKA,KOLAR,272304,191.49460043196544,193.30248478701824,219.46562224563775
KARNATAKA,KOLAR,272305,201.60458452722062,193.30248478701824,219.46562224563775
KARNATAKA,KOLAR,272306,188.7528735632184,193.30248478701824,219.46562224563775
KARNATAKA,KOLAR,272307,195.1549295774648,193.30248478701824,219.46562224563775
KARNATAKA,KOLAR,272308,206.74007220216606,193.30248478701824,219.46562224563775
KARNATAKA,KOLAR,272309,194.1159420289855,193.30248478701824,219.46562224563775
KARNATAKA,KOPPAL,272401,192.01913875598086,180.28731642189587,219.46562224563775
KARNATAKA,KOPPAL,272402,183.57294429708222,180.28731642189587,219.46562224563775
KARNATAKA,KOPPAL,272403,181.6586102719033,180.28731642189587,219.46562224563775
KARNATAKA,KOPPAL,272404,171.51671732522797,180.28731642189587,219.46562224563775
KARNATAKA,KOPPAL,272405,177.6045751633987,180.28731642189587,219.46562224563775
KARNATAKA,KOPPAL,272406,175.7814569536424,180.28731642189587,219.46562224563775
KARNATAKA,KOPPAL,272407,175.44725738396625,180.28731642189587,219.46562224563775
KARNATAKA,KOPPAL,272408,189.77056277056278,180.28731642189587,219.46562224563775
KARNATAKA,KOPPAL,272409,179.14285714285714,180.28731642189587,219.46562224563775
KARNATAKA,KOPPAL,272410,186.89473684210526,180.28731642189587,219.46562224563775
KARNATAKA,KOPPAL,272411,191.12765957446808,180.28731642189587,219.46562224563775
KARNATAKA,KOPPAL,272412,180.26988636363637,180.28731642189587,219.46562224563775
KARNATAKA,KOPPAL,272413,158.1699604743083,180.28731642189587,219.46562224563775
KARNATAKA,MANDYA,272501,187.12007874015748,185.62121212121212,219.46562224563775
KARNATAKA,MANDYA,272502,185.40485829959513,185.62121212121212,219.46562224563775
KARNATAKA,MANDYA,272503,172.16842105263157,185.62121212121212,219.46562224563775
KARNATAKA,MANDYA,272504,196.8045112781955,185.62121212121212,219.46562224563775
KARNATAKA,MANDYA,272505,186.32427843803055,185.62121212121212,219.46562224563775
KARNATAKA,MANGALURU (MANGALORE),270701,317.3053152039555,314.5436507936508,219.46562224563775
KARNATAKA,MANGALURU (MANGALORE),270702,312.671601615074,314.5436507936508,219.46562224563775
KARNATAKA,MANGALURU (MANGALORE),270703,320.0877192982456,314.5436507936508,219.46562224563775
KARNATAKA,MANGALURU (MANGALORE),270704,308.9607508532423,314.5436507936508,219.46562224563775
KARNATAKA,MANGALURU (MANGALORE),270705,311.1835334476844,314.5436507936508,219.46562224563775
KARNATAKA,MANGALURU (MANGALORE),270706,315.2190082644628,314.5436507936508,219.46562224563775
KARNATAKA,MANGALURU (MANGALORE),270707,320.5440860215054,314.5436507936508,219.46562224563775
KARNATAKA,MANGALURU (MANGALORE),270708,316.62554112554113,314.5436507936508,219.46562224563775
KARNATAKA,MANGALURU (MANGALORE),270709,319.0823244552058,314.5436507936508,219.46562224563775
KARNATAKA,MANGALURU (MANGALORE),270710,313.14761904761906,314.5436507936508,219.46562224563775
KARNATAKA,MANGALURU (MANGALORE),270711,313.8450363196126,314.5436507936508,219.46562224563775
KARNATAKA,MANGALURU (MANGALORE),270712,308.2773536895674,314.5436507936508,219.46562224563775
KARNATAKA,MANGALURU (MANGALORE),270713,323.5419847328244,314.5436507936508,219.46562224563775
KARNATAKA,MANGALURU (MANGALORE),270714,318.8659793814433,314.5436507936508,219.46562224563775
KARNATAKA,MANGALURU (MANGALORE),270715,312.9113924050633,314.5436507936508,219.46562224563775
KARNATAKA,MANGALURU (MANGALORE),270716,306.30835734870317,314.5436507936508,219.46562224563775
KARNATAKA,MANGALURU (MANGALORE),270717,305.231884057971,314.5436507936508,219.46562224563775
KARNATAKA,MANGALURU (MANGALORE),270718,307.8962536023055,314.5436507936508,219.46562224563775
KARNATAKA,MANGALURU (MANGALORE),270719,334.5907590759076,314.5436507936508,219.46562224563775
KARNATAKA,MANGALURU (MANGALORE),270720,304.8112745098039,314.5436507936508,219.46562224563775
KARNATAKA,MYSURU (MYSORE),270801,205.10626185958253,207.7938021454112,219.46562224563775
KARNATAKA,MYSURU (MYSORE),270802,203.54192229038856,207.7938021454112,219.46562224563775
KARNATAKA,MYSURU (MYSORE),270803,202.2551867219917,207.7938021454112,219.46562224563775
KARNATAKA,MYSURU (MYSORE),270804,205.2621951219512,207.7938021454112,219.46562224563775
KARNATAKA,MYSURU (MYSORE),270805,200.80212765957447,207.7938021454112,219.46562224563775
KARNATAKA,MYSURU (MYSORE),270806,201.54193548387096,207.7938021454112,219.46562224563775
KARNATAKA,MYSURU (MYSORE),270807,201.4043956043956,207.7938021454112,219.46562224563775
KARNATAKA,MYSURU (MYSORE),270808,215.45689655172413,207.7938021454112,219.46562224563775
KARNATAKA,MYSURU (MYSORE),270809,214.37284482758622,207.7938021454112,219.46562224563775
KARNATAKA,MYSURU (MYSORE),270810,202.18358531317494,207.7938021454112,219.46562224563775
KARNATAKA,MYSURU (MYSORE),270811,214.4989010989011,207.7938021454112,219.46562224563775
KARNATAKA,MYSURU (MYSORE),270812,201.41590909090908,207.7938021454112,219.46562224563775
KARNATAKA,MYSURU (MYSORE),270813,214.92183288409703,207.7938021454112,219.46562224563775
KARNATAKA,MYSURU (MYSORE),270814,201.01169590643275,207.7938021454112,219.46562224563775
KARNATAKA,MYSURU (MYSORE),270815,211.88538681948424,207.7938021454112,219.46562224563775
KARNATAKA,MYSURU (MYSORE),270816,215.68804664723032,207.7938021454112,219.46562224563775
KARNATAKA,MYSURU (MYSORE),270817,226.05369127516778,207.7938021454112,219.46562224563775
KARNATAKA,MYSURU (MYSORE),270818,220.72527472527472,207.7938021454112,219.46562224563775
KARNATAKA,RAICHUR,272601,177.13059033989268,172.1050552922591,219.46562224563775
KARNATAKA,RAICHUR,272602,172.5836431226766,172.1050552922591,219.46562224563775
KARNATAKA,RAICHUR,272603,179.431640625,172.1050552922591,219.46562224563775
KARNATAKA,RAICHUR,272604,176.60997732426304,172.1050552922591,219.46562224563775
KARNATAKA,RAICHUR,272605,166.8255033557047,172.1050552922591,219.46562224563775
KARNATAKA,RAICHUR,272606,174.97068403908796,172.1050552922591,219.46562224563775
KARNATAKA,RAICHUR,272607,160.19661016949152,172.1050552922591,219.46562224563775
KARNATAKA,RAICHUR,272608,169.4046052631579,172.1050552922591,219.46562224563775
KARNATAKA,RAICHUR,272609,164.53417721518989,172.1050552922591,219.46562224563775
KARNATAKA,RAMANAGARA,272701,208.62745098039215,208.62745098039215,219.46562224563775
KARNATAKA,SHIVAMOGA (SHIMOGA),272801,186.8646288209607,184.92926399294845,219.46562224563775
KARNATAKA,SHIVAMOGA (SHIMOGA),272802,177.0353982300885,184.92926399294845,219.46562224563775
KARNATAKA,SHIVAMOGA (SHIMOGA),272803,198.8515815085158,184.92926399294845,219.46562224563775
KARNATAKA,SHIVAMOGA (SHIMOGA),272804,184.94162436548223,184.92926399294845,219.46562224563775
KARNATAKA,SHIVAMOGA (SHIMOGA),272805,167.67676767676767,184.92926399294845,219.46562224563775
KARNATAKA,SHIVAMOGA (SHIMOGA),272806,182.69911504424778,184.92926399294845,219.46562224563775
KARNATAKA,SHIVAMOGA (SHIMOGA),272807,189.09322033898306,184.92926399294845,219.46562224563775
KARNATAKA,SHIVAMOGA (SHIMOGA),272808,191.9796511627907,184.92926399294845,219.46562224563775
KARNATAKA,SHIVAMOGA (SHIMOGA),272809,184.2840579710145,184.92926399294845,219.46562224563775
KARNATAKA,SHIVAMOGA (SHIMOGA),272810,185.73400673400673,184.92926399294845,219.46562224563775
KARNATAKA,SHIVAMOGA (SHIMOGA),272811,184.0215053763441,184.92926399294845,219.46562224563775
KARNATAKA,SHIVAMOGA (SHIMOGA),272812,186.80597014925374,184.92926399294845,219.46562224563775
KARNATAKA,TUMAKURU,272901,197.2849915682968,191.03334027922483,219.46562224563775
KARNATAKA,TUMAKURU,272902,188.9262187088274,191.03334027922483,219.46562224563775
KARNATAKA,TUMAKURU,272903,183.27258805513017,191.03334027922483,219.46562224563775
KARNATAKA,TUMAKURU,272904,179.62737642585552,191.03334027922483,219.46562224563775
KARNATAKA,TUMAKURU,272905,189.25051334702258,191.03334027922483,219.46562224563775
KARNATAKA,TUMAKURU,272906,191.5943396226415,191.03334027922483,219.46562224563775
KARNATAKA,TUMAKURU,272907,201.50361445783133,191.03334027922483,219.46562224563775
KARNATAKA,TUMAKURU,272908,195.43839541547277,191.03334027922483,219.46562224563775
KARNATAKA,TUMKUR,272909,194.54310344827587,194.54310344827587,219.46562224563775
KARNATAKA,UDUPI/MANIPAL,270901,269.46985446985445,271.50081142486204,219.46562224563775
KARNATAKA,UDUPI/MANIPAL,270902,263.5260416666667,271.50081142486204,219.46562224563775
KARNATAKA,UDUPI/MANIPAL,270903,281.34513274336285,271.50081142486204,219.46562224563775
KARNATAKA,UDUPI/MANIPAL,270904,254.8057971014493,271.50081142486204,219.46562224563775
KARNATAKA,UDUPI/MANIPAL,270905,265.1860465116279,271.50081142486204,219.46562224563775
KARNATAKA,UDUPI/MANIPAL,270906,291.96521739130435,271.50081142486204,219.46562224563775
KARNATAKA,UDUPI/MANIPAL,270907,273.97076023391816,271.50081142486204,219.46562224563775
KARNATAKA,UDUPI/MANIPAL,270908,273.5743440233236,271.50081142486204,219.46562224563775
KARNATAKA,UDUPI/MANIPAL,270909,271.61392405063293,271.50081142486204,219.46562224563775
KARNATAKA,VIJAYAPURA,273001,181.1805359661495,184.14615936826993,219.46562224563775
KARNATAKA,VIJAYAPURA,273002,182.95461200585652,184.14615936826993,219.46562224563775
KARNATAKA,VIJAYAPURA,273003,186.60087719298247,184.14615936826993,219.46562224563775
KARNATAKA,VIJAYAPURA,273004,180.79483282674772,184.14615936826993,219.46562224563775
KARNATAKA,VIJAYAPURA,273005,186.85192697768764,184.14615936826993,219.46562224563775
KARNATAKA,VIJAYAPURA,273006,190.63983903420524,184.14615936826993,219.46562224563775
KARNATAKA,VIJAYAPURA,273007,188.15113350125944,184.14615936826993,219.46562224563775
KARNATAKA,VIJAYAPURA,273008,158.82386363636363,184.14615936826993,219.46562224563775
KARNATAKA,VIJAYAPURA,273009,191.21714285714285,184.14615936826993,219.46562224563775
KARNATAKA,VIJAYAPURA,273010,172.6323119777159,184.14615936826993,219.46562224563775
KARNATAKA,VIJAYAPURA,273011,185.56901408450705,184.14615936826993,219.46562224563775
KARNATAKA,VIJAYAPURA,273012,177.66478873239436,184.14615936826993,219.46562224563775
KARNATAKA,VIJAYAPURA,273013,191.69688385269123,184.14615936826993,219.46562224563775
KARNATAKA,VIJAYAPURA,273014,198.2130681818182,184.14615936826993,219.46562224563775
KARNATAKA,VIJAYAPURA,273015,209.13983050847457,184.14615936826993,219.46562224563775
KARNATAKA,VIJAYAPURA,273016,154.9318181818182,184.14615936826993,219.46562224563775
KARNATAKA,YADGIR,273101,158.28131416837783,157.92688413948255,219.46562224563775
KARNATAKA,YADGIR,273102,150.779797979798,157.92688413948255,219.46562224563775
KARNATAKA,YADGIR,273103,167.62,157.92688413948255,219.46562224563775
KARNATAKA,YADGIR,273104,164.0521327014218,157.92688413948255,219.46562224563775
KARNATAKA,YADGIR,273105,148.17297297297299,157.92688413948255,219.46562224563775
KERALA,ALAPPUZHA/CHENGANNUR,280101,203.8354271356784,207.46381722780936,235.69896640826875
KERALA,ALAPPUZHA/CHENGANNUR,280102,207.70229007633588,207.46381722780936,235.69896640826875
KERALA,ALAPPUZHA/CHENGANNUR,280103,207.02280701754387,207.46381722780936,235.69896640826875
KERALA,ALAPPUZHA/CHENGANNUR,280104,208.52482269503545,207.46381722780936,235.69896640826875
KERALA,ALAPPUZHA/CHENGANNUR,280105,203.44502617801047,207.46381722780936,235.69896640826875
KERALA,ALAPPUZHA/CHENGANNUR,280106,202.28571428571428,207.46381722780936,235.69896640826875
KERALA,ALAPPUZHA/CHENGANNUR,280107,217.94589178356713,207.46381722780936,235.69896640826875
KERALA,ALAPPUZHA/CHENGANNUR,280108,203.18543046357615,207.46381722780936,235.69896640826875
KERALA,ALAPPUZHA/CHENGANNUR,280109,205.84245076586433,207.46381722780936,235.69896640826875
KERALA,ALAPPUZHA/CHENGANNUR,280110,216.8649237472767,207.46381722780936,235.69896640826875
KERALA,ALAPPUZHA/CHENGANNUR,280111,200.30043859649123,207.46381722780936,235.69896640826875
KERALA,ALAPPUZHA/CHENGANNUR,280112,205.59154929577466,207.46381722780936,235.69896640826875
KERALA,ALAPPUZHA/CHENGANNUR,280113,214.10050251256283,207.46381722780936,235.69896640826875
KERALA,ALAPPUZHA/CHENGANNUR,280114,217.0439882697947,207.46381722780936,235.69896640826875
KERALA,ALAPPUZHA/CHENGANNUR,280115,209.02134146341464,207.46381722780936,235.69896640826875
KERALA,ALAPPUZHA/CHENGANNUR,280116,205.66455696202533,207.46381722780936,235.69896640826875
KERALA,ALAPPUZHA/CHENGANNUR,280117,208.4907063197026,207.46381722780936,235.69896640826875
KERALA,ALAPPUZHA/CHENGANNUR,280118,208.15463917525773,207.46381722780936,235.69896640826875
KERALA,ALAPPUZHA/CHENGANNUR,280119,205.09617918313572,207.46381722780936,235.69896640826875
KERALA,ANGAMALY,280201,217.17700729927006,211.87941176470588,235.69896640826875
KERALA,ANGAMALY,280202,215.0744101633394,211.87941176470588,235.69896640826875
KERALA,ANGAMALY,280203,215.7116935483871,211.87941176470588,235.69896640826875
KERALA,ANGAMALY,280204,206.43333333333334,211.87941176470588,235.69896640826875
KERALA,ANGAMALY,280205,205.879917184265,211.87941176470588,235.69896640826875
KERALA,ANGAMALY,280206,220.33632286995515,211.87941176470588,235.69896640826875
KERALA,ANGAMALY,280207,199.6969696969697,211.87941176470588,235.69896640826875
KERALA,ERNAKULAM/MOOVATTUPUZHA,280301,218.36265432098764,224.4761102739119,235.69896640826875
KERALA,ERNAKULAM/MOOVATTUPUZHA,280302,221.47538461538463,224.4761102739119,235.69896640826875
KERALA,ERNAKULAM/MOOVATTUPUZHA,280303,227.83934426229507,224.4761102739119,235.69896640826875
KERALA,ERNAKULAM/MOOVATTUPUZHA,280304,212.79322638146166,224.4761102739119,235.69896640826875
KERALA,ERNAKULAM/MOOVATTUPUZHA,280305,222.22490706319704,224.4761102739119,235.69896640826875
KERALA,ERNAKULAM/MOOVATTUPUZHA,280306,243.85310734463278,224.4761102739119,235.69896640826875
KERALA,ERNAKULAM/MOOVATTUPUZHA,280307,215.33665338645417,224.4761102739119,235.69896640826875
KERALA,ERNAKULAM/MOOVATTUPUZHA,280308,227.46693386773546,224.4761102739119,235.69896640826875
KERALA,ERNAKULAM/MOOVATTUPUZHA,280309,229.4255319148936,224.4761102739119,235.69896640826875
KERALA,ERNAKULAM/MOOVATTUPUZHA,280310,229.041928721174,224.4761102739119,235.69896640826875
KERALA,ERNAKULAM/MOOVATTUPUZHA,280311,222.47640449438202,224.4761102739119,235.69896640826875
KERALA,ERNAKULAM/MOOVATTUPUZHA,280312,219.0340909090909,224.4761102739119,235.69896640826875
KERALA,ERNAKULAM/MOOVATTUPUZHA,280313,226.65256124721603,224.4761102739119,235.69896640826875
KERALA,ERNAKULAM/MOOVATTUPUZHA,280314,230.11981566820276,224.4761102739119,235.69896640826875
KERALA,ERNAKULAM/MOOVATTUPUZHA,280315,223.39198218262806,224.4761102739119,235.69896640826875
KERALA,ERNAKULAM/MOOVATTUPUZHA,280316,220.78807947019868,224.4761102739119,235.69896640826875
KERALA,ERNAKULAM/MOOVATTUPUZHA,280317,216.38403990024938,224.4761102739119,235.69896640826875
KERALA,ERNAKULAM/MOOVATTUPUZHA,280318,224.14786967418547,224.4761102739119,235.69896640826875
KERALA,ERNAKULAM/MOOVATTUPUZHA,280319,207.55917159763314,224.4761102739119,235.69896640826875
KERALA,ERNAKULAM/MOOVATTUPUZHA,280320,215.01234567901236,224.4761102739119,235.69896640826875
KERALA,ERNAKULAM/MOOVATTUPUZHA,280321,233.9113149847095,224.4761102739119,235.69896640826875
KERALA,ERNAKULAM/MOOVATTUPUZHA,280322,229.56782334384857,224.4761102739119,235.69896640826875
KERALA,ERNAKULAM/MOOVATTUPUZHA,280323,244.85163204747775,224.4761102739119,235.69896640826875
KERALA,ERNAKULAM/MOOVATTUPUZHA,280324,230.54654654654655,224.4761102739119,235.69896640826875
KERALA,ERNAKULAM/MOOVATTUPUZHA,280325,225.9541547277937,224.4761102739119,235.69896640826875
KERALA,IDUKKI,281301,183.18166939443535,182.95702775290957,235.69896640826875
KERALA,IDUKKI,281302,184.80426356589146,182.95702775290957,235.69896640826875
KERALA,IDUKKI,281303,174.87529411764706,182.95702775290957,235.69896640826875
KERALA,IDUKKI,281304,191.2240566037736,182.95702775290957,235.69896640826875
KERALA,IDUKKI,281305,178.45736434108528,182.95702775290957,235.69896640826875
KERALA,KANNUR,280401,235.89717223650385,235.2582824477069,235.69896640826875
KERALA,KANNUR,280402,233.5759162303665,235.2582824477069,235.69896640826875
KERALA,KANNUR,280403,239.38818565400845,235.2582824477069,235.69896640826875
KERALA,KANNUR,280404,233.3215859030837,235.2582824477069,235.69896640826875
KERALA,KANNUR,280405,245.44132653061226,235.2582824477069,235.69896640826875
KERALA,KANNUR,280406,245.78155339805826,235.2582824477069,235.69896640826875
KERALA,KANNUR,280407,228.01044386422976,235.2582824477069,235.69896640826875
KERALA,KANNUR,280408,247.16272965879264,235.2582824477069,235.69896640826875
KERALA,KANNUR,280409,222.8452380952381,235.2582824477069,235.69896640826875
KERALA,KANNUR,280410,233.63063063063063,235.2582824477069,235.69896640826875
KERALA,KANNUR,280411,240.91420118343194,235.2582824477069,235.69896640826875
KERALA,KANNUR,280412,240.17543859649123,235.2582824477069,235.69896640826875
KERALA,KANNUR,280413,230.59726962457339,235.2582824477069,235.69896640826875
KERALA,KANNUR,280414,232.628,235.2582824477069,235.69896640826875
KERALA,KANNUR,280415,232.4780701754386,235.2582824477069,235.69896640826875
KERALA,KANNUR,280416,217.9911111111111,235.2582824477069,235.69896640826875
KERALA,KANNUR,280417,217.01769911504425,235.2582824477069,235.69896640826875
KERALA,KANNUR,280418,221.755,235.2582824477069,235.69896640826875
KERALA,KANNUR,280419,237.83229813664596,235.2582824477069,235.69896640826875
KERALA,KANNUR,280420,238.9313725490196,235.2582824477069,235.69896640826875
KERALA,KASARAGOD,280501,209.15127701375246,220.53872180451128,235.69896640826875
KERALA,KASARAGOD,280502,221.71714922048997,220.53872180451128,235.69896640826875
KERALA,KASARAGOD,280503,217.44289693593313,220.53872180451128,235.69896640826875
KERALA,KASARAGOD,280504,214.14186851211073,220.53872180451128,235.69896640826875
KERALA,KASARAGOD,280505,235.74180327868854,220.53872180451128,235.69896640826875
KERALA,KASARAGOD,280506,234.1504424778761,220.53872180451128,235.69896640826875
KERALA,KASARAGOD,280507,233.52558139534884,220.53872180451128,235.69896640826875
KERALA,KASARAGOD,280508,216.8780487804878,220.53872180451128,235.69896640826875
KERALA,KOLLAM,280601,208.3148308759757,206.26417997948116,235.69896640826875
KERALA,KOLLAM,280602,211.74027237354085,206.26417997948116,235.69896640826875
KERALA,KOLLAM,280603,206.17816813048933,206.26417997948116,235.69896640826875
KERALA,KOLLAM,280604,217.1494396014944,206.26417997948116,235.69896640826875
KERALA,KOLLAM,280605,205.24017467248908,206.26417997948116,235.69896640826875
KERALA,KOLLAM,280606,198.51519756838906,206.26417997948116,235.69896640826875
KERALA,KOLLAM,280607,207.42528735632183,206.26417997948116,235.69896640826875
KERALA,KOLLAM,280608,202.3006993006993,206.26417997948116,235.69896640826875
KERALA,KOLLAM,280609,205.53980582524272,206.26417997948116,235.69896640826875
KERALA,KOLLAM,280610,210.29657794676805,206.26417997948116,235.69896640826875
KERALA,KOLLAM,280611,202.34728033472803,206.26417997948116,235.69896640826875
KERALA,KOLLAM,280612,205.55075593952483,206.26417997948116,235.69896640826875
KERALA,KOLLAM,280613,203.51416122004358,206.26417997948116,235.69896640826875
KERALA,KOLLAM,280614,199.06458797327394,206.26417997948116,235.69896640826875
KERALA,KOLLAM,280615,207.36231884057972,206.26417997948116,235.69896640826875
KERALA,KOLLAM,280616,209.97093023255815,206.26417997948116,235.69896640826875
KERALA,KOLLAM,280617,211.4807121661721,206.26417997948116,235.69896640826875
KERALA,KOLLAM,280618,213.91091954022988,206.26417997948116,235.69896640826875
KERALA,KOLLAM,280619,198.9029411764706,206.26417997948116,235.69896640826875
KERALA,KOLLAM,280620,191.61337209302326,206.26417997948116,235.69896640826875
KERALA,KOLLAM,280621,211.3145400593472,206.26417997948116,235.69896640826875
KERALA,KOLLAM,280622,207.05539358600583,206.26417997948116,235.69896640826875
KERALA,KOLLAM,280623,192.0704697986577,206.26417997948116,235.69896640826875
KERALA,KOLLAM,280624,202.6401515151515,206.26417997948116,235.69896640826875
KERALA,KOLLAM,280625,214.6865671641791,206.26417997948116,235.69896640826875
KERALA,KOLLAM,280626,203.3768115942029,206.26417997948116,235.69896640826875
KERALA,KOLLAM,280627,204.39338842975206,206.26417997948116,235.69896640826875
KERALA,KOTTAYAM,280701,264.7294117647059,250.88853170457284,235.69896640826875
KERALA,KOTTAYAM,280702,259.76119402985074,250.88853170457284,235.69896640826875
KERALA,KOTTAYAM,280703,239.8860294117647,250.88853170457284,235.69896640826875
KERALA,KOTTAYAM,280704,242.99407114624506,250.88853170457284,235.69896640826875
KERALA,KOTTAYAM,280705,251.34215885947046,250.88853170457284,235.69896640826875
KERALA,KOTTAYAM,280706,251.93790149892934,250.88853170457284,235.69896640826875
KERALA,KOTTAYAM,280707,249.20824295010846,250.88853170457284,235.69896640826875
KERALA,KOTTAYAM,280708,243.07692307692307,250.88853170457284,235.69896640826875
KERALA,KOTTAYAM,280709,252.5511111111111,250.88853170457284,235.69896640826875
KERALA,KOTTAYAM,280710,243.13938053097345,250.88853170457284,235.69896640826875
KERALA,KOTTAYAM,280711,260.45714285714286,250.88853170457284,235.69896640826875
KERALA,KOTTAYAM,280712,242.30921052631578,250.88853170457284,235.69896640826875
KERALA,KOTTAYAM,280713,233.47607655502392,250.88853170457284,235.69896640826875
KERALA,KOTTAYAM,280714,247.6139534883721,250.88853170457284,235.69896640826875
KERALA,KOTTAYAM,280715,267.85820895522386,250.88853170457284,235.69896640826875
KERALA,KOTTAYAM,280716,241.29207920792078,250.88853170457284,235.69896640826875
KERALA,KOTTAYAM,280717,257.55384615384617,250.88853170457284,235.69896640826875
KERALA,KOTTAYAM,280718,246.50265957446808,250.88853170457284,235.69896640826875
KERALA,KOTTAYAM,280719,249.33246753246752,250.88853170457284,235.69896640826875
KERALA,KOTTAYAM,280720,248.14435695538057,250.88853170457284,235.69896640826875
KERALA,KOTTAYAM,280721,249.18947368421053,250.88853170457284,235.69896640826875
KERALA,KOTTAYAM,280722,248.51764705882354,250.88853170457284,235.69896640826875
KERALA,KOTTAYAM,280723,266.21194029850744,250.88853170457284,235.69896640826875
KERALA,KOTTAYAM,280724,259.7761627906977,250.88853170457284,235.69896640826875
KERALA,KOTTAYAM,280725,270.6666666666667,250.88853170457284,235.69896640826875
KERALA,KOTTAYAM,280726,240.6988847583643,250.88853170457284,235.69896640826875
KERALA,KOTTAYAM,280727,243.26872246696036,250.88853170457284,235.69896640826875
KERALA,KOTTAYAM,280728,248.14285714285714,250.88853170457284,235.69896640826875
KERALA,KOTTAYAM,280729,245.04,250.88853170457284,235.69896640826875
KERALA,KOTTAYAM,280730,265.9344262295082,250.88853170457284,235.69896640826875
KERALA,KOTTAYAM,280731,242.97668393782382,250.88853170457284,235.69896640826875
KERALA,KOZHIKODE/CALICUT,280801,278.0194384449244,274.52480904552834,235.69896640826875
KERALA,KOZHIKODE/CALICUT,280802,280.3690987124464,274.52480904552834,235.69896640826875
KERALA,KOZHIKODE/CALICUT,280803,279.05232558139534,274.52480904552834,235.69896640826875
KERALA,KOZHIKODE/CALICUT,280804,272.65811965811963,274.52480904552834,235.69896640826875
KERALA,KOZHIKODE/CALICUT,280805,277.49511400651465,274.52480904552834,235.69896640826875
KERALA,KOZHIKODE/CALICUT,280806,277.1421404682274,274.52480904552834,235.69896640826875
KERALA,KOZHIKODE/CALICUT,280807,289.9914383561644,274.52480904552834,235.69896640826875
KERALA,KOZHIKODE/CALICUT,280808,279.106529209622,274.52480904552834,235.69896640826875
KERALA,KOZHIKODE/CALICUT,280809,278.837786259542,274.52480904552834,235.69896640826875
KERALA,KOZHIKODE/CALICUT,280810,266.937618147448,274.52480904552834,235.69896640826875
KERALA,KOZHIKODE/CALICUT,280811,278.7001934235977,274.52480904552834,235.69896640826875
KERALA,KOZHIKODE/CALICUT,280812,271.83231083844584,274.52480904552834,235.69896640826875
KERALA,KOZHIKODE/CALICUT,280813,288.08817204301073,274.52480904552834,235.69896640826875
KERALA,KOZHIKODE/CALICUT,280814,272.1190476190476,274.52480904552834,235.69896640826875
KERALA,KOZHIKODE/CALICUT,280815,268.9528907922912,274.52480904552834,235.69896640826875
KERALA,KOZHIKODE/CALICUT,280816,260.9912663755459,274.52480904552834,235.69896640826875
KERALA,KOZHIKODE/CALICUT,280817,267.88461538461536,274.52480904552834,235.69896640826875
KERALA,KOZHIKODE/CALICUT,280818,261.07575757575756,274.52480904552834,235.69896640826875
KERALA,KOZHIKODE/CALICUT,280819,266.71889400921657,274.52480904552834,235.69896640826875
KERALA,KOZHIKODE/CALICUT,280820,274.86805555555554,274.52480904552834,235.69896640826875
KERALA,KOZHIKODE/CALICUT,280821,265.4963680387409,274.52480904552834,235.69896640826875
KERALA,KOZHIKODE/CALICUT,280822,263.57380952380953,274.52480904552834,235.69896640826875
KERALA,KOZHIKODE/CALICUT,280823,291.7307692307692,274.52480904552834,235.69896640826875
KERALA,KOZHIKODE/CALICUT,280824,269.46086956521737,274.52480904552834,235.69896640826875
KERALA,KOZHIKODE/CALICUT,280825,276.2593659942363,274.52480904552834,235.69896640826875
KERALA,KOZHIKODE/CALICUT,280826,270.0948275862069,274.52480904552834,235.69896640826875
KERALA,KOZHIKODE/CALICUT,280827,268.0914285714286,274.52480904552834,235.69896640826875
KERALA,KOZHIKODE/CALICUT,280828,283.25233644859816,274.52480904552834,235.69896640826875
KERALA,KOZHIKODE/CALICUT,280829,257.86728395061726,274.52480904552834,235.69896640826875
KERALA,KOZHIKODE/CALICUT,280830,268.6458333333333,274.52480904552834,235.69896640826875
KERALA,KOZHIKODE/CALICUT,280831,281.06666666666666,274.52480904552834,235.69896640826875
KERALA,KOZHIKODE/CALICUT,280832,270.8428093645485,274.52480904552834,235.69896640826875
KERALA,KOZHIKODE/CALICUT,280833,270.24342105263156,274.52480904552834,235.69896640826875
KERALA,KOZHIKODE/CALICUT,280834,284.47474747474746,274.52480904552834,235.69896640826875
KERALA,KOZHIKODE/CALICUT,280835,282.69435215946845,274.52480904552834,235.69896640826875
KERALA,KOZHIKODE/CALICUT,280836,273.44554455445547,274.52480904552834,235.69896640826875
KERALA,KOZHIKODE/CALICUT,280837,275.23376623376623,274.52480904552834,235.69896640826875
KERALA,KOZHIKODE/CALICUT,280838,304.16450216450215,274.52480904552834,235.69896640826875
KERALA,KOZHIKODE/CALICUT,280839,238.95505617977528,274.52480904552834,235.69896640826875
KERALA,MALAPPURAM,280901,286.02775290957925,279.86718855446077,235.69896640826875
KERALA,MALAPPURAM,280902,278.2785808147175,279.86718855446077,235.69896640826875
KERALA,MALAPPURAM,280903,292.9026425591099,279.86718855446077,235.69896640826875
KERALA,MALAPPURAM,280904,269.0528511821975,279.86718855446077,235.69896640826875
KERALA,MALAPPURAM,280905,277.6471449487555,279.86718855446077,235.69896640826875
KERALA,MALAPPURAM,280906,283.8814102564103,279.86718855446077,235.69896640826875
KERALA,MALAPPURAM,280907,281.01919720767887,279.86718855446077,235.69896640826875
KERALA,MALAPPURAM,280908,257.88948306595364,279.86718855446077,235.69896640826875
KERALA,MALAPPURAM,280909,290.02777777777777,279.86718855446077,235.69896640826875
KERALA,MALAPPURAM,280910,280.96565656565656,279.86718855446077,235.69896640826875
KERALA,MALAPPURAM,280911,269.32581967213116,279.86718855446077,235.69896640826875
KERALA,MALAPPURAM,280912,295.1154639175258,279.86718855446077,235.69896640826875
KERALA,MALAPPURAM,280913,287.2505133470226,279.86718855446077,235.69896640826875
KERALA,MALAPPURAM,280914,270.5185950413223,279.86718855446077,235.69896640826875
KERALA,MALAPPURAM,280915,281.39045553145337,279.86718855446077,235.69896640826875
KERALA,MALAPPURAM,280916,275.23747276688454,279.86718855446077,235.69896640826875
KERALA,MALAPPURAM,280917,290.27608695652174,279.86718855446077,235.69896640826875
KERALA,MALAPPURAM,280918,279.7878787878788,279.86718855446077,235.69896640826875
KERALA,MALAPPURAM,280919,283.23870967741937,279.86718855446077,235.69896640826875
KERALA,MALAPPURAM,280920,281.41527446300717,279.86718855446077,235.69896640826875
KERALA,MALAPPURAM,280921,279.25935162094765,279.86718855446077,235.69896640826875
KERALA,MALAPPURAM,280922,276.3722826086956,279.86718855446077,235.69896640826875
KERALA,MALAPPURAM,280923,289.2282608695652,279.86718855446077,235.69896640826875
KERALA,MALAPPURAM,280924,256.65042979942695,279.86718855446077,235.69896640826875
KERALA,MALAPPURAM,280925,279.57348703170027,279.86718855446077,235.69896640826875
KERALA,MALAPPURAM,280926,282.40625,279.86718855446077,235.69896640826875
KERALA,MALAPPURAM,280927,269.30835734870317,279.86718855446077,235.69896640826875
KERALA,MALAPPURAM,280928,285.13920454545456,279.86718855446077,235.69896640826875
KERALA,MALAPPURAM,280929,294.5275362318841,279.86718855446077,235.69896640826875
KERALA,MALAPPURAM,280930,237.079754601227,279.86718855446077,235.69896640826875
KERALA,PALAKKAD,281001,234.68759124087592,239.17507369800197,235.69896640826875
KERALA,PALAKKAD,281002,240.24874791318865,239.17507369800197,235.69896640826875
KERALA,PALAKKAD,281003,241.13739130434783,239.17507369800197,235.69896640826875
KERALA,PALAKKAD,281004,245.29813664596273,239.17507369800197,235.69896640826875
KERALA,PALAKKAD,281005,240.8045738045738,239.17507369800197,235.69896640826875
KERALA,PALAKKAD,281006,231.9475890985325,239.17507369800197,235.69896640826875
KERALA,PALAKKAD,281007,247.77608695652174,239.17507369800197,235.69896640826875
KERALA,PALAKKAD,281008,235.9506726457399,239.17507369800197,235.69896640826875
KERALA,PALAKKAD,281009,256.51106194690266,239.17507369800197,235.69896640826875
KERALA,PALAKKAD,281010,232.14870689655172,239.17507369800197,235.69896640826875
KERALA,PALAKKAD,281011,239.31408775981524,239.17507369800197,235.69896640826875
KERALA,PALAKKAD,281012,232.79434447300773,239.17507369800197,235.69896640826875
KERALA,PALAKKAD,281013,216.56172839506172,239.17507369800197,235.69896640826875
KERALA,PATHANAMTHITTA,281401,164.00959692898272,174.7058599695586,235.69896640826875
KERALA,PATHANAMTHITTA,281402,174.0152505446623,174.7058599695586,235.69896640826875
KERALA,PATHANAMTHITTA,281403,179.1425576519916,174.7058599695586,235.69896640826875
KERALA,PATHANAMTHITTA,281404,176.6255230125523,174.7058599695586,235.69896640826875
KERALA,PATHANAMTHITTA,281405,184.12605042016807,174.7058599695586,235.69896640826875
KERALA,PATHANAMTHITTA,281406,175.85176991150442,174.7058599695586,235.69896640826875
KERALA,PATHANAMTHITTA,281407,174.7232558139535,174.7058599695586,235.69896640826875
KERALA,PATHANAMTHITTA,281408,180.63063063063063,174.7058599695586,235.69896640826875
KERALA,PATHANAMTHITTA,281409,161.6949152542373,174.7058599695586,235.69896640826875
KERALA,PATHANAMTHITTA,281410,163.78571428571428,174.7058599695586,235.69896640826875
KERALA,PATHANAMTHITTA,281411,174.23569023569024,174.7058599695586,235.69896640826875
KERALA,PATHANAMTHITTA,281412,183.75347222222223,174.7058599695586,235.69896640826875
KERALA,PATHANAMTHITTA,281413,186.064039408867,174.7058599695586,235.69896640826875
KERALA,PATHANAMTHITTA,281414,167.20599250936328,174.7058599695586,235.69896640826875
KERALA,PAYYANUR,281501,237.672131147541,236.22727272727272,235.69896640826875
KERALA,PAYYANUR,281502,232.56132075471697,236.22727272727272,235.69896640826875
KERALA,PAYYANUR,281503,238.20232558139534,236.22727272727272,235.69896640826875
KERALA,THIRUVANANTHAPURAM,281101,225.15641952983725,219.51022110972048,235.69896640826875
KERALA,THIRUVANANTHAPURAM,281102,216.83225108225108,219.51022110972048,235.69896640826875
KERALA,THIRUVANANTHAPURAM,281103,220.474372955289,219.51022110972048,235.69896640826875
KERALA,THIRUVANANTHAPURAM,281104,212.99460188933872,219.51022110972048,235.69896640826875
KERALA,THIRUVANANTHAPURAM,281105,222.95664335664335,219.51022110972048,235.69896640826875
KERALA,THIRUVANANTHAPURAM,281106,212.2593123209169,219.51022110972048,235.69896640826875
KERALA,THIRUVANANTHAPURAM,281107,219.80841799709725,219.51022110972048,235.69896640826875
KERALA,THIRUVANANTHAPURAM,281108,218.835734870317,219.51022110972048,235.69896640826875
KERALA,THIRUVANANTHAPURAM,281109,219.16901408450704,219.51022110972048,235.69896640826875
KERALA,THIRUVANANTHAPURAM,281110,196.9102564102564,219.51022110972048,235.69896640826875
KERALA,THIRUVANANTHAPURAM,281111,217.79465776293824,219.51022110972048,235.69896640826875
KERALA,THIRUVANANTHAPURAM,281112,216.76936936936937,219.51022110972048,235.69896640826875
KERALA,THIRUVANANTHAPURAM,281113,210.1890359168242,219.51022110972048,235.69896640826875
KERALA,THIRUVANANTHAPURAM,281114,231.83301707779887,219.51022110972048,235.69896640826875
KERALA,THIRUVANANTHAPURAM,281115,215.40489642184556,219.51022110972048,235.69896640826875
KERALA,THIRUVANANTHAPURAM,281116,224.33137254901962,219.51022110972048,235.69896640826875
KERALA,THIRUVANANTHAPURAM,281117,227.43798449612405,219.51022110972048,235.69896640826875
KERALA,THIRUVANANTHAPURAM,281118,218.21912350597609,219.51022110972048,235.69896640826875
KERALA,THIRUVANANTHAPURAM,281119,224.12790697674419,219.51022110972048,235.69896640826875
KERALA,THIRUVANANTHAPURAM,281120,223.75198412698413,219.51022110972048,235.69896640826875
KERALA,THIRUVANANTHAPURAM,281121,211.18163265306123,219.51022110972048,235.69896640826875
KERALA,THIRUVANANTHAPURAM,281122,235.0911528150134,219.51022110972048,235.69896640826875
KERALA,THIRUVANANTHAPURAM,281123,218.8279569892473,219.51022110972048,235.69896640826875
KERALA,THIRUVANANTHAPURAM,281124,232.55246913580248,219.51022110972048,235.69896640826875
KERALA,THIRUVANANTHAPURAM,281125,218.711743772242,219.51022110972048,235.69896640826875
KERALA,THIRUVANANTHAPURAM,281126,223.68449197860963,219.51022110972048,235.69896640826875
KERALA,THIRUVANANTHAPURAM,281127,222.320987654321,219.51022110972048,235.69896640826875
KERALA,THIRUVANANTHAPURAM,281128,220.83559577677224,219.51022110972048,235.69896640826875
KERALA,THRISSUR,281201,246.53150134048258,247.30715898097387,235.69896640826875
KERALA,THRISSUR,281202,259.1170731707317,247.30715898097387,235.69896640826875
KERALA,THRISSUR,281203,241.6049926578561,247.30715898097387,235.69896640826875
KERALA,THRISSUR,281204,240.24415204678363,247.30715898097387,235.69896640826875
KERALA,THRISSUR,281205,247.37420382165604,247.30715898097387,235.69896640826875
KERALA,THRISSUR,281206,244.15072933549433,247.30715898097387,235.69896640826875
KERALA,THRISSUR,281207,248.6341463414634,247.30715898097387,235.69896640826875
KERALA,THRISSUR,281208,245.2336956521739,247.30715898097387,235.69896640826875
KERALA,THRISSUR,281209,247.64694280078896,247.30715898097387,235.69896640826875
KERALA,THRISSUR,281210,237.32829373650108,247.30715898097387,235.69896640826875
KERALA,THRISSUR,281211,254.60526315789474,247.30715898097387,235.69896640826875
KERALA,THRISSUR,281212,247.03023758099351,247.30715898097387,235.69896640826875
KERALA,THRISSUR,281213,246.95794392523365,247.30715898097387,235.69896640826875
KERALA,THRISSUR,281214,257.61369193154036,247.30715898097387,235.69896640826875
KERALA,THRISSUR,281215,253.735,247.30715898097387,235.69896640826875
KERALA,THRISSUR,281216,255.6987012987013,247.30715898097387,235.69896640826875
KERALA,THRISSUR,281217,235.14956011730206,247.30715898097387,235.69896640826875
KERALA,THRISSUR,281218,233.34897360703812,247.30715898097387,235.69896640826875
KERALA,THRISSUR,281219,244.60932944606415,247.30715898097387,235.69896640826875
KERALA,THRISSUR,281220,250.2337278106509,247.30715898097387,235.69896640826875
KERALA,THRISSUR,281221,240.6831395348837,247.30715898097387,235.69896640826875
KERALA,THRISSUR,281222,257.7938144329897,247.30715898097387,235.69896640826875
KERALA,THRISSUR,281223,260.10901467505244,247.30715898097387,235.69896640826875
KERALA,THRISSUR,281224,236.0054054054054,247.30715898097387,235.69896640826875
KERALA,WAYANAD,281601,208.19174041297936,223.25545286506468,235.69896640826875
KERALA,WAYANAD,281602,230.58187134502924,223.25545286506468,235.69896640826875
KERALA,WAYANAD,281603,232.36904761904762,223.25545286506468,235.69896640826875
KERALA,WAYANAD,281604,224.04692082111438,223.25545286506468,235.69896640826875
KERALA,WAYANAD,281605,216.6768707482993,223.25545286506468,235.69896640826875
KERALA,WAYANAD,281606,236.1491525423729,223.25545286506468,235.69896640826875
KERALA,WAYANAD,281607,227.90151515151516,223.25545286506468,235.69896640826875
KERALA,WAYANAD,281608,222.8832116788321,223.25545286506468,235.69896640826875
KERALA,WAYANAD,281609,206.32272727272726,223.25545286506468,235.69896640826875
LADAKH(UT),KARGIL,470201,141.84383561643835,141.84383561643835,166.48531468531468
LADAKH(UT),LEH,470101,192.18285714285713,192.18285714285713,166.48531468531468
LAKSHADWEEP (UT),KAVARATTI,290101,150.11976047904193,150.11976047904193,150.11976047904193
MADHYA PRADESH,ASHOK NAGAR,300701,191.23609394313968,191.23609394313968,174.26499946252247
MADHYA PRADESH,BALAGHAT,300801,163.36997885835095,121.6897880539499,174.26499946252247
MADHYA PRADESH,BALAGHAT,300802,161.18494623655914,121.6897880539499,174.26499946252247
MADHYA PRADESH,BALAGHAT,300803,165.0820895522388,121.6897880539499,174.26499946252247
MADHYA PRADESH,BALAGHAT,300804,125.31339031339031,121.6897880539499,174.26499946252247
MADHYA PRADESH,BALAGHAT,300805,94.56772334293949,121.6897880539499,174.26499946252247
MADHYA PRADESH,BALAGHAT,300806,95.55524079320114,121.6897880539499,174.26499946252247
MADHYA PRADESH,BALAGHAT,300807,101.484375,121.6897880539499,174.26499946252247
MADHYA PRADESH,BALAGHAT,300808,103.07829181494662,121.6897880539499,174.26499946252247
MADHYA PRADESH,BALAGHAT,300809,100.32978723404256,121.6897880539499,174.26499946252247
MADHYA PRADESH,BALAGHAT,300810,98.46909090909091,121.6897880539499,174.26499946252247
MADHYA PRADESH,BALAGHAT,300811,101.65232974910394,121.6897880539499,174.26499946252247
MADHYA PRADESH,BALAGHAT,300812,95.5679012345679,121.6897880539499,174.26499946252247
MADHYA PRADESH,BARWANI,300901,162.14964788732394,120.16950464396285,174.26499946252247
MADHYA PRADESH,BARWANI,300902,163.08707124010553,120.16950464396285,174.26499946252247
MADHYA PRADESH,BARWANI,300903,160.6078431372549,120.16950464396285,174.26499946252247
MADHYA PRADESH,BARWANI,300904,136.50842696629215,120.16950464396285,174.26499946252247
MADHYA PRADESH,BARWANI,300905,89.53605015673982,120.16950464396285,174.26499946252247
MADHYA PRADESH,BARWANI,300906,96.11801242236025,120.16950464396285,174.26499946252247
MADHYA PRADESH,BARWANI,300907,93.17171717171718,120.16950464396285,174.26499946252247
MADHYA PRADESH,BARWANI,300908,96.003367003367,120.16950464396285,174.26499946252247
MADHYA PRADESH,BARWANI,300909,90.38970588235294,120.16950464396285,174.26499946252247
MADHYA PRADESH,BARWANI,300910,93.70614035087719,120.16950464396285,174.26499946252247
MADHYA PRADESH,BARWANI,300911,86.08743169398907,120.16950464396285,174.26499946252247
MADHYA PRADESH,BARWANI,300912,98.30625,120.16950464396285,174.26499946252247
MADHYA PRADESH,BARWANI,300913,92.76086956521739,120.16950464396285,174.26499946252247
MADHYA PRADESH,BETUL,301001,165.58251057827925,115.43298384811561,174.26499946252247
MADHYA PRADESH,BETUL,301002,172.92713567839195,115.43298384811561,174.26499946252247
MADHYA PRADESH,BETUL,301003,95.61928934010152,115.43298384811561,174.26499946252247
MADHYA PRADESH,BETUL,301004,94.32153392330383,115.43298384811561,174.26499946252247
MADHYA PRADESH,BETUL,301005,83.03823529411764,115.43298384811561,174.26499946252247
MADHYA PRADESH,BETUL,301006,90.22222222222223,115.43298384811561,174.26499946252247
MADHYA PRADESH,BETUL,301007,91.69391634980988,115.43298384811561,174.26499946252247
MADHYA PRADESH,BHIND,301101,174.00685871056243,174.00685871056243,174.26499946252247
MADHYA PRADESH,BHOPAL,300101,202.45184304399524,190.27575147780152,174.26499946252247
MADHYA PRADESH,BHOPAL,300102,196.74404015056462,190.27575147780152,174.26499946252247
MADHYA PRADESH,BHOPAL,300103,200.44228274967574,190.27575147780152,174.26499946252247
MADHYA PRADESH,BHOPAL,300104,211.0968660968661,190.27575147780152,174.26499946252247
MADHYA PRADESH,BHOPAL,300105,215.93557833089312,190.27575147780152,174.26499946252247
MADHYA PRADESH,BHOPAL,300106,209.6550079491256,190.27575147780152,174.26499946252247
MADHYA PRADESH,BHOPAL,300107,199.99142367066895,190.27575147780152,174.26499946252247
MADHYA PRADESH,BHOPAL,300108,198.41666666666666,190.27575147780152,174.26499946252247
MADHYA PRADESH,BHOPAL,300109,204.93856655290102,190.27575147780152,174.26499946252247
MADHYA PRADESH,BHOPAL,300110,217.4625850340136,190.27575147780152,174.26499946252247
MADHYA PRADESH,BHOPAL,300111,214.82415630550622,190.27575147780152,174.26499946252247
MADHYA PRADESH,BHOPAL,300112,217.77509293680296,190.27575147780152,174.26499946252247
MADHYA PRADESH,BHOPAL,300113,219.76119402985074,190.27575147780152,174.26499946252247
MADHYA PRADESH,BHOPAL,300114,205.7218045112782,190.27575147780152,174.26499946252247
MADHYA PRADESH,BHOPAL,300115,219.35477582846005,190.27575147780152,174.26499946252247
MADHYA PRADESH,BHOPAL,300116,219.05283757338552,190.27575147780152,174.26499946252247
MADHYA PRADESH,BHOPAL,300117,181.93478260869566,190.27575147780152,174.26499946252247
MADHYA PRADESH,BHOPAL,300118,158.57227722772276,190.27575147780152,174.26499946252247
MADHYA PRADESH,BHOPAL,300119,147.3340380549683,190.27575147780152,174.26499946252247
MADHYA PRADESH,BHOPAL,300120,166.16519823788545,190.27575147780152,174.26499946252247
MADHYA PRADESH,BHOPAL,300121,147.52903225806452,190.27575147780152,174.26499946252247
MADHYA PRADESH,BHOPAL,300122,157.1004366812227,190.27575147780152,174.26499946252247
MADHYA PRADESH,BHOPAL,300123,155.04405286343612,190.27575147780152,174.26499946252247
MADHYA PRADESH,BHOPAL,300124,161.646420824295,190.27575147780152,174.26499946252247
MADHYA PRADESH,BHOPAL,300125,160.41409691629957,190.27575147780152,174.26499946252247
MADHYA PRADESH,BHOPAL,300126,154.73170731707316,190.27575147780152,174.26499946252247
MADHYA PRADESH,BHOPAL,300127,160.4936386768448,190.27575147780152,174.26499946252247
MADHYA PRADESH,BHOPAL,300128,156.8904109589041,190.27575147780152,174.26499946252247
MADHYA PRADESH,BHOPAL,300129,155.72173913043477,190.27575147780152,174.26499946252247
MADHYA PRADESH,BHOPAL,300130,166.17142857142858,190.27575147780152,174.26499946252247
MADHYA PRADESH,CHHATARPUR,301201,216.255985267035,185.0371142618849,174.26499946252247
MADHYA PRADESH,CHHATARPUR,301202,224.4403409090909,185.0371142618849,174.26499946252247
MADHYA PRADESH,CHHATARPUR,301203,212.3693181818182,185.0371142618849,174.26499946252247
MADHYA PRADESH,CHHATARPUR,301204,156.4314381270903,185.0371142618849,174.26499946252247
MADHYA PRADESH,CHHATARPUR,301205,144.60333333333332,185.0371142618849,174.26499946252247
MADHYA PRADESH,CHHATARPUR,301206,149.2409420289855,185.0371142618849,174.26499946252247
MADHYA PRADESH,CHHINDWARA,301301,178.29802513464992,137.7974481658692,174.26499946252247
MADHYA PRADESH,CHHINDWARA,301302,188.32660550458715,137.7974481658692,174.26499946252247
MADHYA PRADESH,CHHINDWARA,301303,173.20081135902637,137.7974481658692,174.26499946252247
MADHYA PRADESH,CHHINDWARA,301304,181.3652561247216,137.7974481658692,174.26499946252247
MADHYA PRADESH,CHHINDWARA,301305,100.1510067114094,137.7974481658692,174.26499946252247
MADHYA PRADESH,CHHINDWARA,301306,96.89225589225589,137.7974481658692,174.26499946252247
MADHYA PRADESH,CHHINDWARA,301307,98.9,137.7974481658692,174.26499946252247
MADHYA PRADESH,CHHINDWARA,301308,108.1025641025641,137.7974481658692,174.26499946252247
MADHYA PRADESH,CHHINDWARA,301309,92.48995983935743,137.7974481658692,174.26499946252247
MADHYA PRADESH,CHHINDWARA,301310,107.48230088495575,137.7974481658692,174.26499946252247
MADHYA PRADESH,CHHINDWARA,301311,106.48458149779735,137.7974481658692,174.26499946252247
MADHYA PRADESH,CHHINDWARA,301312,95.32960893854748,137.7974481658692,174.26499946252247
MADHYA PRADESH,CHHINDWARA,301313,94.57377049180327,137.7974481658692,174.26499946252247
MADHYA PRADESH,CHHINDWARA,301314,109.32743362831859,137.7974481658692,174.26499946252247
MADHYA PRADESH,DAMOH,301401,202.1614730878187,164.71308016877637,174.26499946252247
MADHYA PRADESH,DAMOH,301402,148.82451923076923,164.71308016877637,174.26499946252247
MADHYA PRADESH,DATIA,301501,215.94350282485877,180.97310513447434,174.26499946252247
MADHYA PRADESH,DATIA,301502,186.1946902654867,180.97310513447434,174.26499946252247
MADHYA PRADESH,DATIA,301503,124.0,180.97310513447434,174.26499946252247
MADHYA PRADESH,DEWAS,301701,177.93963782696176,158.56778309409887,174.26499946252247
MADHYA PRADESH,DEWAS,301702,152.26161790017213,158.56778309409887,174.26499946252247
MADHYA PRADESH,DEWAS,301703,107.61437908496733,158.56778309409887,174.26499946252247
MADHYA PRADESH,DHAR,301801,162.35508345978755,120.55204359673024,174.26499946252247
MADHYA PRADESH,DHAR,301802,106.67878787878787,120.55204359673024,174.26499946252247
MADHYA PRADESH,DHAR,301803,96.82407407407408,120.55204359673024,174.26499946252247
MADHYA PRADESH,DHAR,301804,93.3764258555133,120.55204359673024,174.26499946252247
MADHYA PRADESH,DHAR,301805,89.14285714285714,120.55204359673024,174.26499946252247
MADHYA PRADESH,GUNA,301901,230.7815631262525,197.68026101141925,174.26499946252247
MADHYA PRADESH,GUNA,301902,229.7344064386318,197.68026101141925,174.26499946252247
MADHYA PRADESH,GUNA,301903,169.4410569105691,197.68026101141925,174.26499946252247
MADHYA PRADESH,GUNA,301904,144.81766381766383,197.68026101141925,174.26499946252247
MADHYA PRADESH,GWALIOR,300201,241.10799136069116,221.88362024533552,174.26499946252247
MADHYA PRADESH,GWALIOR,300202,240.12606232294618,221.88362024533552,174.26499946252247
MADHYA PRADESH,GWALIOR,300203,239.54866008462622,221.88362024533552,174.26499946252247
MADHYA PRADESH,GWALIOR,300204,249.7689713322091,221.88362024533552,174.26499946252247
MADHYA PRADESH,GWALIOR,300205,234.78691983122363,221.88362024533552,174.26499946252247
MADHYA PRADESH,GWALIOR,300206,242.16596638655463,221.88362024533552,174.26499946252247
MADHYA PRADESH,GWALIOR,300207,241.22340425531914,221.88362024533552,174.26499946252247
MADHYA PRADESH,GWALIOR,300208,231.87605042016807,221.88362024533552,174.26499946252247
MADHYA PRADESH,GWALIOR,300209,240.61324786324786,221.88362024533552,174.26499946252247
MADHYA PRADESH,GWALIOR,300210,248.5635593220339,221.88362024533552,174.26499946252247
MADHYA PRADESH,GWALIOR,300211,238.64255319148936,221.88362024533552,174.26499946252247
MADHYA PRADESH,GWALIOR,300212,239.7505376344086,221.88362024533552,174.26499946252247
MADHYA PRADESH,GWALIOR,300213,227.34341252699784,221.88362024533552,174.26499946252247
MADHYA PRADESH,GWALIOR,300214,164.18241758241757,221.88362024533552,174.26499946252247
MADHYA PRADESH,GWALIOR,300215,176.19162995594715,221.88362024533552,174.26499946252247
MADHYA PRADESH,GWALIOR,300216,160.7826086956522,221.88362024533552,174.26499946252247
MADHYA PRADESH,GWALIOR,300217,180.06413994169097,221.88362024533552,174.26499946252247
MADHYA PRADESH,GWALIOR,300218,175.4304932735426,221.88362024533552,174.26499946252247
MADHYA PRADESH,GWALIOR,300219,166.38260869565218,221.88362024533552,174.26499946252247
MADHYA PRADESH,GWALIOR,300220,172.4368530020704,221.88362024533552,174.26499946252247
MADHYA PRADESH,HOSHANGABAD,302001,178.27931769722815,152.64620355411955,174.26499946252247
MADHYA PRADESH,HOSHANGABAD,302002,158.0328227571116,152.64620355411955,174.26499946252247
MADHYA PRADESH,HOSHANGABAD,302003,106.22435897435898,152.64620355411955,174.26499946252247
MADHYA PRADESH,INDORE,300301,214.34282807731435,195.875534279364,174.26499946252247
MADHYA PRADESH,INDORE,300302,217.66394279877426,195.875534279364,174.26499946252247
MADHYA PRADESH,INDORE,300303,217.3973442288049,195.875534279364,174.26499946252247
MADHYA PRADESH,INDORE,300304,211.6658566221142,195.875534279364,174.26499946252247
MADHYA PRADESH,INDORE,300305,219.03943661971832,195.875534279364,174.26499946252247
MADHYA PRADESH,INDORE,300306,222.61744022503515,195.875534279364,174.26499946252247
MADHYA PRADESH,INDORE,300307,227.53399433427762,195.875534279364,174.26499946252247
MADHYA PRADESH,INDORE,300308,219.95035460992906,195.875534279364,174.26499946252247
MADHYA PRADESH,INDORE,300309,213.91971830985915,195.875534279364,174.26499946252247
MADHYA PRADESH,INDORE,300310,225.2154065620542,195.875534279364,174.26499946252247
MADHYA PRADESH,INDORE,300311,228.93767705382436,195.875534279364,174.26499946252247
MADHYA PRADESH,INDORE,300312,233.77524893314367,195.875534279364,174.26499946252247
MADHYA PRADESH,INDORE,300313,209.39403453689167,195.875534279364,174.26499946252247
MADHYA PRADESH,INDORE,300314,215.28524590163934,195.875534279364,174.26499946252247
MADHYA PRADESH,INDORE,300315,209.95205479452054,195.875534279364,174.26499946252247
MADHYA PRADESH,INDORE,300316,219.83445945945945,195.875534279364,174.26499946252247
MADHYA PRADESH,INDORE,300317,230.8237288135593,195.875534279364,174.26499946252247
MADHYA PRADESH,INDORE,300318,220.76936316695353,195.875534279364,174.26499946252247
MADHYA PRADESH,INDORE,300319,222.08688245315162,195.875534279364,174.26499946252247
MADHYA PRADESH,INDORE,300320,214.85299145299146,195.875534279364,174.26499946252247
MADHYA PRADESH,INDORE,300321,217.7542662116041,195.875534279364,174.26499946252247
MADHYA PRADESH,INDORE,300322,218.10142348754448,195.875534279364,174.26499946252247
MADHYA PRADESH,INDORE,300323,207.17181467181467,195.875534279364,174.26499946252247
MADHYA PRADESH,INDORE,300324,223.4989898989899,195.875534279364,174.26499946252247
MADHYA PRADESH,INDORE,300325,213.06024096385542,195.875534279364,174.26499946252247
MADHYA PRADESH,INDORE,300326,212.15524193548387,195.875534279364,174.26499946252247
MADHYA PRADESH,INDORE,300327,222.079107505071,195.875534279364,174.26499946252247
MADHYA PRADESH,INDORE,300328,201.0764192139738,195.875534279364,174.26499946252247
MADHYA PRADESH,INDORE,300329,162.81898454746135,195.875534279364,174.26499946252247
MADHYA PRADESH,INDORE,300330,163.8043956043956,195.875534279364,174.26499946252247
MADHYA PRADESH,INDORE,300331,159.1103896103896,195.875534279364,174.26499946252247
MADHYA PRADESH,INDORE,300332,155.1717391304348,195.875534279364,174.26499946252247
MADHYA PRADESH,INDORE,300333,151.49118942731278,195.875534279364,174.26499946252247
MADHYA PRADESH,INDORE,300334,163.2038626609442,195.875534279364,174.26499946252247
MADHYA PRADESH,INDORE,300335,150.61572052401746,195.875534279364,174.26499946252247
MADHYA PRADESH,INDORE,300336,160.43859649122808,195.875534279364,174.26499946252247
MADHYA PRADESH,INDORE,300337,157.31264367816092,195.875534279364,174.26499946252247
MADHYA PRADESH,INDORE,300338,157.75174013921114,195.875534279364,174.26499946252247
MADHYA PRADESH,INDORE,300339,154.7341463414634,195.875534279364,174.26499946252247
MADHYA PRADESH,INDORE,300340,155.62962962962962,195.875534279364,174.26499946252247
MADHYA PRADESH,INDORE,300341,150.00959232613909,195.875534279364,174.26499946252247
MADHYA PRADESH,INDORE,300342,160.4515306122449,195.875534279364,174.26499946252247
MADHYA PRADESH,INDORE,300343,169.23350253807106,195.875534279364,174.26499946252247
MADHYA PRADESH,INDORE,300344,153.00510204081633,195.875534279364,174.26499946252247
MADHYA PRADESH,INDORE,300345,158.99736147757255,195.875534279364,174.26499946252247
MADHYA PRADESH,INDORE,300346,157.65650969529085,195.875534279364,174.26499946252247
MADHYA PRADESH,INDORE,300347,143.72886297376093,195.875534279364,174.26499946252247
MADHYA PRADESH,INDORE,300348,168.02366863905326,195.875534279364,174.26499946252247
MADHYA PRADESH,INDORE,300349,168.77906976744185,195.875534279364,174.26499946252247
MADHYA PRADESH,INDORE,300350,153.635838150289,195.875534279364,174.26499946252247
MADHYA PRADESH,INDORE,300351,154.47230320699708,195.875534279364,174.26499946252247
MADHYA PRADESH,INDORE,300352,168.76576576576576,195.875534279364,174.26499946252247
MADHYA PRADESH,INDORE,300353,156.6829268292683,195.875534279364,174.26499946252247
MADHYA PRADESH,INDORE,300354,155.3,195.875534279364,174.26499946252247
MADHYA PRADESH,INDORE,300355,168.64545454545456,195.875534279364,174.26499946252247
MADHYA PRADESH,INDORE,300356,150.71238938053096,195.875534279364,174.26499946252247
MADHYA PRADESH,INDORE,300357,162.1024096385542,195.875534279364,174.26499946252247
MADHYA PRADESH,JABALPUR,300401,190.9467787114846,154.138200257566,174.26499946252247
MADHYA PRADESH,JABALPUR,300402,200.14415781487102,154.138200257566,174.26499946252247
MADHYA PRADESH,JABALPUR,300403,207.97598627787306,154.138200257566,174.26499946252247
MADHYA PRADESH,JABALPUR,300404,198.57457627118643,154.138200257566,174.26499946252247
MADHYA PRADESH,JABALPUR,300405,208.0086956521739,154.138200257566,174.26499946252247
MADHYA PRADESH,JABALPUR,300406,201.73826714801444,154.138200257566,174.26499946252247
MADHYA PRADESH,JABALPUR,300407,199.58834586466165,154.138200257566,174.26499946252247
MADHYA PRADESH,JABALPUR,300408,188.46370967741936,154.138200257566,174.26499946252247
MADHYA PRADESH,JABALPUR,300409,193.5,154.138200257566,174.26499946252247
MADHYA PRADESH,JABALPUR,300410,203.4535637149028,154.138200257566,174.26499946252247
MADHYA PRADESH,JABALPUR,300411,206.4774193548387,154.138200257566,174.26499946252247
MADHYA PRADESH,JABALPUR,300412,165.99782135076254,154.138200257566,174.26499946252247
MADHYA PRADESH,JABALPUR,300413,101.33184855233853,154.138200257566,174.26499946252247
MADHYA PRADESH,JABALPUR,300414,106.31981981981981,154.138200257566,174.26499946252247
MADHYA PRADESH,JABALPUR,300415,110.36141906873614,154.138200257566,174.26499946252247
MADHYA PRADESH,JABALPUR,300416,100.01098901098901,154.138200257566,174.26499946252247
MADHYA PRADESH,JABALPUR,300417,102.75,154.138200257566,174.26499946252247
MADHYA PRADESH,JABALPUR,300418,106.93197278911565,154.138200257566,174.26499946252247
MADHYA PRADESH,JABALPUR,300419,106.71461187214612,154.138200257566,174.26499946252247
MADHYA PRADESH,JABALPUR,300420,106.00228832951944,154.138200257566,174.26499946252247
MADHYA PRADESH,JABALPUR,300421,103.7069351230425,154.138200257566,174.26499946252247
MADHYA PRADESH,JABALPUR,300422,109.13316582914572,154.138200257566,174.26499946252247
MADHYA PRADESH,JABALPUR,300423,98.64444444444445,154.138200257566,174.26499946252247
MADHYA PRADESH,JABALPUR,300424,107.75379939209726,154.138200257566,174.26499946252247
MADHYA PRADESH,JABALPUR,300425,110.12536443148689,154.138200257566,174.26499946252247
MADHYA PRADESH,JABALPUR,300426,108.42618384401115,154.138200257566,174.26499946252247
MADHYA PRADESH,KHANDWA,302101,172.08050847457628,139.4646501457726,174.26499946252247
MADHYA PRADESH,KHANDWA,302102,161.43459915611814,139.4646501457726,174.26499946252247
MADHYA PRADESH,KHANDWA,302103,169.2584745762712,139.4646501457726,174.26499946252247
MADHYA PRADESH,KHANDWA,302104,121.18766066838046,139.4646501457726,174.26499946252247
MADHYA PRADESH,KHANDWA,302105,115.50285714285714,139.4646501457726,174.26499946252247
MADHYA PRADESH,KHANDWA,302106,106.17784256559767,139.4646501457726,174.26499946252247
MADHYA PRADESH,KHANDWA,302107,86.36065573770492,139.4646501457726,174.26499946252247
MADHYA PRADESH,KHARGONE (WEST NIMAR),302201,178.7846153846154,134.7303019784797,174.26499946252247
MADHYA PRADESH,KHARGONE (WEST NIMAR),302202,176.41052631578947,134.7303019784797,174.26499946252247
MADHYA PRADESH,KHARGONE (WEST NIMAR),302203,136.76777251184834,134.7303019784797,174.26499946252247
MADHYA PRADESH,KHARGONE (WEST NIMAR),302204,100.3381088825215,134.7303019784797,174.26499946252247
MADHYA PRADESH,KHARGONE (WEST NIMAR),302205,99.83025830258302,134.7303019784797,174.26499946252247
MADHYA PRADESH,KHARGONE (WEST NIMAR),302206,102.6777920410783,134.7303019784797,174.26499946252247
MADHYA PRADESH,MANDSAUR,302301,204.74395161290323,170.48239202657808,174.26499946252247
MADHYA PRADESH,MANDSAUR,302302,190.9236641221374,170.48239202657808,174.26499946252247
MADHYA PRADESH,MANDSAUR,302303,146.12875536480686,170.48239202657808,174.26499946252247
MADHYA PRADESH,MANDSAUR,302304,138.0408560311284,170.48239202657808,174.26499946252247
MADHYA PRADESH,MORENA,302401,220.03758169934642,196.0582726326743,174.26499946252247
MADHYA PRADESH,MORENA,302402,210.88513513513513,196.0582726326743,174.26499946252247
MADHYA PRADESH,MORENA,302403,171.82142857142858,196.0582726326743,174.26499946252247
MADHYA PRADESH,MORENA,302404,158.83690987124464,196.0582726326743,174.26499946252247
MADHYA PRADESH,NEEMUCH,302501,204.3090909090909,190.3986013986014,174.26499946252247
MADHYA PRADESH,NEEMUCH,302502,187.6531100478469,190.3986013986014,174.26499946252247
MADHYA PRADESH,RAJGARH,302601,184.5031847133758,154.71766095688128,174.26499946252247
MADHYA PRADESH,RAJGARH,302602,187.54371002132197,154.71766095688128,174.26499946252247
MADHYA PRADESH,RAJGARH,302603,115.4840579710145,154.71766095688128,174.26499946252247
MADHYA PRADESH,RAJGARH,302604,115.77450980392157,154.71766095688128,174.26499946252247
MADHYA PRADESH,RATLAM,302701,203.11901504787963,162.43319268635724,174.26499946252247
MADHYA PRADESH,RATLAM,302702,201.26638477801268,162.43319268635724,174.26499946252247
MADHYA PRADESH,RATLAM,302703,208.48621553884712,162.43319268635724,174.26499946252247
MADHYA PRADESH,RATLAM,302704,147.2051282051282,162.43319268635724,174.26499946252247
MADHYA PRADESH,RATLAM,302705,129.36024844720498,162.43319268635724,174.26499946252247
MADHYA PRADESH,RATLAM,302706,121.2551724137931,162.43319268635724,174.26499946252247
MADHYA PRADESH,RATLAM,302707,126.09310344827587,162.43319268635724,174.26499946252247
MADHYA PRADESH,RATLAM,302708,119.3876811594203,162.43319268635724,174.26499946252247
MADHYA PRADESH,RATLAM,302709,121.9765625,162.43319268635724,174.26499946252247
MADHYA PRADESH,REWA,300601,220.07094133697134,176.0890447922288,174.26499946252247
MADHYA PRADESH,REWA,300602,205.0785185185185,176.0890447922288,174.26499946252247
MADHYA PRADESH,REWA,300603,201.71323529411765,176.0890447922288,174.26499946252247
MADHYA PRADESH,REWA,300604,195.38671209540033,176.0890447922288,174.26499946252247
MADHYA PRADESH,REWA,300605,188.6505376344086,176.0890447922288,174.26499946252247
MADHYA PRADESH,REWA,300606,131.31494661921707,176.0890447922288,174.26499946252247
MADHYA PRADESH,REWA,300607,144.46458333333334,176.0890447922288,174.26499946252247
MADHYA PRADESH,REWA,300608,139.30839002267572,176.0890447922288,174.26499946252247
MADHYA PRADESH,REWA,300609,142.31353919239905,176.0890447922288,174.26499946252247
MADHYA PRADESH,REWA,300610,136.3127962085308,176.0890447922288,174.26499946252247
MADHYA PRADESH,SAGAR,302801,217.9880073800738,174.52550850283427,174.26499946252247
MADHYA PRADESH,SAGAR,302802,195.24302134646962,174.52550850283427,174.26499946252247
MADHYA PRADESH,SAGAR,302803,129.10714285714286,174.52550850283427,174.26499946252247
MADHYA PRADESH,SAGAR,302804,127.86138613861387,174.52550850283427,174.26499946252247
MADHYA PRADESH,SAGAR,302805,129.02972399150744,174.52550850283427,174.26499946252247
MADHYA PRADESH,SATNA,302901,213.40421052631578,168.2727578098757,174.26499946252247
MADHYA PRADESH,SATNA,302902,199.13924050632912,168.2727578098757,174.26499946252247
MADHYA PRADESH,SATNA,302903,215.45066666666668,168.2727578098757,174.26499946252247
MADHYA PRADESH,SATNA,302904,188.45637583892616,168.2727578098757,174.26499946252247
MADHYA PRADESH,SATNA,302905,132.63898916967509,168.2727578098757,174.26499946252247
MADHYA PRADESH,SATNA,302906,122.07964601769912,168.2727578098757,174.26499946252247
MADHYA PRADESH,SATNA,302907,126.84905660377359,168.2727578098757,174.26499946252247
MADHYA PRADESH,SATNA,302908,120.82972582972583,168.2727578098757,174.26499946252247
MADHYA PRADESH,SINGRAULI,303001,227.42796610169492,173.85051958433255,174.26499946252247
MADHYA PRADESH,SINGRAULI,303002,180.50974025974025,173.85051958433255,174.26499946252247
MADHYA PRADESH,SINGRAULI,303003,128.95169082125605,173.85051958433255,174.26499946252247
MADHYA PRADESH,SINGRAULI,303004,105.49621212121212,173.85051958433255,174.26499946252247
MADHYA PRADESH,UJJAIN,300501,194.12562814070353,168.6044146288682,174.26499946252247
MADHYA PRADESH,UJJAIN,300502,200.9400855920114,168.6044146288682,174.26499946252247
MADHYA PRADESH,UJJAIN,300503,193.02695035460994,168.6044146288682,174.26499946252247
MADHYA PRADESH,UJJAIN,300504,194.82735042735044,168.6044146288682,174.26499946252247
MADHYA PRADESH,UJJAIN,300505,146.8039603960396,168.6044146288682,174.26499946252247
MADHYA PRADESH,UJJAIN,300506,121.89879518072289,168.6044146288682,174.26499946252247
MADHYA PRADESH,UJJAIN,300507,114.18023255813954,168.6044146288682,174.26499946252247
MADHYA PRADESH,UJJAIN,300508,119.22848664688428,168.6044146288682,174.26499946252247
MADHYA PRADESH,UJJAIN,300509,126.60085836909872,168.6044146288682,174.26499946252247
MADHYA PRADESH,VIDISHA,303101,231.76638655462185,200.3373417721519,174.26499946252247
MADHYA PRADESH,VIDISHA,303102,230.7867298578199,200.3373417721519,174.26499946252247
MADHYA PRADESH,VIDISHA,303103,144.29840142095915,200.3373417721519,174.26499946252247
MAHARASHTRA,AHMEDNAGAR,310101,173.9599567099567,166.60586271948918,202.28110229068648
MAHARASHTRA,AHMEDNAGAR,310102,168.59386503067483,166.60586271948918,202.28110229068648
MAHARASHTRA,AHMEDNAGAR,310103,164.6915422885572,166.60586271948918,202.28110229068648
MAHARASHTRA,AHMEDNAGAR,310104,172.73227206946456,166.60586271948918,202.28110229068648
MAHARASHTRA,AHMEDNAGAR,310105,164.1290780141844,166.60586271948918,202.28110229068648
MAHARASHTRA,AHMEDNAGAR,310106,177.43068391866913,166.60586271948918,202.28110229068648
MAHARASHTRA,AHMEDNAGAR,310107,164.30801687763713,166.60586271948918,202.28110229068648
MAHARASHTRA,AHMEDNAGAR,310108,153.57387580299786,166.60586271948918,202.28110229068648
MAHARASHTRA,AHMEDNAGAR,310109,161.729216152019,166.60586271948918,202.28110229068648
MAHARASHTRA,AHMEDNAGAR,310110,167.63037249283667,166.60586271948918,202.28110229068648
MAHARASHTRA,AHMEDNAGAR,310111,171.6488764044944,166.60586271948918,202.28110229068648
MAHARASHTRA,AHMEDNAGAR,310112,142.93023255813952,166.60586271948918,202.28110229068648
MAHARASHTRA,AKOLA,310201,213.05820105820106,222.02958309537408,202.28110229068648
MAHARASHTRA,AKOLA,310202,231.79306608884073,222.02958309537408,202.28110229068648
MAHARASHTRA,AKOLA,310203,229.7665463297232,222.02958309537408,202.28110229068648
MAHARASHTRA,AKOLA,310204,223.93769470404985,222.02958309537408,202.28110229068648
MAHARASHTRA,AKOLA,310205,228.05442176870747,222.02958309537408,202.28110229068648
MAHARASHTRA,AKOLA,310206,224.0755033557047,222.02958309537408,202.28110229068648
MAHARASHTRA,AKOLA,310207,234.14135021097047,222.02958309537408,202.28110229068648
MAHARASHTRA,AKOLA,310208,227.40112994350284,222.02958309537408,202.28110229068648
MAHARASHTRA,AKOLA,310209,217.180790960452,222.02958309537408,202.28110229068648
MAHARASHTRA,AKOLA,310210,210.91525423728814,222.02958309537408,202.28110229068648
MAHARASHTRA,AKOLA,310211,224.71751412429379,222.02958309537408,202.28110229068648
MAHARASHTRA,AKOLA,310212,227.55742296918768,222.02958309537408,202.28110229068648
MAHARASHTRA,AKOLA,310213,227.90985915492956,222.02958309537408,202.28110229068648
MAHARASHTRA,AKOLA,310214,213.31830985915494,222.02958309537408,202.28110229068648
MAHARASHTRA,AKOLA,310215,229.18021201413427,222.02958309537408,202.28110229068648
MAHARASHTRA,AKOLA,310216,230.53418803418805,222.02958309537408,202.28110229068648
MAHARASHTRA,AKOLA,310217,194.41666666666666,222.02958309537408,202.28110229068648
MAHARASHTRA,AMRAVATI,310301,181.44690966719492,177.93683669976036,202.28110229068648
MAHARASHTRA,AMRAVATI,310302,166.39929947460595,177.93683669976036,202.28110229068648
MAHARASHTRA,AMRAVATI,310303,166.09171075837742,177.93683669976036,202.28110229068648
MAHARASHTRA,AMRAVATI,310304,183.4412331406551,177.93683669976036,202.28110229068648
MAHARASHTRA,AMRAVATI,310305,186.24335378323107,177.93683669976036,202.28110229068648
MAHARASHTRA,AMRAVATI,310306,175.8646288209607,177.93683669976036,202.28110229068648
MAHARASHTRA,AMRAVATI,310307,189.21581196581195,177.93683669976036,202.28110229068648
MAHARASHTRA,AMRAVATI,310308,184.46055437100213,177.93683669976036,202.28110229068648
MAHARASHTRA,AMRAVATI,310309,185.52248394004283,177.93683669976036,202.28110229068648
MAHARASHTRA,AMRAVATI,310310,168.80470588235295,177.93683669976036,202.28110229068648
MAHARASHTRA,AMRAVATI,310311,188.13679245283018,177.93683669976036,202.28110229068648
MAHARASHTRA,AMRAVATI,310312,157.58474576271186,177.93683669976036,202.28110229068648
MAHARASHTRA,AURANGABAD (MR),310401,195.45028142589118,187.7406340057637,202.28110229068648
MAHARASHTRA,AURANGABAD (MR),310402,189.2265917602996,187.7406340057637,202.28110229068648
MAHARASHTRA,AURANGABAD (MR),310403,186.88457502623294,187.7406340057637,202.28110229068648
MAHARASHTRA,AURANGABAD (MR),310404,194.77530589543937,187.7406340057637,202.28110229068648
MAHARASHTRA,AURANGABAD (MR),310405,200.79222222222222,187.7406340057637,202.28110229068648
MAHARASHTRA,AURANGABAD (MR),310406,189.05949656750573,187.7406340057637,202.28110229068648
MAHARASHTRA,AURANGABAD (MR),310407,186.51030303030302,187.7406340057637,202.28110229068648
MAHARASHTRA,AURANGABAD (MR),310408,179.114406779661,187.7406340057637,202.28110229068648
MAHARASHTRA,AURANGABAD (MR),310409,176.3210749646393,187.7406340057637,202.28110229068648
MAHARASHTRA,AURANGABAD (MR),310410,192.1482602118003,187.7406340057637,202.28110229068648
MAHARASHTRA,AURANGABAD (MR),310411,184.14761904761906,187.7406340057637,202.28110229068648
MAHARASHTRA,AURANGABAD (MR),310412,188.44932432432432,187.7406340057637,202.28110229068648
MAHARASHTRA,AURANGABAD (MR),310413,197.96277495769883,187.7406340057637,202.28110229068648
MAHARASHTRA,AURANGABAD (MR),310414,186.5984555984556,187.7406340057637,202.28110229068648
MAHARASHTRA,AURANGABAD (MR),310415,185.29148936170213,187.7406340057637,202.28110229068648
MAHARASHTRA,AURANGABAD (MR),310416,190.70550847457628,187.7406340057637,202.28110229068648
MAHARASHTRA,AURANGABAD (MR),310417,181.74200426439234,187.7406340057637,202.28110229068648
MAHARASHTRA,AURANGABAD (MR),310418,188.54008438818565,187.7406340057637,202.28110229068648
MAHARASHTRA,AURANGABAD (MR),310419,195.77848101265823,187.7406340057637,202.28110229068648
MAHARASHTRA,AURANGABAD (MR),310420,184.1983122362869,187.7406340057637,202.28110229068648
MAHARASHTRA,AURANGABAD (MR),310421,189.83261802575106,187.7406340057637,202.28110229068648
MAHARASHTRA,AURANGABAD (MR),310422,174.92161016949152,187.7406340057637,202.28110229068648
MAHARASHTRA,AURANGABAD (MR),310423,183.4343220338983,187.7406340057637,202.28110229068648
MAHARASHTRA,AURANGABAD (MR),310424,199.74200426439234,187.7406340057637,202.28110229068648
MAHARASHTRA,AURANGABAD (MR),310425,187.83898305084745,187.7406340057637,202.28110229068648
MAHARASHTRA,AURANGABAD (MR),310426,182.66525423728814,187.7406340057637,202.28110229068648
MAHARASHTRA,AURANGABAD (MR),310427,190.46088794926004,187.7406340057637,202.28110229068648
MAHARASHTRA,AURANGABAD (MR),310428,205.42696629213484,187.7406340057637,202.28110229068648
MAHARASHTRA,AURANGABAD (MR),310429,184.24647887323943,187.7406340057637,202.28110229068648
MAHARASHTRA,AURANGABAD (MR),310430,199.4725,187.7406340057637,202.28110229068648
MAHARASHTRA,AURANGABAD (MR),310431,192.02977667493798,187.7406340057637,202.28110229068648
MAHARASHTRA,AURANGABAD (MR),310432,196.39943342776203,187.7406340057637,202.28110229068648
MAHARASHTRA,AURANGABAD (MR),310433,180.92613636363637,187.7406340057637,202.28110229068648
MAHARASHTRA,AURANGABAD (MR),310434,188.88510638297873,187.7406340057637,202.28110229068648
MAHARASHTRA,AURANGABAD (MR),310435,192.14285714285714,187.7406340057637,202.28110229068648
MAHARASHTRA,AURANGABAD (MR),310436,185.77637130801688,187.7406340057637,202.28110229068648
MAHARASHTRA,AURANGABAD (MR),310437,177.85654008438817,187.7406340057637,202.28110229068648
MAHARASHTRA,AURANGABAD (MR),310438,188.78571428571428,187.7406340057637,202.28110229068648
MAHARASHTRA,AURANGABAD (MR),310439,185.4882629107981,187.7406340057637,202.28110229068648
MAHARASHTRA,AURANGABAD (MR),310440,141.1866883116883,187.7406340057637,202.28110229068648
MAHARASHTRA,BEED,310501,169.8728323699422,164.19675723049957,202.28110229068648
MAHARASHTRA,BEED,310502,173.5961123110151,164.19675723049957,202.28110229068648
MAHARASHTRA,BEED,310503,162.57293868921775,164.19675723049957,202.28110229068648
MAHARASHTRA,BEED,310504,154.409381663113,164.19675723049957,202.28110229068648
MAHARASHTRA,BEED,310505,152.0913140311804,164.19675723049957,202.28110229068648
MAHARASHTRA,BEED,310506,165.6359102244389,164.19675723049957,202.28110229068648
MAHARASHTRA,BEED,310507,164.88888888888889,164.19675723049957,202.28110229068648
MAHARASHTRA,BEED,310508,171.19736842105263,164.19675723049957,202.28110229068648
MAHARASHTRA,BEED,310509,148.45866666666666,164.19675723049957,202.28110229068648
MAHARASHTRA,BEED,310510,166.8096590909091,164.19675723049957,202.28110229068648
MAHARASHTRA,BEED,310511,160.94084507042254,164.19675723049957,202.28110229068648
MAHARASHTRA,BEED,310512,167.53824362606233,164.19675723049957,202.28110229068648
MAHARASHTRA,BEED,310513,150.17065868263472,164.19675723049957,202.28110229068648
MAHARASHTRA,BEED,310514,162.45357142857142,164.19675723049957,202.28110229068648
MAHARASHTRA,BEED,310515,177.93191489361703,164.19675723049957,202.28110229068648
MAHARASHTRA,BEED,310516,183.42241379310346,164.19675723049957,202.28110229068648
MAHARASHTRA,BEED,310517,176.26168224299064,164.19675723049957,202.28110229068648
MAHARASHTRA,BEED,310518,161.46228710462287,164.19675723049957,202.28110229068648
MAHARASHTRA,BHANDARA,312301,170.20242914979758,171.65609555189457,202.28110229068648
MAHARASHTRA,BHANDARA,312302,175.78384798099762,171.65609555189457,202.28110229068648
MAHARASHTRA,BHANDARA,312303,169.41971830985915,171.65609555189457,202.28110229068648
MAHARASHTRA,BHANDARA,312304,170.7450980392157,171.65609555189457,202.28110229068648
MAHARASHTRA,BHANDARA,312305,183.68669527896995,171.65609555189457,202.28110229068648
MAHARASHTRA,BHANDARA,312306,172.03404255319148,171.65609555189457,202.28110229068648
MAHARASHTRA,BHANDARA,312307,158.62264150943398,171.65609555189457,202.28110229068648
MAHARASHTRA,BHANDARA,312308,171.21511627906978,171.65609555189457,202.28110229068648
MAHARASHTRA,BULDHANA,310601,154.34788732394367,157.39441170880062,202.28110229068648
MAHARASHTRA,BULDHANA,310602,159.51347517730497,157.39441170880062,202.28110229068648
MAHARASHTRA,BULDHANA,310603,154.17758985200845,157.39441170880062,202.28110229068648
MAHARASHTRA,BULDHANA,310604,148.6980056980057,157.39441170880062,202.28110229068648
MAHARASHTRA,BULDHANA,310605,165.5677966101695,157.39441170880062,202.28110229068648
MAHARASHTRA,BULDHANA,310606,154.94788273615634,157.39441170880062,202.28110229068648
MAHARASHTRA,BULDHANA,310607,163.88636363636363,157.39441170880062,202.28110229068648
MAHARASHTRA,BULDHANA,310608,154.01766784452298,157.39441170880062,202.28110229068648
MAHARASHTRA,BULDHANA,310609,159.53214285714284,157.39441170880062,202.28110229068648
MAHARASHTRA,BULDHANA,310610,166.19066147859922,157.39441170880062,202.28110229068648
MAHARASHTRA,BULDHANA,310611,176.8828451882845,157.39441170880062,202.28110229068648
MAHARASHTRA,BULDHANA,310612,173.991452991453,157.39441170880062,202.28110229068648
MAHARASHTRA,BULDHANA,310613,163.83050847457628,157.39441170880062,202.28110229068648
MAHARASHTRA,BULDHANA,310614,136.66412213740458,157.39441170880062,202.28110229068648
MAHARASHTRA,CHANDRAPUR,312401,181.4787379972565,187.1917382999045,202.28110229068648
MAHARASHTRA,CHANDRAPUR,312402,178.17415730337078,187.1917382999045,202.28110229068648
MAHARASHTRA,CHANDRAPUR,312403,192.16156462585033,187.1917382999045,202.28110229068648
MAHARASHTRA,CHANDRAPUR,312404,189.30341113105925,187.1917382999045,202.28110229068648
MAHARASHTRA,CHANDRAPUR,312405,199.61814345991561,187.1917382999045,202.28110229068648
MAHARASHTRA,CHANDRAPUR,312406,184.66033755274262,187.1917382999045,202.28110229068648
MAHARASHTRA,CHANDRAPUR,312407,197.83168316831683,187.1917382999045,202.28110229068648
MAHARASHTRA,CHANDRAPUR,312408,183.12535612535612,187.1917382999045,202.28110229068648
MAHARASHTRA,DHULE,312201,143.48464619492657,146.82747226811424,202.28110229068648
MAHARASHTRA,DHULE,312202,152.13324175824175,146.82747226811424,202.28110229068648
MAHARASHTRA,DHULE,312203,150.6358595194085,146.82747226811424,202.28110229068648
MAHARASHTRA,DHULE,312204,148.03238866396762,146.82747226811424,202.28110229068648
MAHARASHTRA,DHULE,312205,144.70081967213116,146.82747226811424,202.28110229068648
MAHARASHTRA,DHULE,312206,139.2969696969697,146.82747226811424,202.28110229068648
MAHARASHTRA,DHULE,312207,151.24875621890547,146.82747226811424,202.28110229068648
MAHARASHTRA,DHULE,312208,143.80882352941177,146.82747226811424,202.28110229068648
MAHARASHTRA,GADCHIROLI,312501,173.5326530612245,171.96936212958312,202.28110229068648
MAHARASHTRA,GADCHIROLI,312502,169.43693693693695,171.96936212958312,202.28110229068648
MAHARASHTRA,GADCHIROLI,312503,163.40159574468086,171.96936212958312,202.28110229068648
MAHARASHTRA,GADCHIROLI,312504,172.20113314447593,171.96936212958312,202.28110229068648
MAHARASHTRA,GADCHIROLI,312505,182.6341463414634,171.96936212958312,202.28110229068648
MAHARASHTRA,GONDIA,312601,208.47454175152748,208.6893802102211,202.28110229068648
MAHARASHTRA,GONDIA,312602,215.81766381766383,208.6893802102211,202.28110229068648
MAHARASHTRA,GONDIA,312603,204.1516129032258,208.6893802102211,202.28110229068648
MAHARASHTRA,GONDIA,312604,221.84565916398714,208.6893802102211,202.28110229068648
MAHARASHTRA,GONDIA,312605,222.55882352941177,208.6893802102211,202.28110229068648
MAHARASHTRA,GONDIA,312606,191.65686274509804,208.6893802102211,202.28110229068648
MAHARASHTRA,GONDIA,312607,207.19409282700423,208.6893802102211,202.28110229068648
MAHARASHTRA,GONDIA,312608,196.86610878661088,208.6893802102211,202.28110229068648
MAHARASHTRA,GONDIA,312609,204.20192307692307,208.6893802102211,202.28110229068648
MAHARASHTRA,JALGAON,310701,164.72675250357653,161.77407725321888,202.28110229068648
MAHARASHTRA,JALGAON,310702,179.6264367816092,161.77407725321888,202.28110229068648
MAHARASHTRA,JALGAON,310703,164.0,161.77407725321888,202.28110229068648
MAHARASHTRA,JALGAON,310704,160.23378839590444,161.77407725321888,202.28110229068648
MAHARASHTRA,JALGAON,310705,160.42424242424244,161.77407725321888,202.28110229068648
MAHARASHTRA,JALGAON,310706,165.4063829787234,161.77407725321888,202.28110229068648
MAHARASHTRA,JALGAON,310707,160.5572354211663,161.77407725321888,202.28110229068648
MAHARASHTRA,JALGAON,310708,167.20726495726495,161.77407725321888,202.28110229068648
MAHARASHTRA,JALGAON,310709,167.99354838709678,161.77407725321888,202.28110229068648
MAHARASHTRA,JALGAON,310710,159.0021186440678,161.77407725321888,202.28110229068648
MAHARASHTRA,JALGAON,310711,118.72026431718062,161.77407725321888,202.28110229068648
MAHARASHTRA,KOLHAPUR,310801,215.12362404741745,223.76343636869953,202.28110229068648
MAHARASHTRA,KOLHAPUR,310802,225.49776785714286,223.76343636869953,202.28110229068648
MAHARASHTRA,KOLHAPUR,310803,236.57560137457045,223.76343636869953,202.28110229068648
MAHARASHTRA,KOLHAPUR,310804,235.50850340136054,223.76343636869953,202.28110229068648
MAHARASHTRA,KOLHAPUR,310805,238.3259385665529,223.76343636869953,202.28110229068648
MAHARASHTRA,KOLHAPUR,310806,214.05944798301485,223.76343636869953,202.28110229068648
MAHARASHTRA,KOLHAPUR,310807,227.40384615384616,223.76343636869953,202.28110229068648
MAHARASHTRA,KOLHAPUR,310808,225.1464968152866,223.76343636869953,202.28110229068648
MAHARASHTRA,KOLHAPUR,310809,213.51781970649895,223.76343636869953,202.28110229068648
MAHARASHTRA,KOLHAPUR,310810,220.05285412262157,223.76343636869953,202.28110229068648
MAHARASHTRA,KOLHAPUR,310811,219.25,223.76343636869953,202.28110229068648
MAHARASHTRA,KOLHAPUR,310812,226.56034482758622,223.76343636869953,202.28110229068648
MAHARASHTRA,KOLHAPUR,310813,205.08979591836734,223.76343636869953,202.28110229068648
MAHARASHTRA,LATUR,310901,257.276936026936,260.65365080654993,202.28110229068648
MAHARASHTRA,LATUR,310902,259.1841216216216,260.65365080654993,202.28110229068648
MAHARASHTRA,LATUR,310903,261.8656565656566,260.65365080654993,202.28110229068648
MAHARASHTRA,LATUR,310904,273.0030211480362,260.65365080654993,202.28110229068648
MAHARASHTRA,LATUR,310905,275.1588785046729,260.65365080654993,202.28110229068648
MAHARASHTRA,LATUR,310906,260.5240963855422,260.65365080654993,202.28110229068648
MAHARASHTRA,LATUR,310907,259.3573264781491,260.65365080654993,202.28110229068648
MAHARASHTRA,LATUR,310908,276.1239554317549,260.65365080654993,202.28110229068648
MAHARASHTRA,LATUR,310909,248.32333333333332,260.65365080654993,202.28110229068648
MAHARASHTRA,LATUR,310910,261.51438240270727,260.65365080654993,202.28110229068648
MAHARASHTRA,LATUR,310911,253.57242582897032,260.65365080654993,202.28110229068648
MAHARASHTRA,LATUR,310912,259.2,260.65365080654993,202.28110229068648
MAHARASHTRA,LATUR,310913,271.2898272552783,260.65365080654993,202.28110229068648
MAHARASHTRA,LATUR,310914,260.934,260.65365080654993,202.28110229068648
MAHARASHTRA,LATUR,310915,252.082995951417,260.65365080654993,202.28110229068648
MAHARASHTRA,LATUR,310916,275.94534412955466,260.65365080654993,202.28110229068648
MAHARASHTRA,LATUR,310917,260.92354124748493,260.65365080654993,202.28110229068648
MAHARASHTRA,LATUR,310918,259.9016064257028,260.65365080654993,202.28110229068648
MAHARASHTRA,LATUR,310919,271.1431578947368,260.65365080654993,202.28110229068648
MAHARASHTRA,LATUR,310920,257.3193277310924,260.65365080654993,202.28110229068648
MAHARASHTRA,LATUR,310921,264.8561946902655,260.65365080654993,202.28110229068648
MAHARASHTRA,LATUR,310922,259.15023474178406,260.65365080654993,202.28110229068648
MAHARASHTRA,LATUR,310923,252.5105386416862,260.65365080654993,202.28110229068648
MAHARASHTRA,LATUR,310924,241.86588235294118,260.65365080654993,202.28110229068648
MAHARASHTRA,LATUR,310925,255.49507389162562,260.65365080654993,202.28110229068648
MAHARASHTRA,LATUR,310926,255.5901234567901,260.65365080654993,202.28110229068648
MAHARASHTRA,LATUR,310927,263.5495049504951,260.65365080654993,202.28110229068648
MAHARASHTRA,LATUR,310928,242.33086419753087,260.65365080654993,202.28110229068648
MAHARASHTRA,LATUR,310929,252.80263157894737,260.65365080654993,202.28110229068648
MAHARASHTRA,LATUR,310930,257.92913385826773,260.65365080654993,202.28110229068648
MAHARASHTRA,LATUR,310931,269.72752808988764,260.65365080654993,202.28110229068648
MAHARASHTRA,LATUR,310932,284.69444444444446,260.65365080654993,202.28110229068648
MAHARASHTRA,LATUR,310933,259.48324022346367,260.65365080654993,202.28110229068648
MAHARASHTRA,LATUR,310934,258.8820224719101,260.65365080654993,202.28110229068648
MAHARASHTRA,LATUR,310935,260.5988023952096,260.65365080654993,202.28110229068648
MAHARASHTRA,LATUR,310936,259.1602564102564,260.65365080654993,202.28110229068648
MAHARASHTRA,LATUR,310937,238.28664495114006,260.65365080654993,202.28110229068648
MAHARASHTRA,LATUR,310938,251.57692307692307,260.65365080654993,202.28110229068648
MAHARASHTRA,LATUR,310939,254.89236111111111,260.65365080654993,202.28110229068648
MAHARASHTRA,LATUR,310940,252.89583333333334,260.65365080654993,202.28110229068648
MAHARASHTRA,LATUR,310941,264.6923076923077,260.65365080654993,202.28110229068648
MAHARASHTRA,LATUR,310942,259.7108013937282,260.65365080654993,202.28110229068648
MAHARASHTRA,LATUR,310943,247.2127659574468,260.65365080654993,202.28110229068648
MAHARASHTRA,LATUR,310944,269.82307692307694,260.65365080654993,202.28110229068648
MAHARASHTRA,LATUR,310945,284.9194915254237,260.65365080654993,202.28110229068648
MAHARASHTRA,LATUR,310946,263.0168776371308,260.65365080654993,202.28110229068648
MAHARASHTRA,LATUR,310947,261.9613733905579,260.65365080654993,202.28110229068648
MAHARASHTRA,LATUR,310948,256.8697478991597,260.65365080654993,202.28110229068648
MAHARASHTRA,LATUR,310949,271.2803347280335,260.65365080654993,202.28110229068648
MAHARASHTRA,LATUR,310950,263.98744769874475,260.65365080654993,202.28110229068648
MAHARASHTRA,LATUR,310951,257.8208333333333,260.65365080654993,202.28110229068648
MAHARASHTRA,LATUR,310952,264.52320675105483,260.65365080654993,202.28110229068648
MAHARASHTRA,LATUR,310953,261.3755274261603,260.65365080654993,202.28110229068648
MAHARASHTRA,LATUR,310954,194.42134831460675,260.65365080654993,202.28110229068648
MAHARASHTRA,MALEGAON,313501,204.328007518797,200.8958815363258,202.28110229068648
MAHARASHTRA,MALEGAON,313502,195.8341121495327,200.8958815363258,202.28110229068648
MAHARASHTRA,MALEGAON,313503,200.84976525821597,200.8958815363258,202.28110229068648
MAHARASHTRA,MALEGAON,313504,186.92018779342723,200.8958815363258,202.28110229068648
MAHARASHTRA,MALEGAON,313505,207.07407407407408,200.8958815363258,202.28110229068648
MAHARASHTRA,MUMBAI,311001,212.60223804679552,219.07844702467344,202.28110229068648
MAHARASHTRA,MUMBAI,311002,218.8387434554974,219.07844702467344,202.28110229068648
MAHARASHTRA,MUMBAI,311003,222.2149732620321,219.07844702467344,202.28110229068648
MAHARASHTRA,MUMBAI,311004,221.33711691259933,219.07844702467344,202.28110229068648
MAHARASHTRA,MUMBAI,311005,227.2561274509804,219.07844702467344,202.28110229068648
MAHARASHTRA,MUMBAI,311006,206.5035765379113,219.07844702467344,202.28110229068648
MAHARASHTRA,MUMBAI,311007,210.14756446991404,219.07844702467344,202.28110229068648
MAHARASHTRA,MUMBAI,311008,209.3376251788269,219.07844702467344,202.28110229068648
MAHARASHTRA,MUMBAI,311009,219.59032716927453,219.07844702467344,202.28110229068648
MAHARASHTRA,MUMBAI,311010,213.0,219.07844702467344,202.28110229068648
MAHARASHTRA,MUMBAI,311011,225.71782178217822,219.07844702467344,202.28110229068648
MAHARASHTRA,MUMBAI,311012,232.62847790507365,219.07844702467344,202.28110229068648
MAHARASHTRA,MUMBAI,311013,217.50171232876713,219.07844702467344,202.28110229068648
MAHARASHTRA,MUMBAI,311014,216.61552346570397,219.07844702467344,202.28110229068648
MAHARASHTRA,MUMBAI,311015,216.30922242314648,219.07844702467344,202.28110229068648
MAHARASHTRA,MUMBAI,311016,221.14147286821705,219.07844702467344,202.28110229068648
MAHARASHTRA,MUMBAI,311017,219.97717842323652,219.07844702467344,202.28110229068648
MAHARASHTRA,MUMBAI,311018,224.1095041322314,219.07844702467344,202.28110229068648
MAHARASHTRA,MUMBAI,311019,224.28189300411523,219.07844702467344,202.28110229068648
MAHARASHTRA,MUMBAI,311020,210.83333333333334,219.07844702467344,202.28110229068648
MAHARASHTRA,MUMBAI,311021,221.1391862955032,219.07844702467344,202.28110229068648
MAHARASHTRA,MUMBAI,311022,223.19198312236287,219.07844702467344,202.28110229068648
MAHARASHTRA,MUMBAI,311023,204.96989247311828,219.07844702467344,202.28110229068648
MAHARASHTRA,MUMBAI,311024,216.81330472103005,219.07844702467344,202.28110229068648
MAHARASHTRA,MUMBAI,311025,209.9678800856531,219.07844702467344,202.28110229068648
MAHARASHTRA,MUMBAI,311026,219.40632054176072,219.07844702467344,202.28110229068648
MAHARASHTRA,MUMBAI,311027,209.12612612612614,219.07844702467344,202.28110229068648
MAHARASHTRA,MUMBAI,311028,216.32380952380953,219.07844702467344,202.28110229068648
MAHARASHTRA,MUMBAI,311029,224.8537170263789,219.07844702467344,202.28110229068648
MAHARASHTRA,MUMBAI,311030,211.5507614213198,219.07844702467344,202.28110229068648
MAHARASHTRA,MUMBAI,311031,212.23677581863979,219.07844702467344,202.28110229068648
MAHARASHTRA,MUMBAI,311032,205.7070707070707,219.07844702467344,202.28110229068648
MAHARASHTRA,MUMBAI,311033,222.07462686567163,219.07844702467344,202.28110229068648
MAHARASHTRA,MUMBAI,311034,230.145,219.07844702467344,202.28110229068648
MAHARASHTRA,MUMBAI,311035,209.512,219.07844702467344,202.28110229068648
MAHARASHTRA,MUMBAI,311036,226.02964959568735,219.07844702467344,202.28110229068648
MAHARASHTRA,MUMBAI,311037,218.912,219.07844702467344,202.28110229068648
MAHARASHTRA,MUMBAI,311038,223.22727272727272,219.07844702467344,202.28110229068648
MAHARASHTRA,MUMBAI,311039,218.0830945558739,219.07844702467344,202.28110229068648
MAHARASHTRA,MUMBAI,311040,225.03735632183907,219.07844702467344,202.28110229068648
MAHARASHTRA,MUMBAI,311041,235.83142857142857,219.07844702467344,202.28110229068648
MAHARASHTRA,MUMBAI,311042,231.78386167146974,219.07844702467344,202.28110229068648
MAHARASHTRA,MUMBAI,311043,218.55428571428573,219.07844702467344,202.28110229068648
MAHARASHTRA,MUMBAI,311044,217.32415902140673,219.07844702467344,202.28110229068648
MAHARASHTRA,MUMBAI,311045,239.65749235474007,219.07844702467344,202.28110229068648
MAHARASHTRA,MUMBAI,311046,230.66775244299674,219.07844702467344,202.28110229068648
MAHARASHTRA,MUMBAI,311047,220.07843137254903,219.07844702467344,202.28110229068648
MAHARASHTRA,MUMBAI,311048,233.23102310231022,219.07844702467344,202.28110229068648
MAHARASHTRA,MUMBAI,311049,208.15140845070422,219.07844702467344,202.28110229068648
MAHARASHTRA,MUMBAI,311050,209.76534296028882,219.07844702467344,202.28110229068648
MAHARASHTRA,MUMBAI,311051,208.96108949416342,219.07844702467344,202.28110229068648
MAHARASHTRA,MUMBAI,311052,228.61417322834646,219.07844702467344,202.28110229068648
MAHARASHTRA,MUMBAI,311053,206.55172413793105,219.07844702467344,202.28110229068648
MAHARASHTRA,MUMBAI,311054,224.46724890829694,219.07844702467344,202.28110229068648
MAHARASHTRA,MUMBAI,311055,204.39406779661016,219.07844702467344,202.28110229068648
MAHARASHTRA,MUMBAI,311056,209.80851063829786,219.07844702467344,202.28110229068648
MAHARASHTRA,MUMBAI,311057,219.2801724137931,219.07844702467344,202.28110229068648
MAHARASHTRA,MUMBAI,311058,222.43478260869566,219.07844702467344,202.28110229068648
MAHARASHTRA,MUMBAI,311059,237.0995260663507,219.07844702467344,202.28110229068648
MAHARASHTRA,MUMBAI,311060,209.69892473118279,219.07844702467344,202.28110229068648
MAHARASHTRA,MUMBAI,311061,255.4972972972973,219.07844702467344,202.28110229068648
MAHARASHTRA,MUMBAI,311062,240.43093922651934,219.07844702467344,202.28110229068648
MAHARASHTRA,MUMBAI,311063,220.6605504587156,219.07844702467344,202.28110229068648
MAHARASHTRA,NAGPUR,311101,223.58881256133463,212.48165869218502,202.28110229068648
MAHARASHTRA,NAGPUR,311102,219.77374599786552,212.48165869218502,202.28110229068648
MAHARASHTRA,NAGPUR,311103,213.17293233082708,212.48165869218502,202.28110229068648
MAHARASHTRA,NAGPUR,311104,211.13015463917526,212.48165869218502,202.28110229068648
MAHARASHTRA,NAGPUR,311105,210.9879518072289,212.48165869218502,202.28110229068648
MAHARASHTRA,NAGPUR,311106,208.09915014164307,212.48165869218502,202.28110229068648
MAHARASHTRA,NAGPUR,311107,207.73631123919307,212.48165869218502,202.28110229068648
MAHARASHTRA,NAGPUR,311108,212.2697274031564,212.48165869218502,202.28110229068648
MAHARASHTRA,NAGPUR,311109,204.09259259259258,212.48165869218502,202.28110229068648
MAHARASHTRA,NAGPUR,311110,211.3413597733711,212.48165869218502,202.28110229068648
MAHARASHTRA,NAGPUR,311111,213.27465857359635,212.48165869218502,202.28110229068648
MAHARASHTRA,NAGPUR,311112,219.71251931993817,212.48165869218502,202.28110229068648
MAHARASHTRA,NAGPUR,311113,220.0949263502455,212.48165869218502,202.28110229068648
MAHARASHTRA,NAGPUR,311114,207.66206896551725,212.48165869218502,202.28110229068648
MAHARASHTRA,NAGPUR,311115,214.71501706484642,212.48165869218502,202.28110229068648
MAHARASHTRA,NAGPUR,311116,206.63500931098696,212.48165869218502,202.28110229068648
MAHARASHTRA,NAGPUR,311117,220.34496124031008,212.48165869218502,202.28110229068648
MAHARASHTRA,NAGPUR,311118,217.6705426356589,212.48165869218502,202.28110229068648
MAHARASHTRA,NAGPUR,311119,213.05668016194332,212.48165869218502,202.28110229068648
MAHARASHTRA,NAGPUR,311120,202.25646551724137,212.48165869218502,202.28110229068648
MAHARASHTRA,NAGPUR,311121,220.89721627408994,212.48165869218502,202.28110229068648
MAHARASHTRA,NAGPUR,311122,204.1965811965812,212.48165869218502,202.28110229068648
MAHARASHTRA,NAGPUR,311123,212.4221748400853,212.48165869218502,202.28110229068648
MAHARASHTRA,NAGPUR,311124,208.385,212.48165869218502,202.28110229068648
MAHARASHTRA,NAGPUR,311125,196.312,212.48165869218502,202.28110229068648
MAHARASHTRA,NAGPUR,311126,182.3653846153846,212.48165869218502,202.28110229068648
MAHARASHTRA,NANDED,311201,223.79294117647058,229.79000410415432,202.28110229068648
MAHARASHTRA,NANDED,311202,225.8144611186903,229.79000410415432,202.28110229068648
MAHARASHTRA,NANDED,311203,221.84062059238363,229.79000410415432,202.28110229068648
MAHARASHTRA,NANDED,311204,225.63556851311952,229.79000410415432,202.28110229068648
MAHARASHTRA,NANDED,311205,232.28362573099415,229.79000410415432,202.28110229068648
MAHARASHTRA,NANDED,311206,231.76018808777428,229.79000410415432,202.28110229068648
MAHARASHTRA,NANDED,311207,242.06375838926175,229.79000410415432,202.28110229068648
MAHARASHTRA,NANDED,311208,225.38566552901023,229.79000410415432,202.28110229068648
MAHARASHTRA,NANDED,311209,233.140350877193,229.79000410415432,202.28110229068648
MAHARASHTRA,NANDED,311210,237.4183486238532,229.79000410415432,202.28110229068648
MAHARASHTRA,NANDED,311211,224.80467091295117,229.79000410415432,202.28110229068648
MAHARASHTRA,NANDED,311212,237.5337552742616,229.79000410415432,202.28110229068648
MAHARASHTRA,NANDED,311213,219.60631578947368,229.79000410415432,202.28110229068648
MAHARASHTRA,NANDED,311214,235.35106382978722,229.79000410415432,202.28110229068648
MAHARASHTRA,NANDED,311215,225.68365180467092,229.79000410415432,202.28110229068648
MAHARASHTRA,NANDED,311216,225.74946921443737,229.79000410415432,202.28110229068648
MAHARASHTRA,NANDED,311217,231.66382978723405,229.79000410415432,202.28110229068648
MAHARASHTRA,NANDED,311218,235.54332552693208,229.79000410415432,202.28110229068648
MAHARASHTRA,NANDED,311219,238.9504716981132,229.79000410415432,202.28110229068648
MAHARASHTRA,NANDED,311220,227.5748218527316,229.79000410415432,202.28110229068648
MAHARASHTRA,NANDED,311221,225.66137566137567,229.79000410415432,202.28110229068648
MAHARASHTRA,NANDED,311222,234.11315789473684,229.79000410415432,202.28110229068648
MAHARASHTRA,NANDED,311223,232.35356200527704,229.79000410415432,202.28110229068648
MAHARASHTRA,NANDED,311224,247.90691489361703,229.79000410415432,202.28110229068648
MAHARASHTRA,NANDED,311225,233.015873015873,229.79000410415432,202.28110229068648
MAHARASHTRA,NANDED,311226,217.68882978723406,229.79000410415432,202.28110229068648
MAHARASHTRA,NANDED,311227,232.21629213483146,229.79000410415432,202.28110229068648
MAHARASHTRA,NANDED,311228,239.0284090909091,229.79000410415432,202.28110229068648
MAHARASHTRA,NANDED,311229,219.58640226628896,229.79000410415432,202.28110229068648
MAHARASHTRA,NANDED,311230,224.84873949579833,229.79000410415432,202.28110229068648
MAHARASHTRA,NANDED,311231,230.5099150141643,229.79000410415432,202.28110229068648
MAHARASHTRA,NANDED,311232,239.13105413105413,229.79000410415432,202.28110229068648
MAHARASHTRA,NANDED,311233,227.69467787114846,229.79000410415432,202.28110229068648
MAHARASHTRA,NANDED,311234,231.9108635097493,229.79000410415432,202.28110229068648
MAHARASHTRA,NANDED,311235,218.85393258426967,229.79000410415432,202.28110229068648
MAHARASHTRA,NANDED,311236,219.74858757062148,229.79000410415432,202.28110229068648
MAHARASHTRA,NANDED,311237,206.57627118644066,229.79000410415432,202.28110229068648
MAHARASHTRA,NANDED,311238,244.79934210526315,229.79000410415432,202.28110229068648
MAHARASHTRA,NANDED,311239,225.6742671009772,229.79000410415432,202.28110229068648
MAHARASHTRA,NANDED,311240,237.74468085106383,229.79000410415432,202.28110229068648
MAHARASHTRA,NANDED,311241,226.8109243697479,229.79000410415432,202.28110229068648
MAHARASHTRA,NANDED,311242,234.21097046413502,229.79000410415432,202.28110229068648
MAHARASHTRA,NANDED,311243,268.9830508474576,229.79000410415432,202.28110229068648
MAHARASHTRA,NANDED,311244,229.2426778242678,229.79000410415432,202.28110229068648
MAHARASHTRA,NANDED,311245,230.45338983050848,229.79000410415432,202.28110229068648
MAHARASHTRA,NANDED,311246,226.2936170212766,229.79000410415432,202.28110229068648
MAHARASHTRA,NANDED,311247,231.39224137931035,229.79000410415432,202.28110229068648
MAHARASHTRA,NANDED,311248,229.02941176470588,229.79000410415432,202.28110229068648
MAHARASHTRA,NANDED,311249,230.21610169491527,229.79000410415432,202.28110229068648
MAHARASHTRA,NANDED,311250,245.03347280334728,229.79000410415432,202.28110229068648
MAHARASHTRA,NANDED,311251,225.09166666666667,229.79000410415432,202.28110229068648
MAHARASHTRA,NANDED,311252,232.75,229.79000410415432,202.28110229068648
MAHARASHTRA,NANDED,311253,234.991452991453,229.79000410415432,202.28110229068648
MAHARASHTRA,NANDED,311254,237.28936170212765,229.79000410415432,202.28110229068648
MAHARASHTRA,NANDED,311255,230.4232558139535,229.79000410415432,202.28110229068648
MAHARASHTRA,NANDED,311256,165.4470588235294,229.79000410415432,202.28110229068648
MAHARASHTRA,NANDURBAR,312701,105.08673469387755,95.88731343283582,202.28110229068648
MAHARASHTRA,NANDURBAR,312702,99.85395537525355,95.88731343283582,202.28110229068648
MAHARASHTRA,NANDURBAR,312703,90.28571428571429,95.88731343283582,202.28110229068648
MAHARASHTRA,NANDURBAR,312704,94.45291479820628,95.88731343283582,202.28110229068648
MAHARASHTRA,NANDURBAR,312705,95.50267379679144,95.88731343283582,202.28110229068648
MAHARASHTRA,NANDURBAR,312706,95.97058823529412,95.88731343283582,202.28110229068648
MAHARASHTRA,NANDURBAR,312707,92.30311614730878,95.88731343283582,202.28110229068648
MAHARASHTRA,NANDURBAR,312708,105.76338028169015,95.88731343283582,202.28110229068648
MAHARASHTRA,NANDURBAR,312709,99.33687943262412,95.88731343283582,202.28110229068648
MAHARASHTRA,NANDURBAR,312710,68.59302325581395,95.88731343283582,202.28110229068648
MAHARASHTRA,NASHIK,311301,164.4472876151484,166.5763131359428,202.28110229068648
MAHARASHTRA,NASHIK,311302,161.22747252747251,166.5763131359428,202.28110229068648
MAHARASHTRA,NASHIK,311303,168.19543509272467,166.5763131359428,202.28110229068648
MAHARASHTRA,NASHIK,311304,160.4046153846154,166.5763131359428,202.28110229068648
MAHARASHTRA,NASHIK,311305,173.206132879046,166.5763131359428,202.28110229068648
MAHARASHTRA,NASHIK,311306,161.57439446366783,166.5763131359428,202.28110229068648
MAHARASHTRA,NASHIK,311307,182.08665511265164,166.5763131359428,202.28110229068648
MAHARASHTRA,NASHIK,311308,159.99472759226714,166.5763131359428,202.28110229068648
MAHARASHTRA,NASHIK,311309,179.09796672828097,166.5763131359428,202.28110229068648
MAHARASHTRA,NASHIK,311310,174.51024590163934,166.5763131359428,202.28110229068648
MAHARASHTRA,NASHIK,311311,164.34685598377283,166.5763131359428,202.28110229068648
MAHARASHTRA,NASHIK,311312,174.42943548387098,166.5763131359428,202.28110229068648
MAHARASHTRA,NASHIK,311313,165.09677419354838,166.5763131359428,202.28110229068648
MAHARASHTRA,NASHIK,311314,169.77969762419008,166.5763131359428,202.28110229068648
MAHARASHTRA,NASHIK,311315,168.8543897216274,166.5763131359428,202.28110229068648
MAHARASHTRA,NASHIK,311316,159.8682505399568,166.5763131359428,202.28110229068648
MAHARASHTRA,NASHIK,311317,161.4164810690423,166.5763131359428,202.28110229068648
MAHARASHTRA,NASHIK,311318,167.15401301518438,166.5763131359428,202.28110229068648
MAHARASHTRA,NASHIK,311319,170.63440860215053,166.5763131359428,202.28110229068648
MAHARASHTRA,NASHIK,311320,89.39449541284404,166.5763131359428,202.28110229068648
MAHARASHTRA,NAVI MUMBAI,311401,227.30023640661938,228.85022909507447,202.28110229068648
MAHARASHTRA,NAVI MUMBAI,311402,221.80347593582889,228.85022909507447,202.28110229068648
MAHARASHTRA,NAVI MUMBAI,311403,223.13037447988904,228.85022909507447,202.28110229068648
MAHARASHTRA,NAVI MUMBAI,311404,232.6314960629921,228.85022909507447,202.28110229068648
MAHARASHTRA,NAVI MUMBAI,311405,234.26194398682043,228.85022909507447,202.28110229068648
MAHARASHTRA,NAVI MUMBAI,311406,231.81666666666666,228.85022909507447,202.28110229068648
MAHARASHTRA,NAVI MUMBAI,311407,227.93822393822393,228.85022909507447,202.28110229068648
MAHARASHTRA,NAVI MUMBAI,311408,233.6910569105691,228.85022909507447,202.28110229068648
MAHARASHTRA,NAVI MUMBAI,311409,219.3168103448276,228.85022909507447,202.28110229068648
MAHARASHTRA,NAVI MUMBAI,311410,232.02795698924731,228.85022909507447,202.28110229068648
MAHARASHTRA,NAVI MUMBAI,311411,223.35406698564594,228.85022909507447,202.28110229068648
MAHARASHTRA,NAVI MUMBAI,311412,236.4520202020202,228.85022909507447,202.28110229068648
MAHARASHTRA,NAVI MUMBAI,311413,256.7761194029851,228.85022909507447,202.28110229068648
MAHARASHTRA,OSMANABAD,312801,168.07203389830508,174.01192924722338,202.28110229068648
MAHARASHTRA,OSMANABAD,312802,163.10849056603774,174.01192924722338,202.28110229068648
MAHARASHTRA,OSMANABAD,312803,173.89877300613497,174.01192924722338,202.28110229068648
MAHARASHTRA,OSMANABAD,312804,185.65357142857144,174.01192924722338,202.28110229068648
MAHARASHTRA,OSMANABAD,312805,164.4420600858369,174.01192924722338,202.28110229068648
MAHARASHTRA,OSMANABAD,312806,183.25574712643677,174.01192924722338,202.28110229068648
MAHARASHTRA,PALGHAR,312901,166.58728179551122,167.98822730359973,202.28110229068648
MAHARASHTRA,PALGHAR,312902,169.46886446886447,167.98822730359973,202.28110229068648
MAHARASHTRA,PALGHAR,312903,159.7721021611002,167.98822730359973,202.28110229068648
MAHARASHTRA,PALGHAR,312904,166.6355748373102,167.98822730359973,202.28110229068648
MAHARASHTRA,PALGHAR,312905,161.4334862385321,167.98822730359973,202.28110229068648
MAHARASHTRA,PALGHAR,312906,171.83116883116884,167.98822730359973,202.28110229068648
MAHARASHTRA,PALGHAR,312907,175.26486486486488,167.98822730359973,202.28110229068648
MAHARASHTRA,PALGHAR,312908,163.17241379310346,167.98822730359973,202.28110229068648
MAHARASHTRA,PALGHAR,312909,173.54093567251462,167.98822730359973,202.28110229068648
MAHARASHTRA,PALGHAR,312910,184.42660550458714,167.98822730359973,202.28110229068648
MAHARASHTRA,PARBHANI,313001,183.30428134556576,181.63849765258215,202.28110229068648
MAHARASHTRA,PARBHANI,313002,180.964406779661,181.63849765258215,202.28110229068648
MAHARASHTRA,PARBHANI,313003,170.1164658634538,181.63849765258215,202.28110229068648
MAHARASHTRA,PARBHANI,313004,182.33760683760684,181.63849765258215,202.28110229068648
MAHARASHTRA,PARBHANI,313005,180.67612293144208,181.63849765258215,202.28110229068648
MAHARASHTRA,PARBHANI,313006,179.19574468085105,181.63849765258215,202.28110229068648
MAHARASHTRA,PARBHANI,313007,199.85169491525423,181.63849765258215,202.28110229068648
MAHARASHTRA,PARBHANI,313008,188.97881355932202,181.63849765258215,202.28110229068648
MAHARASHTRA,PARBHANI,313009,203.27659574468086,181.63849765258215,202.28110229068648
MAHARASHTRA,PARBHANI,313010,165.39484978540773,181.63849765258215,202.28110229068648
MAHARASHTRA,PARBHANI,313011,168.01408450704224,181.63849765258215,202.28110229068648
MAHARASHTRA,PARBHANI,313012,179.47619047619048,181.63849765258215,202.28110229068648
MAHARASHTRA,PARBHANI,313013,179.78403755868544,181.63849765258215,202.28110229068648
MAHARASHTRA,PARBHANI,313014,182.32701421800948,181.63849765258215,202.28110229068648
MAHARASHTRA,PARBHANI,313015,172.99521531100478,181.63849765258215,202.28110229068648
MAHARASHTRA,PARBHANI,313016,195.8551401869159,181.63849765258215,202.28110229068648
MAHARASHTRA,PARBHANI,313017,183.24565217391304,181.63849765258215,202.28110229068648
MAHARASHTRA,PUNE,311501,230.9724375538329,224.46105115994584,202.28110229068648
MAHARASHTRA,PUNE,311502,220.6994708994709,224.46105115994584,202.28110229068648
MAHARASHTRA,PUNE,311503,223.72848360655738,224.46105115994584,202.28110229068648
MAHARASHTRA,PUNE,311504,227.97395243488108,224.46105115994584,202.28110229068648
MAHARASHTRA,PUNE,311505,233.24324324324326,224.46105115994584,202.28110229068648
MAHARASHTRA,PUNE,311506,222.5073627844712,224.46105115994584,202.28110229068648
MAHARASHTRA,PUNE,311507,225.5236111111111,224.46105115994584,202.28110229068648
MAHARASHTRA,PUNE,311508,228.62103746397693,224.46105115994584,202.28110229068648
MAHARASHTRA,PUNE,311509,227.20141843971632,224.46105115994584,202.28110229068648
MAHARASHTRA,PUNE,311510,226.14756446991404,224.46105115994584,202.28110229068648
MAHARASHTRA,PUNE,311511,225.1845238095238,224.46105115994584,202.28110229068648
MAHARASHTRA,PUNE,311512,224.1483113069016,224.46105115994584,202.28110229068648
MAHARASHTRA,PUNE,311513,226.0950704225352,224.46105115994584,202.28110229068648
MAHARASHTRA,PUNE,311514,219.1396933560477,224.46105115994584,202.28110229068648
MAHARASHTRA,PUNE,311515,213.10771992818673,224.46105115994584,202.28110229068648
MAHARASHTRA,PUNE,311516,228.32596685082873,224.46105115994584,202.28110229068648
MAHARASHTRA,PUNE,311517,222.01115241635688,224.46105115994584,202.28110229068648
MAHARASHTRA,PUNE,311518,223.40677966101694,224.46105115994584,202.28110229068648
MAHARASHTRA,PUNE,311519,210.48336594911936,224.46105115994584,202.28110229068648
MAHARASHTRA,PUNE,311520,243.688,224.46105115994584,202.28110229068648
MAHARASHTRA,PUNE,311521,230.4558521560575,224.46105115994584,202.28110229068648
MAHARASHTRA,PUNE,311522,241.10677618069815,224.46105115994584,202.28110229068648
MAHARASHTRA,PUNE,311523,210.8357894736842,224.46105115994584,202.28110229068648
MAHARASHTRA,PUNE,311524,222.4792531120332,224.46105115994584,202.28110229068648
MAHARASHTRA,PUNE,311525,227.719836400818,224.46105115994584,202.28110229068648
MAHARASHTRA,PUNE,311526,226.7805907172996,224.46105115994584,202.28110229068648
MAHARASHTRA,PUNE,311527,221.66086956521738,224.46105115994584,202.28110229068648
MAHARASHTRA,PUNE,311528,221.5181236673774,224.46105115994584,202.28110229068648
MAHARASHTRA,PUNE,311529,224.19057815845824,224.46105115994584,202.28110229068648
MAHARASHTRA,PUNE,311530,204.77849462365592,224.46105115994584,202.28110229068648
MAHARASHTRA,PUNE,311531,229.38394793926247,224.46105115994584,202.28110229068648
MAHARASHTRA,PUNE,311532,220.26490066225165,224.46105115994584,202.28110229068648
MAHARASHTRA,PUNE,311533,222.0855855855856,224.46105115994584,202.28110229068648
MAHARASHTRA,PUNE,311534,227.33016627078385,224.46105115994584,202.28110229068648
MAHARASHTRA,PUNE,311535,212.3595238095238,224.46105115994584,202.28110229068648
MAHARASHTRA,PUNE,311536,208.72979797979798,224.46105115994584,202.28110229068648
MAHARASHTRA,PUNE,311537,211.7984693877551,224.46105115994584,202.28110229068648
MAHARASHTRA,PUNE,311538,231.5623409669211,224.46105115994584,202.28110229068648
MAHARASHTRA,PUNE,311539,232.0188679245283,224.46105115994584,202.28110229068648
MAHARASHTRA,PUNE,311540,231.79177377892032,224.46105115994584,202.28110229068648
MAHARASHTRA,RAIGAD,313101,150.29291204099061,150.29291204099061,202.28110229068648
MAHARASHTRA,RATNAGIRI,312101,163.39593908629442,171.81688018085907,202.28110229068648
MAHARASHTRA,RATNAGIRI,312102,181.92583120204603,171.81688018085907,202.28110229068648
MAHARASHTRA,RATNAGIRI,312103,165.3884892086331,171.81688018085907,202.28110229068648
MAHARASHTRA,RATNAGIRI,312104,172.4590570719603,171.81688018085907,202.28110229068648
MAHARASHTRA,SANGLI,311901,199.0631399317406,205.21351504826802,202.28110229068648
MAHARASHTRA,SANGLI,311902,201.58467741935485,205.21351504826802,202.28110229068648
MAHARASHTRA,SANGLI,311903,217.92957746478874,205.21351504826802,202.28110229068648
MAHARASHTRA,SANGLI,311904,199.73871733966746,205.21351504826802,202.28110229068648
MAHARASHTRA,SANGLI,311905,188.7669376693767,205.21351504826802,202.28110229068648
MAHARASHTRA,SANGLI,311906,213.26329787234042,205.21351504826802,202.28110229068648
MAHARASHTRA,SANGLI,311907,217.60614525139664,205.21351504826802,202.28110229068648
MAHARASHTRA,SANGLI,311908,208.15963855421685,205.21351504826802,202.28110229068648
MAHARASHTRA,SANGLI,311909,214.9136690647482,205.21351504826802,202.28110229068648
MAHARASHTRA,SANGLI,311910,210.09677419354838,205.21351504826802,202.28110229068648
MAHARASHTRA,SANGLI,311911,197.54237288135593,205.21351504826802,202.28110229068648
MAHARASHTRA,SANGLI,311912,201.15677966101694,205.21351504826802,202.28110229068648
MAHARASHTRA,SANGLI,311913,191.22169811320754,205.21351504826802,202.28110229068648
MAHARASHTRA,SANGLI,311914,206.35255354200987,205.21351504826802,202.28110229068648
MAHARASHTRA,SATARA,311601,190.536,191.37891986062718,202.28110229068648
MAHARASHTRA,SATARA,311602,196.20338983050848,191.37891986062718,202.28110229068648
MAHARASHTRA,SATARA,311603,196.8218954248366,191.37891986062718,202.28110229068648
MAHARASHTRA,SATARA,311604,186.02568493150685,191.37891986062718,202.28110229068648
MAHARASHTRA,SATARA,311605,189.0326086956522,191.37891986062718,202.28110229068648
MAHARASHTRA,SATARA,311606,193.17910447761193,191.37891986062718,202.28110229068648
MAHARASHTRA,SATARA,311607,192.4418052256532,191.37891986062718,202.28110229068648
MAHARASHTRA,SATARA,311608,183.9151515151515,191.37891986062718,202.28110229068648
MAHARASHTRA,SATARA,311609,188.51937984496124,191.37891986062718,202.28110229068648
MAHARASHTRA,SINDHUDURG,312001,151.88247863247864,149.31608391608393,202.28110229068648
MAHARASHTRA,SINDHUDURG,312002,144.45344129554655,149.31608391608393,202.28110229068648
MAHARASHTRA,SOLAPUR,311701,181.160136286201,180.61650743099787,202.28110229068648
MAHARASHTRA,SOLAPUR,311702,171.01760563380282,180.61650743099787,202.28110229068648
MAHARASHTRA,SOLAPUR,311703,175.41276595744682,180.61650743099787,202.28110229068648
MAHARASHTRA,SOLAPUR,311704,179.51397849462364,180.61650743099787,202.28110229068648
MAHARASHTRA,SOLAPUR,311705,182.53695652173914,180.61650743099787,202.28110229068648
MAHARASHTRA,SOLAPUR,311706,168.23191489361702,180.61650743099787,202.28110229068648
MAHARASHTRA,SOLAPUR,311707,172.6952789699571,180.61650743099787,202.28110229068648
MAHARASHTRA,SOLAPUR,311708,202.87076271186442,180.61650743099787,202.28110229068648
MAHARASHTRA,SOLAPUR,311709,178.34188034188034,180.61650743099787,202.28110229068648
MAHARASHTRA,SOLAPUR,311710,189.26638477801268,180.61650743099787,202.28110229068648
MAHARASHTRA,SOLAPUR,311711,184.9857482185273,180.61650743099787,202.28110229068648
MAHARASHTRA,SOLAPUR,311712,182.84170854271358,180.61650743099787,202.28110229068648
MAHARASHTRA,SOLAPUR,311713,178.21902017291066,180.61650743099787,202.28110229068648
MAHARASHTRA,SOLAPUR,311714,170.9296636085627,180.61650743099787,202.28110229068648
MAHARASHTRA,SOLAPUR,311715,180.80243161094225,180.61650743099787,202.28110229068648
MAHARASHTRA,SOLAPUR,311716,190.25986842105263,180.61650743099787,202.28110229068648
MAHARASHTRA,SOLAPUR,311717,188.64788732394365,180.61650743099787,202.28110229068648
MAHARASHTRA,SOLAPUR,311718,177.04845814977975,180.61650743099787,202.28110229068648
MAHARASHTRA,THANE,311801,201.28075396825398,199.06680780992707,202.28110229068648
MAHARASHTRA,THANE,311802,196.20418204182042,199.06680780992707,202.28110229068648
MAHARASHTRA,THANE,311803,212.1443433029909,199.06680780992707,202.28110229068648
MAHARASHTRA,THANE,311804,199.82191780821918,199.06680780992707,202.28110229068648
MAHARASHTRA,THANE,311805,214.80858676207512,199.06680780992707,202.28110229068648
MAHARASHTRA,THANE,311806,181.85852713178295,199.06680780992707,202.28110229068648
MAHARASHTRA,THANE,311807,194.96124031007753,199.06680780992707,202.28110229068648
MAHARASHTRA,THANE,311808,209.2280701754386,199.06680780992707,202.28110229068648
MAHARASHTRA,THANE,311809,212.86912065439674,199.06680780992707,202.28110229068648
MAHARASHTRA,THANE,311810,195.61212121212122,199.06680780992707,202.28110229068648
MAHARASHTRA,THANE,311811,194.48275862068965,199.06680780992707,202.28110229068648
MAHARASHTRA,THANE,311812,191.41505376344085,199.06680780992707,202.28110229068648
MAHARASHTRA,THANE,311813,191.74364406779662,199.06680780992707,202.28110229068648
MAHARASHTRA,THANE,311814,216.2279569892473,199.06680780992707,202.28110229068648
MAHARASHTRA,THANE,311815,193.54066985645932,199.06680780992707,202.28110229068648
MAHARASHTRA,THANE,311816,207.7452380952381,199.06680780992707,202.28110229068648
MAHARASHTRA,THANE,311817,204.64593301435406,199.06680780992707,202.28110229068648
MAHARASHTRA,THANE,311818,181.7206982543641,199.06680780992707,202.28110229068648
MAHARASHTRA,THANE,311819,198.10846560846562,199.06680780992707,202.28110229068648
MAHARASHTRA,THANE,311820,202.94827586206895,199.06680780992707,202.28110229068648
MAHARASHTRA,THANE,311821,185.61581920903956,199.06680780992707,202.28110229068648
MAHARASHTRA,THANE,311822,200.45797101449276,199.06680780992707,202.28110229068648
MAHARASHTRA,THANE,311823,190.15625,199.06680780992707,202.28110229068648
MAHARASHTRA,THANE,311824,197.58689458689457,199.06680780992707,202.28110229068648
MAHARASHTRA,THANE,311825,204.03508771929825,199.06680780992707,202.28110229068648
MAHARASHTRA,THANE,311826,198.9925925925926,199.06680780992707,202.28110229068648
MAHARASHTRA,THANE,311827,158.93867924528303,199.06680780992707,202.28110229068648
MAHARASHTRA,WARDHA,313201,171.24444444444444,167.12843295638126,202.28110229068648
MAHARASHTRA,WARDHA,313202,163.33333333333334,167.12843295638126,202.28110229068648
MAHARASHTRA,WARDHA,313203,169.25572519083968,167.12843295638126,202.28110229068648
MAHARASHTRA,WARDHA,313204,180.57976653696497,167.12843295638126,202.28110229068648
MAHARASHTRA,WARDHA,313205,164.85897435897436,167.12843295638126,202.28110229068648
MAHARASHTRA,WARDHA,313206,172.88362068965517,167.12843295638126,202.28110229068648
MAHARASHTRA,WARDHA,313207,159.81196581196582,167.12843295638126,202.28110229068648
MAHARASHTRA,WARDHA,313208,157.55555555555554,167.12843295638126,202.28110229068648
MAHARASHTRA,WARDHA,313209,161.31851851851852,167.12843295638126,202.28110229068648
MAHARASHTRA,WASHIM,313301,177.35864978902953,164.69539329363835,202.28110229068648
MAHARASHTRA,WASHIM,313302,172.77330508474577,164.69539329363835,202.28110229068648
MAHARASHTRA,WASHIM,313303,145.7537313432836,164.69539329363835,202.28110229068648
MAHARASHTRA,WASHIM,313304,170.6931818181818,164.69539329363835,202.28110229068648
MAHARASHTRA,WASHIM,313305,160.69277108433735,164.69539329363835,202.28110229068648
MAHARASHTRA,WASHIM,313306,162.47368421052633,164.69539329363835,202.28110229068648
MAHARASHTRA,WASHIM,313307,168.4496402877698,164.69539329363835,202.28110229068648
MAHARASHTRA,WASHIM,313308,155.16033755274262,164.69539329363835,202.28110229068648
MAHARASHTRA,WASHIM,313309,185.96825396825398,164.69539329363835,202.28110229068648
MAHARASHTRA,WASHIM,313310,134.3764705882353,164.69539329363835,202.28110229068648
MAHARASHTRA,YAVATMAL,313401,180.11764705882354,174.1328171530673,202.28110229068648
MAHARASHTRA,YAVATMAL,313402,170.54947368421054,174.1328171530673,202.28110229068648
MAHARASHTRA,YAVATMAL,313403,170.0475,174.1328171530673,202.28110229068648
MAHARASHTRA,YAVATMAL,313404,169.46289752650176,174.1328171530673,202.28110229068648
MAHARASHTRA,YAVATMAL,313405,170.97864768683274,174.1328171530673,202.28110229068648
MAHARASHTRA,YAVATMAL,313406,168.34859154929578,174.1328171530673,202.28110229068648
MAHARASHTRA,YAVATMAL,313407,171.42142857142858,174.1328171530673,202.28110229068648
MAHARASHTRA,YAVATMAL,313408,190.89743589743588,174.1328171530673,202.28110229068648
MAHARASHTRA,YAVATMAL,313409,171.17703349282297,174.1328171530673,202.28110229068648
MAHARASHTRA,YAVATMAL,313410,190.7699530516432,174.1328171530673,202.28110229068648
MAHARASHTRA,YAVATMAL,313411,165.1359223300971,174.1328171530673,202.28110229068648
MANIPUR,CHANDEL,320201,116.2111801242236,116.2111801242236,200.17583277442432
MANIPUR,CHURACHANDPUR,320301,140.78849144634526,140.78849144634526,200.17583277442432
MANIPUR,IMPHAL,320101,203.234375,206.5261606484893,200.17583277442432
MANIPUR,IMPHAL,320102,206.58591065292097,206.5261606484893,200.17583277442432
MANIPUR,IMPHAL,320103,203.27514231499052,206.5261606484893,200.17583277442432
MANIPUR,IMPHAL,320104,201.9785407725322,206.5261606484893,200.17583277442432
MANIPUR,IMPHAL,320105,193.70322580645163,206.5261606484893,200.17583277442432
MANIPUR,IMPHAL,320106,205.34913793103448,206.5261606484893,200.17583277442432
MANIPUR,IMPHAL,320107,195.58273381294964,206.5261606484893,200.17583277442432
MANIPUR,IMPHAL,320108,206.8490566037736,206.5261606484893,200.17583277442432
MANIPUR,IMPHAL,320109,205.16042780748663,206.5261606484893,200.17583277442432
MANIPUR,IMPHAL,320110,201.87967914438502,206.5261606484893,200.17583277442432
MANIPUR,IMPHAL,320111,219.30085959885386,206.5261606484893,200.17583277442432
MANIPUR,IMPHAL,320112,217.7,206.5261606484893,200.17583277442432
MANIPUR,IMPHAL,320113,214.96600566572238,206.5261606484893,200.17583277442432
MANIPUR,IMPHAL,320114,221.1271186440678,206.5261606484893,200.17583277442432
MANIPUR,IMPHAL,320115,210.8957055214724,206.5261606484893,200.17583277442432
MANIPUR,IMPHAL,320116,213.29738562091504,206.5261606484893,200.17583277442432
MANIPUR,IMPHAL,320117,215.82327586206895,206.5261606484893,200.17583277442432
MANIPUR,IMPHAL,320118,228.57456140350877,206.5261606484893,200.17583277442432
MANIPUR,IMPHAL,320119,191.51724137931035,206.5261606484893,200.17583277442432
MANIPUR,IMPHAL,320120,204.49367088607596,206.5261606484893,200.17583277442432
MANIPUR,IMPHAL,320121,191.45021645021646,206.5261606484893,200.17583277442432
MANIPUR,IMPHAL,320122,206.1587982832618,206.5261606484893,200.17583277442432
MANIPUR,IMPHAL,320123,198.41052631578947,206.5261606484893,200.17583277442432
MEGHALAYA,EAST KHASI HILLS,330201,157.85806451612902,157.85806451612902,156.40936917753527
MEGHALAYA,JOWAI,330401,151.1158392434988,151.1158392434988,156.40936917753527
MEGHALAYA,RI BHOI,330301,122.8225806451613,122.8225806451613,156.40936917753527
MEGHALAYA,SHILLONG,330101,174.87223168654174,171.4250919117647,156.40936917753527
MEGHALAYA,SHILLONG,330102,167.89715536105032,171.4250919117647,156.40936917753527
MEGHALAYA,SHILLONG,330103,167.13333333333333,171.4250919117647,156.40936917753527
MEGHALAYA,SHILLONG,330104,168.7783251231527,171.4250919117647,156.40936917753527
MEGHALAYA,SHILLONG,330105,180.82608695652175,171.4250919117647,156.40936917753527
MEGHALAYA,TURA,330501,128.6573275862069,126.0403825717322,156.40936917753527
MEGHALAYA,TURA,330502,124.16279069767442,126.0403825717322,156.40936917753527
MEGHALAYA,TURA,330503,121.76691729323308,126.0403825717322,156.40936917753527
MIZORAM,AIZAWL,340101,159.87307692307692,155.13935383417672,155.13935383417672
MIZORAM,AIZAWL,340102,154.89111111111112,155.13935383417672,155.13935383417672
MIZORAM,AIZAWL,340103,148.38832487309645,155.13935383417672,155.13935383417672
MIZORAM,AIZAWL,340104,161.3739837398374,155.13935383417672,155.13935383417672
MIZORAM,AIZAWL,340105,152.6109589041096,155.13935383417672,155.13935383417672
MIZORAM,AIZAWL,340106,151.503125,155.13935383417672,155.13935383417672
MIZORAM,AIZAWL,340107,155.7748344370861,155.13935383417672,155.13935383417672
NAGALAND,DIMAPUR,350101,165.3650385604113,170.73797595190382,172.7927125506073
NAGALAND,DIMAPUR,350102,162.43489583333334,170.73797595190382,172.7927125506073
NAGALAND,DIMAPUR,350103,178.57868020304568,170.73797595190382,172.7927125506073
NAGALAND,DIMAPUR,350104,177.56291390728478,170.73797595190382,172.7927125506073
NAGALAND,DIMAPUR,350105,167.82062780269058,170.73797595190382,172.7927125506073
NAGALAND,DIMAPUR,350106,173.29934210526315,170.73797595190382,172.7927125506073
NAGALAND,KOHIMA,350201,174.82290076335877,175.19251023990637,172.7927125506073
NAGALAND,KOHIMA,350202,179.10596026490066,175.19251023990637,172.7927125506073
NAGALAND,KOHIMA,350203,172.47948717948717,175.19251023990637,172.7927125506073
NAGALAND,KOHIMA,350204,172.95260663507108,175.19251023990637,172.7927125506073
ODISHA,ANGUL,360101,182.7972709551657,177.98147108366086,204.6296060200877
ODISHA,ANGUL,360102,180.18882978723406,177.98147108366086,204.6296060200877
ODISHA,ANGUL,360103,170.41304347826087,177.98147108366086,204.6296060200877
ODISHA,ANGUL,360104,175.62537764350452,177.98147108366086,204.6296060200877
ODISHA,BALANGIR,360801,212.5671077504726,214.6532,204.6296060200877
ODISHA,BALANGIR,360802,207.07848837209303,214.6532,204.6296060200877
ODISHA,BALANGIR,360803,225.31623931623932,214.6532,204.6296060200877
ODISHA,BALANGIR,360804,215.99666666666667,214.6532,204.6296060200877
ODISHA,BALANGIR,360805,220.15579710144928,214.6532,204.6296060200877
ODISHA,BALANGIR,360806,209.59782608695653,214.6532,204.6296060200877
ODISHA,BALANGIR,360807,213.33254716981133,214.6532,204.6296060200877
ODISHA,BALASORE (BALESWAR),360201,164.87464387464388,169.1677675033025,204.6296060200877
ODISHA,BALASORE (BALESWAR),360202,163.1173974540311,169.1677675033025,204.6296060200877
ODISHA,BALASORE (BALESWAR),360203,162.61802575107296,169.1677675033025,204.6296060200877
ODISHA,BALASORE (BALESWAR),360204,185.36196319018404,169.1677675033025,204.6296060200877
ODISHA,BALASORE (BALESWAR),360205,174.73877551020408,169.1677675033025,204.6296060200877
ODISHA,BALASORE (BALESWAR),360206,176.79197994987467,169.1677675033025,204.6296060200877
ODISHA,BALASORE (BALESWAR),360207,161.01714285714286,169.1677675033025,204.6296060200877
ODISHA,BALASORE (BALESWAR),360208,170.62889518413598,169.1677675033025,204.6296060200877
ODISHA,BARAGARH,361701,211.66417910447763,214.4515759312321,204.6296060200877
ODISHA,BARAGARH,361702,209.4754601226994,214.4515759312321,204.6296060200877
ODISHA,BARAGARH,361703,216.46511627906978,214.4515759312321,204.6296060200877
ODISHA,BARAGARH,361704,236.7941176470588,214.4515759312321,204.6296060200877
ODISHA,BARAGARH,361705,207.79707112970712,214.4515759312321,204.6296060200877
ODISHA,BARIPADA/MAYURBANJ,361801,134.17864476386038,134.77535301668806,204.6296060200877
ODISHA,BARIPADA/MAYURBANJ,361802,135.36324786324786,134.77535301668806,204.6296060200877
ODISHA,BARIPADA/MAYURBANJ,361803,136.8793103448276,134.77535301668806,204.6296060200877
ODISHA,BARIPADA/MAYURBANJ,361804,129.6005747126437,134.77535301668806,204.6296060200877
ODISHA,BARIPADA/MAYURBANJ,361805,148.11469534050178,134.77535301668806,204.6296060200877
ODISHA,BARIPADA/MAYURBANJ,361806,140.59574468085106,134.77535301668806,204.6296060200877
ODISHA,BARIPADA/MAYURBANJ,361807,96.1747572815534,134.77535301668806,204.6296060200877
ODISHA,BERHAMPUR/GANJAM,360301,235.4147414741474,233.1935593220339,204.6296060200877
ODISHA,BERHAMPUR/GANJAM,360302,235.10650887573965,233.1935593220339,204.6296060200877
ODISHA,BERHAMPUR/GANJAM,360303,232.82164821648217,233.1935593220339,204.6296060200877
ODISHA,BERHAMPUR/GANJAM,360304,234.96723646723646,233.1935593220339,204.6296060200877
ODISHA,BERHAMPUR/GANJAM,360305,248.57510729613733,233.1935593220339,204.6296060200877
ODISHA,BERHAMPUR/GANJAM,360306,219.60135135135135,233.1935593220339,204.6296060200877
ODISHA,BERHAMPUR/GANJAM,360307,221.8674157303371,233.1935593220339,204.6296060200877
ODISHA,BERHAMPUR/GANJAM,360308,222.9211956521739,233.1935593220339,204.6296060200877
ODISHA,BERHAMPUR/GANJAM,360309,244.96283783783784,233.1935593220339,204.6296060200877
ODISHA,BERHAMPUR/GANJAM,360310,232.58169934640523,233.1935593220339,204.6296060200877
ODISHA,BHADRAK,361901,168.0994623655914,171.36692844677137,204.6296060200877
ODISHA,BHADRAK,361902,164.07977207977208,171.36692844677137,204.6296060200877
ODISHA,BHADRAK,361903,182.79470198675497,171.36692844677137,204.6296060200877
ODISHA,BHADRAK,361904,174.08666666666667,171.36692844677137,204.6296060200877
ODISHA,BHADRAK,361905,174.73856209150327,171.36692844677137,204.6296060200877
ODISHA,BHADRAK,361906,162.38297872340425,171.36692844677137,204.6296060200877
ODISHA,BHADRAK,361907,172.7417840375587,171.36692844677137,204.6296060200877
ODISHA,BHAWANIPATNA / KALAHANDI,360901,171.0893970893971,166.4463111760409,204.6296060200877
ODISHA,BHAWANIPATNA / KALAHANDI,360902,166.37715517241378,166.4463111760409,204.6296060200877
ODISHA,BHAWANIPATNA / KALAHANDI,360903,161.25471698113208,166.4463111760409,204.6296060200877
ODISHA,BHUBANESWAR,360401,248.73405299313052,249.26838305756084,204.6296060200877
ODISHA,BHUBANESWAR,360402,253.72121896162528,249.26838305756084,204.6296060200877
ODISHA,BHUBANESWAR,360403,249.434554973822,249.26838305756084,204.6296060200877
ODISHA,BHUBANESWAR,360404,243.51625487646294,249.26838305756084,204.6296060200877
ODISHA,BHUBANESWAR,360405,250.22366710013003,249.26838305756084,204.6296060200877
ODISHA,BHUBANESWAR,360406,242.03138373751784,249.26838305756084,204.6296060200877
ODISHA,BHUBANESWAR,360407,245.11,249.26838305756084,204.6296060200877
ODISHA,BHUBANESWAR,360408,238.11174785100286,249.26838305756084,204.6296060200877
ODISHA,BHUBANESWAR,360409,257.1263482280431,249.26838305756084,204.6296060200877
ODISHA,BHUBANESWAR,360410,249.33435114503817,249.26838305756084,204.6296060200877
ODISHA,BHUBANESWAR,360411,246.59167950693376,249.26838305756084,204.6296060200877
ODISHA,BHUBANESWAR,360412,256.6307448494453,249.26838305756084,204.6296060200877
ODISHA,BHUBANESWAR,360413,249.60824742268042,249.26838305756084,204.6296060200877
ODISHA,BHUBANESWAR,360414,261.93252595155707,249.26838305756084,204.6296060200877
ODISHA,BHUBANESWAR,360415,254.81001727115716,249.26838305756084,204.6296060200877
ODISHA,BHUBANESWAR,360416,235.85420240137222,249.26838305756084,204.6296060200877
ODISHA,BHUBANESWAR,360417,254.44905008635578,249.26838305756084,204.6296060200877
ODISHA,BHUBANESWAR,360418,259.5960854092527,249.26838305756084,204.6296060200877
ODISHA,BHUBANESWAR,360419,235.15985130111525,249.26838305756084,204.6296060200877
ODISHA,BHUBANESWAR,360420,250.82879377431905,249.26838305756084,204.6296060200877
ODISHA,BHUBANESWAR,360421,256.41520467836256,249.26838305756084,204.6296060200877
ODISHA,BHUBANESWAR,360422,239.13577586206895,249.26838305756084,204.6296060200877
ODISHA,BHUBANESWAR,360423,256.7983014861996,249.26838305756084,204.6296060200877
ODISHA,BHUBANESWAR,360424,255.62337662337663,249.26838305756084,204.6296060200877
ODISHA,BHUBANESWAR,360425,246.2012195121951,249.26838305756084,204.6296060200877
ODISHA,CUTTACK,360501,232.11266201395813,230.24798011187073,204.6296060200877
ODISHA,CUTTACK,360502,232.6398243045388,230.24798011187073,204.6296060200877
ODISHA,CUTTACK,360503,222.12286689419795,230.24798011187073,204.6296060200877
ODISHA,CUTTACK,360504,238.91580756013747,230.24798011187073,204.6296060200877
ODISHA,CUTTACK,360505,228.12274368231047,230.24798011187073,204.6296060200877
ODISHA,CUTTACK,360506,234.30371900826447,230.24798011187073,204.6296060200877
ODISHA,CUTTACK,360507,213.42307692307693,230.24798011187073,204.6296060200877
ODISHA,CUTTACK,360508,232.45454545454547,230.24798011187073,204.6296060200877
ODISHA,CUTTACK,360509,233.02921348314607,230.24798011187073,204.6296060200877
ODISHA,CUTTACK,360510,248.93198992443325,230.24798011187073,204.6296060200877
ODISHA,CUTTACK,360511,233.93729372937293,230.24798011187073,204.6296060200877
ODISHA,CUTTACK,360512,227.39406779661016,230.24798011187073,204.6296060200877
ODISHA,CUTTACK,360513,200.9871244635193,230.24798011187073,204.6296060200877
ODISHA,DHENKANAL,362001,199.56382978723406,192.42712721145745,204.6296060200877
ODISHA,DHENKANAL,362002,197.2284946236559,192.42712721145745,204.6296060200877
ODISHA,DHENKANAL,362003,181.44017094017093,192.42712721145745,204.6296060200877
ODISHA,DHENKANAL,362004,169.27927927927928,192.42712721145745,204.6296060200877
ODISHA,JAGATSINGHPUR,362101,156.5516304347826,158.4185418541854,204.6296060200877
ODISHA,JAGATSINGHPUR,362102,169.4985835694051,158.4185418541854,204.6296060200877
ODISHA,JAGATSINGHPUR,362103,148.3390557939914,158.4185418541854,204.6296060200877
ODISHA,JAGATSINGHPUR,362104,152.84076433121018,158.4185418541854,204.6296060200877
ODISHA,JAJPUR,362201,217.10212765957448,210.52061657032755,204.6296060200877
ODISHA,JAJPUR,362202,221.8787234042553,210.52061657032755,204.6296060200877
ODISHA,JAJPUR,362203,198.20444444444445,210.52061657032755,204.6296060200877
ODISHA,JAJPUR,362204,219.7076923076923,210.52061657032755,204.6296060200877
ODISHA,JAJPUR,362205,201.6272040302267,210.52061657032755,204.6296060200877
ODISHA,JAJPUR,362206,203.48325358851676,210.52061657032755,204.6296060200877
ODISHA,JEYPORE (ODISHA),361101,152.46938775510205,145.8053949903661,204.6296060200877
ODISHA,JEYPORE (ODISHA),361102,142.38509316770185,145.8053949903661,204.6296060200877
ODISHA,JEYPORE (ODISHA),361103,142.63002680965147,145.8053949903661,204.6296060200877
ODISHA,JHARSUGUDA,362301,167.44987146529564,171.90192791282482,204.6296060200877
ODISHA,JHARSUGUDA,362302,167.87636363636364,171.90192791282482,204.6296060200877
ODISHA,JHARSUGUDA,362303,177.26843100189035,171.90192791282482,204.6296060200877
ODISHA,KENDRAPARA,362401,146.54483925549914,149.32218649517685,204.6296060200877
ODISHA,KENDRAPARA,362402,159.77586206896552,149.32218649517685,204.6296060200877
ODISHA,KENDRAPARA,362403,164.13924050632912,149.32218649517685,204.6296060200877
ODISHA,KENDRAPARA,362404,130.3062200956938,149.32218649517685,204.6296060200877
ODISHA,KENDRAPARA,362405,148.1993006993007,149.32218649517685,204.6296060200877
ODISHA,KENDUJHAR (KEONJHAR),361001,145.91992882562278,143.18614210217262,204.6296060200877
ODISHA,KENDUJHAR (KEONJHAR),361002,137.74881516587678,143.18614210217262,204.6296060200877
ODISHA,KENDUJHAR (KEONJHAR),361003,150.0287081339713,143.18614210217262,204.6296060200877
ODISHA,KENDUJHAR (KEONJHAR),361004,136.20265780730898,143.18614210217262,204.6296060200877
ODISHA,MALKANGIRI,361201,139.07207207207207,152.81967213114754,204.6296060200877
ODISHA,MALKANGIRI,361202,164.23478260869564,152.81967213114754,204.6296060200877
ODISHA,MALKANGIRI,361203,154.34285714285716,152.81967213114754,204.6296060200877
ODISHA,NAWARANGPUR,362501,128.1863354037267,124.0615141955836,204.6296060200877
ODISHA,NAWARANGPUR,362502,124.48695652173913,124.0615141955836,204.6296060200877
ODISHA,NAWARANGPUR,362503,145.2920353982301,124.0615141955836,204.6296060200877
ODISHA,NAWARANGPUR,362504,116.02222222222223,124.0615141955836,204.6296060200877
ODISHA,NAWARANGPUR,362505,108.65161290322581,124.0615141955836,204.6296060200877
ODISHA,NUAPADA,362601,164.11923076923077,155.97349042709868,204.6296060200877
ODISHA,NUAPADA,362602,160.47619047619048,155.97349042709868,204.6296060200877
ODISHA,NUAPADA,362603,136.49700598802394,155.97349042709868,204.6296060200877
ODISHA,PARALAKHEMUNDI (GAJAPATI),361301,154.81184668989548,154.81184668989548,204.6296060200877
ODISHA,PHULBANI (KANDHAMAL),361401,153.20967741935485,145.02898550724638,204.6296060200877
ODISHA,PHULBANI (KANDHAMAL),361402,132.80722891566265,145.02898550724638,204.6296060200877
ODISHA,PURI,361601,193.46637744034706,188.77231329690346,204.6296060200877
ODISHA,PURI,361602,187.2370203160271,188.77231329690346,204.6296060200877
ODISHA,PURI,361603,181.1237113402062,188.77231329690346,204.6296060200877
ODISHA,RAIRANGPUR,362701,108.88059701492537,108.88059701492537,204.6296060200877
ODISHA,RAYAGADA,361501,147.61739130434782,149.89877835951134,204.6296060200877
ODISHA,RAYAGADA,361502,151.42857142857142,149.89877835951134,204.6296060200877
ODISHA,ROURKELA,360601,202.00143472022955,206.13568281938325,204.6296060200877
ODISHA,ROURKELA,360602,217.23861171366593,206.13568281938325,204.6296060200877
ODISHA,ROURKELA,360603,210.6480686695279,206.13568281938325,204.6296060200877
ODISHA,ROURKELA,360604,209.11494252873564,206.13568281938325,204.6296060200877
ODISHA,ROURKELA,360605,188.09395973154363,206.13568281938325,204.6296060200877
ODISHA,SAMBALPUR,360701,192.48976109215016,199.43476621417798,204.6296060200877
ODISHA,SAMBALPUR,360702,207.3556701030928,199.43476621417798,204.6296060200877
ODISHA,SAMBALPUR,360703,204.25165562913907,199.43476621417798,204.6296060200877
ODISHA,SAMBALPUR,360704,191.04697986577182,199.43476621417798,204.6296060200877
ODISHA,SAMBALPUR,360705,201.4503311258278,199.43476621417798,204.6296060200877
ODISHA,SAMBALPUR,360706,200.06232294617564,199.43476621417798,204.6296060200877
ODISHA,SAMBALPUR,360707,198.0131004366812,199.43476621417798,204.6296060200877
OUTSIDE-INDIA,ABU DHABI,990301,259.3126079447323,259.3126079447323,250.7757894736842
OUTSIDE-INDIA,BANGKOK,990401,285.875,285.875,250.7757894736842
OUTSIDE-INDIA,COLOMBO,990501,182.66666666666666,182.66666666666666,250.7757894736842
OUTSIDE-INDIA,DOHA,990601,264.20277296360484,264.20277296360484,250.7757894736842
OUTSIDE-INDIA,DUBAI,990201,273.4981862152358,273.4981862152358,250.7757894736842
OUTSIDE-INDIA,KATHMANDU,990701,223.51796407185628,223.51796407185628,250.7757894736842
OUTSIDE-INDIA,KUALA LUMPUR,990801,239.1904761904762,239.1904761904762,250.7757894736842
OUTSIDE-INDIA,KUWAIT CITY,990101,242.0375,242.0375,250.7757894736842
OUTSIDE-INDIA,LAGOS,990901,217.21428571428572,217.21428571428572,250.7757894736842
OUTSIDE-INDIA,MANAMA,991001,260.89519650655023,260.89519650655023,250.7757894736842
OUTSIDE-INDIA,MUSCAT,991101,271.7275641025641,271.7275641025641,250.7757894736842
OUTSIDE-INDIA,RIYADH,991201,208.41335740072202,208.41335740072202,250.7757894736842
OUTSIDE-INDIA,SHARJAH,991301,247.88446215139442,247.88446215139442,250.7757894736842
OUTSIDE-INDIA,SINGAPORE,991401,244.24528301886792,244.24528301886792,250.7757894736842
PUDUCHERRY(UT),KARAIKAL,370401,166.71472392638037,165.8475073313783,196.23063683304647
PUDUCHERRY(UT),KARAIKAL,370402,165.05337078651687,165.8475073313783,196.23063683304647
PUDUCHERRY(UT),MAHE,370301,187.84736842105264,187.84736842105264,196.23063683304647
PUDUCHERRY(UT),PUDUCHERRY,370101,208.05269607843138,201.6920681063123,196.23063683304647
PUDUCHERRY(UT),PUDUCHERRY,370102,202.5149359886202,201.6920681063123,196.23063683304647
PUDUCHERRY(UT),PUDUCHERRY,370103,198.28631875881524,201.6920681063123,196.23063683304647
PUDUCHERRY(UT),PUDUCHERRY,370104,200.96751412429379,201.6920681063123,196.23063683304647
PUDUCHERRY(UT),PUDUCHERRY,370105,217.41470588235293,201.6920681063123,196.23063683304647
PUDUCHERRY(UT),PUDUCHERRY,370106,200.29324894514767,201.6920681063123,196.23063683304647
PUDUCHERRY(UT),PUDUCHERRY,370107,183.96556473829202,201.6920681063123,196.23063683304647
PUDUCHERRY(UT),YANAM,370201,163.54098360655738,163.54098360655738,196.23063683304647
PUNJAB,AMRITSAR,380101,226.71645021645023,210.31720960842384,228.66236405373877
PUNJAB,AMRITSAR,380102,201.81521739130434,210.31720960842384,228.66236405373877
PUNJAB,AMRITSAR,380103,215.48478260869564,210.31720960842384,228.66236405373877
PUNJAB,AMRITSAR,380104,195.91028446389495,210.31720960842384,228.66236405373877
PUNJAB,AMRITSAR,380105,219.79826464208242,210.31720960842384,228.66236405373877
PUNJAB,AMRITSAR,380106,211.16144578313254,210.31720960842384,228.66236405373877
PUNJAB,AMRITSAR,380107,197.41666666666666,210.31720960842384,228.66236405373877
PUNJAB,BHATINDA,380201,247.40041067761808,252.68339483394834,228.66236405373877
PUNJAB,BHATINDA,380202,249.05543710021323,252.68339483394834,228.66236405373877
PUNJAB,BHATINDA,380203,262.88865096359746,252.68339483394834,228.66236405373877
PUNJAB,BHATINDA,380204,257.24733475479746,252.68339483394834,228.66236405373877
PUNJAB,BHATINDA,380205,237.22727272727272,252.68339483394834,228.66236405373877
PUNJAB,BHATINDA,380206,258.71030042918454,252.68339483394834,228.66236405373877
PUNJAB,FARIDKOT,380601,230.09003831417624,230.09003831417624,228.66236405373877
PUNJAB,FAZILKA,380701,215.70238095238096,215.70238095238096,228.66236405373877
PUNJAB,FIROZPUR,380801,235.1340206185567,235.1340206185567,228.66236405373877
PUNJAB,GURDASPUR,380901,183.46076923076924,183.46076923076924,228.66236405373877
PUNJAB,HOSHIARPUR,381001,209.28644939965696,206.59882253994954,228.66236405373877
PUNJAB,HOSHIARPUR,381002,204.01320132013203,206.59882253994954,228.66236405373877
PUNJAB,JALANDHAR,380301,220.353579175705,223.77444735856125,228.66236405373877
PUNJAB,JALANDHAR,380302,222.46881720430108,223.77444735856125,228.66236405373877
PUNJAB,JALANDHAR,380303,229.12117503059974,223.77444735856125,228.66236405373877
PUNJAB,LUDHIANA,380401,233.05981794538363,225.67532140156288,228.66236405373877
PUNJAB,LUDHIANA,380402,221.87617765814267,225.67532140156288,228.66236405373877
PUNJAB,LUDHIANA,380403,221.72138228941685,225.67532140156288,228.66236405373877
PUNJAB,LUDHIANA,380404,226.25321888412017,225.67532140156288,228.66236405373877
PUNJAB,LUDHIANA,380405,216.70905172413794,225.67532140156288,228.66236405373877
PUNJAB,LUDHIANA,380406,221.33014354066987,225.67532140156288,228.66236405373877
PUNJAB,LUDHIANA,380407,232.94565217391303,225.67532140156288,228.66236405373877
PUNJAB,MOGA,381101,207.04599659284497,207.04599659284497,228.66236405373877
PUNJAB,PATHANKOT,381201,226.16807610993658,224.90215439856374,228.66236405373877
PUNJAB,PATHANKOT,381202,217.77380952380952,224.90215439856374,228.66236405373877
PUNJAB,PATIALA/FATEHGARH SAHIB,380501,235.7330462863294,234.01947040498442,228.66236405373877
PUNJAB,PATIALA/FATEHGARH SAHIB,380502,225.56993006993008,234.01947040498442,228.66236405373877
PUNJAB,PATIALA/FATEHGARH SAHIB,380503,237.30172413793105,234.01947040498442,228.66236405373877
PUNJAB,PATIALA/FATEHGARH SAHIB,380504,247.06309148264984,234.01947040498442,228.66236405373877
PUNJAB,RUPNAGAR,381301,194.00851063829788,190.40860215053763,228.66236405373877
PUNJAB,RUPNAGAR,381302,185.7983651226158,190.40860215053763,228.66236405373877
PUNJAB,SAHIBZADA AJIT SINGH NAGAR,381401,265.5878962536023,269.5129654255319,228.66236405373877
PUNJAB,SAHIBZADA AJIT SINGH NAGAR,381402,266.0348258706468,269.5129654255319,228.66236405373877
PUNJAB,SAHIBZADA AJIT SINGH NAGAR,381403,260.64554794520546,269.5129654255319,228.66236405373877
PUNJAB,SAHIBZADA AJIT SINGH NAGAR,381404,276.3478260869565,269.5129654255319,228.66236405373877
PUNJAB,SAHIBZADA AJIT SINGH NAGAR,381405,267.9594202898551,269.5129654255319,228.66236405373877
PUNJAB,SAHIBZADA AJIT SINGH NAGAR,381406,292.46894409937886,269.5129654255319,228.66236405373877
PUNJAB,SANGRUR,381501,256.2236842105263,240.3698315467075,228.66236405373877
PUNJAB,SANGRUR,381502,241.2543103448276,240.3698315467075,228.66236405373877
PUNJAB,SANGRUR,381503,247.3608695652174,240.3698315467075,228.66236405373877
PUNJAB,SANGRUR,381504,223.1012658227848,240.3698315467075,228.66236405373877
PUNJAB,SANGRUR,381505,231.98679867986797,240.3698315467075,228.66236405373877
PUNJAB,SRI MUKTSAR SAHIB,381601,232.0675944333996,232.0675944333996,228.66236405373877
RAJASTHAN,AJMER,390101,245.04048582995952,253.20132127955495,280.3545176823901
RAJASTHAN,AJMER,390102,251.7408993576017,253.20132127955495,280.3545176823901
RAJASTHAN,AJMER,390103,244.71702127659574,253.20132127955495,280.3545176823901
RAJASTHAN,AJMER,390104,233.84761904761905,253.20132127955495,280.3545176823901
RAJASTHAN,AJMER,390105,254.89737470167066,253.20132127955495,280.3545176823901
RAJASTHAN,AJMER,390106,236.78922716627633,253.20132127955495,280.3545176823901
RAJASTHAN,AJMER,390107,251.64775413711584,253.20132127955495,280.3545176823901
RAJASTHAN,AJMER,390108,258.6005025125628,253.20132127955495,280.3545176823901
RAJASTHAN,AJMER,390109,259.8991354466859,253.20132127955495,280.3545176823901
RAJASTHAN,AJMER,390110,272.8554913294798,253.20132127955495,280.3545176823901
RAJASTHAN,AJMER,390111,269.22093023255815,253.20132127955495,280.3545176823901
RAJASTHAN,AJMER,390112,249.98295454545453,253.20132127955495,280.3545176823901
RAJASTHAN,AJMER,390113,275.0880681818182,253.20132127955495,280.3545176823901
RAJASTHAN,AJMER,390114,254.0709939148073,253.20132127955495,280.3545176823901
RAJASTHAN,ALWAR,390701,252.03623188405797,248.27133952423355,280.3545176823901
RAJASTHAN,ALWAR,390702,246.36067892503536,248.27133952423355,280.3545176823901
RAJASTHAN,ALWAR,390703,250.8056112224449,248.27133952423355,280.3545176823901
RAJASTHAN,ALWAR,390704,245.19474835886214,248.27133952423355,280.3545176823901
RAJASTHAN,ALWAR,390705,256.675,248.27133952423355,280.3545176823901
RAJASTHAN,ALWAR,390706,230.2883597883598,248.27133952423355,280.3545176823901
RAJASTHAN,ALWAR,390707,255.856338028169,248.27133952423355,280.3545176823901
RAJASTHAN,ALWAR,390708,263.19428571428574,248.27133952423355,280.3545176823901
RAJASTHAN,ALWAR,390709,238.44571428571427,248.27133952423355,280.3545176823901
RAJASTHAN,ALWAR,390710,259.98575498575497,248.27133952423355,280.3545176823901
RAJASTHAN,ALWAR,390711,243.19154929577465,248.27133952423355,280.3545176823901
RAJASTHAN,ALWAR,390712,263.9253246753247,248.27133952423355,280.3545176823901
RAJASTHAN,ALWAR,390713,235.91639871382637,248.27133952423355,280.3545176823901
RAJASTHAN,ALWAR,390714,248.3886925795053,248.27133952423355,280.3545176823901
RAJASTHAN,ALWAR,390715,239.82857142857142,248.27133952423355,280.3545176823901
RAJASTHAN,ALWAR,390716,246.92226148409895,248.27133952423355,280.3545176823901
RAJASTHAN,ALWAR,390717,248.6212765957447,248.27133952423355,280.3545176823901
RAJASTHAN,ALWAR,390718,245.05106382978724,248.27133952423355,280.3545176823901
RAJASTHAN,ALWAR,390719,236.18067226890756,248.27133952423355,280.3545176823901
RAJASTHAN,ALWAR,390720,244.81896551724137,248.27133952423355,280.3545176823901
RAJASTHAN,ALWAR,390721,250.88262910798122,248.27133952423355,280.3545176823901
RAJASTHAN,BARAN,390801,307.78177966101697,285.04604569420036,280.3545176823901
RAJASTHAN,BARAN,390802,287.8762376237624,285.04604569420036,280.3545176823901
RAJASTHAN,BARAN,390803,300.7241379310345,285.04604569420036,280.3545176823901
RAJASTHAN,BARAN,390804,281.8876404494382,285.04604569420036,280.3545176823901
RAJASTHAN,BARAN,390805,246.6547619047619,285.04604569420036,280.3545176823901
RAJASTHAN,BARAN,390806,270.2059238363893,285.04604569420036,280.3545176823901
RAJASTHAN,BARAN,390807,284.6090909090909,285.04604569420036,280.3545176823901
RAJASTHAN,BARMER,390901,252.22403258655805,243.13320463320463,280.3545176823901
RAJASTHAN,BARMER,390902,242.31924882629107,243.13320463320463,280.3545176823901
RAJASTHAN,BARMER,390903,220.65811965811966,243.13320463320463,280.3545176823901
RAJASTHAN,BARMER,390904,245.78291814946618,243.13320463320463,280.3545176823901
RAJASTHAN,BARMER,390905,228.29665071770336,243.13320463320463,280.3545176823901
RAJASTHAN,BARMER,390906,250.0,243.13320463320463,280.3545176823901
RAJASTHAN,BARMER,390907,246.25925925925927,243.13320463320463,280.3545176823901
RAJASTHAN,BARMER,390908,252.59122401847574,243.13320463320463,280.3545176823901
RAJASTHAN,BHARATPUR,391001,257.78536585365856,240.73161094224923,280.3545176823901
RAJASTHAN,BHARATPUR,391002,260.04966139954854,240.73161094224923,280.3545176823901
RAJASTHAN,BHARATPUR,391003,249.5990566037736,240.73161094224923,280.3545176823901
RAJASTHAN,BHARATPUR,391004,235.02133333333333,240.73161094224923,280.3545176823901
RAJASTHAN,BHARATPUR,391005,227.4212121212121,240.73161094224923,280.3545176823901
RAJASTHAN,BHARATPUR,391006,223.92786885245903,240.73161094224923,280.3545176823901
RAJASTHAN,BHARATPUR,391007,219.62135922330097,240.73161094224923,280.3545176823901
RAJASTHAN,BHARATPUR,391008,227.7898832684825,240.73161094224923,280.3545176823901
RAJASTHAN,BHARATPUR,391009,235.13793103448276,240.73161094224923,280.3545176823901
RAJASTHAN,BHILWARA,391101,255.72524752475246,234.50970425138632,280.3545176823901
RAJASTHAN,BHILWARA,391102,252.14565826330534,234.50970425138632,280.3545176823901
RAJASTHAN,BHILWARA,391103,246.56677524429966,234.50970425138632,280.3545176823901
RAJASTHAN,BHILWARA,391104,249.71729957805908,234.50970425138632,280.3545176823901
RAJASTHAN,BHILWARA,391105,208.69732246798603,234.50970425138632,280.3545176823901
RAJASTHAN,BIKANER,390201,273.94745762711864,305.9328043221341,280.3545176823901
RAJASTHAN,BIKANER,390202,259.9252971137521,305.9328043221341,280.3545176823901
RAJASTHAN,BIKANER,390203,263.02886247877757,305.9328043221341,280.3545176823901
RAJASTHAN,BIKANER,390204,322.178445229682,305.9328043221341,280.3545176823901
RAJASTHAN,BIKANER,390205,330.597539543058,305.9328043221341,280.3545176823901
RAJASTHAN,BIKANER,390206,323.01908396946567,305.9328043221341,280.3545176823901
RAJASTHAN,BIKANER,390207,312.38539553752537,305.9328043221341,280.3545176823901
RAJASTHAN,BIKANER,390208,315.21144278606965,305.9328043221341,280.3545176823901
RAJASTHAN,BIKANER,390209,322.97720797720797,305.9328043221341,280.3545176823901
RAJASTHAN,BIKANER,390210,317.20402298850576,305.9328043221341,280.3545176823901
RAJASTHAN,BIKANER,390211,338.9274924471299,305.9328043221341,280.3545176823901
RAJASTHAN,BIKANER,390212,312.69055374592836,305.9328043221341,280.3545176823901
RAJASTHAN,BIKANER,390213,340.95454545454544,305.9328043221341,280.3545176823901
RAJASTHAN,CHITTORGARH,391201,232.2960413080895,206.19575315195752,280.3545176823901
RAJASTHAN,CHITTORGARH,391202,205.25188916876576,206.19575315195752,280.3545176823901
RAJASTHAN,CHITTORGARH,391203,176.3924418604651,206.19575315195752,280.3545176823901
RAJASTHAN,CHITTORGARH,391204,181.67027027027027,206.19575315195752,280.3545176823901
RAJASTHAN,CHURU,391301,221.60380348652933,276.4104234527687,280.3545176823901
RAJASTHAN,CHURU,391302,293.20113314447593,276.4104234527687,280.3545176823901
RAJASTHAN,CHURU,391303,299.030487804878,276.4104234527687,280.3545176823901
RAJASTHAN,CHURU,391304,300.4032258064516,276.4104234527687,280.3545176823901
RAJASTHAN,CHURU,391305,291.78014184397165,276.4104234527687,280.3545176823901
RAJASTHAN,CHURU,391306,284.3869731800766,276.4104234527687,280.3545176823901
RAJASTHAN,CHURU,391307,297.2951807228916,276.4104234527687,280.3545176823901
RAJASTHAN,CHURU,391308,285.474537037037,276.4104234527687,280.3545176823901
RAJASTHAN,DAUSA,391401,233.87927565392354,224.49661746617465,280.3545176823901
RAJASTHAN,DAUSA,391402,233.66599597585514,224.49661746617465,280.3545176823901
RAJASTHAN,DAUSA,391403,209.41549295774647,224.49661746617465,280.3545176823901
RAJASTHAN,DAUSA,391404,226.94571428571427,224.49661746617465,280.3545176823901
RAJASTHAN,DAUSA,391405,231.86363636363637,224.49661746617465,280.3545176823901
RAJASTHAN,DAUSA,391406,225.08896797153025,224.49661746617465,280.3545176823901
RAJASTHAN,DAUSA,391407,217.3203214695752,224.49661746617465,280.3545176823901
RAJASTHAN,DHOLPUR,391501,242.40248226950354,233.84828807556082,280.3545176823901
RAJASTHAN,DHOLPUR,391502,234.34322033898306,233.84828807556082,280.3545176823901
RAJASTHAN,DHOLPUR,391503,237.03533568904592,233.84828807556082,280.3545176823901
RAJASTHAN,DHOLPUR,391504,227.9383886255924,233.84828807556082,280.3545176823901
RAJASTHAN,DHOLPUR,391505,205.109756097561,233.84828807556082,280.3545176823901
RAJASTHAN,HANUMANGARH,391601,255.24444444444444,262.14696312364424,280.3545176823901
RAJASTHAN,HANUMANGARH,391602,255.27624309392266,262.14696312364424,280.3545176823901
RAJASTHAN,HANUMANGARH,391603,281.75657894736844,262.14696312364424,280.3545176823901
RAJASTHAN,HANUMANGARH,391604,265.4223194748359,262.14696312364424,280.3545176823901
RAJASTHAN,JAIPUR,390301,257.7581274382315,276.6006639576228,280.3545176823901
RAJASTHAN,JAIPUR,390302,266.6190476190476,276.6006639576228,280.3545176823901
RAJASTHAN,JAIPUR,390303,271.7730496453901,276.6006639576228,280.3545176823901
RAJASTHAN,JAIPUR,390304,265.53937592867754,276.6006639576228,280.3545176823901
RAJASTHAN,JAIPUR,390305,259.63212435233163,276.6006639576228,280.3545176823901
RAJASTHAN,JAIPUR,390306,260.43579766536965,276.6006639576228,280.3545176823901
RAJASTHAN,JAIPUR,390307,266.06639839034204,276.6006639576228,280.3545176823901
RAJASTHAN,JAIPUR,390308,263.9485596707819,276.6006639576228,280.3545176823901
RAJASTHAN,JAIPUR,390309,255.36129032258066,276.6006639576228,280.3545176823901
RAJASTHAN,JAIPUR,390310,275.5285714285714,276.6006639576228,280.3545176823901
RAJASTHAN,JAIPUR,390311,261.36026936026934,276.6006639576228,280.3545176823901
RAJASTHAN,JAIPUR,390312,263.0762711864407,276.6006639576228,280.3545176823901
RAJASTHAN,JAIPUR,390313,262.52461799660443,276.6006639576228,280.3545176823901
RAJASTHAN,JAIPUR,390314,269.73644148430066,276.6006639576228,280.3545176823901
RAJASTHAN,JAIPUR,390315,267.2214428857715,276.6006639576228,280.3545176823901
RAJASTHAN,JAIPUR,390316,283.1244635193133,276.6006639576228,280.3545176823901
RAJASTHAN,JAIPUR,390317,276.8034188034188,276.6006639576228,280.3545176823901
RAJASTHAN,JAIPUR,390318,286.1130625686059,276.6006639576228,280.3545176823901
RAJASTHAN,JAIPUR,390319,276.2240802675585,276.6006639576228,280.3545176823901
RAJASTHAN,JAIPUR,390320,274.88751406074243,276.6006639576228,280.3545176823901
RAJASTHAN,JAIPUR,390321,276.3101343101343,276.6006639576228,280.3545176823901
RAJASTHAN,JAIPUR,390322,270.3014705882353,276.6006639576228,280.3545176823901
RAJASTHAN,JAIPUR,390323,290.4075520833333,276.6006639576228,280.3545176823901
RAJASTHAN,JAIPUR,390324,279.4561855670103,276.6006639576228,280.3545176823901
RAJASTHAN,JAIPUR,390325,284.05548387096775,276.6006639576228,280.3545176823901
RAJASTHAN,JAIPUR,390326,281.9642857142857,276.6006639576228,280.3545176823901
RAJASTHAN,JAIPUR,390327,269.46241134751773,276.6006639576228,280.3545176823901
RAJASTHAN,JAIPUR,390328,278.88352272727275,276.6006639576228,280.3545176823901
RAJASTHAN,JAIPUR,390329,270.505698005698,276.6006639576228,280.3545176823901
RAJASTHAN,JAIPUR,390330,283.86486486486484,276.6006639576228,280.3545176823901
RAJASTHAN,JAIPUR,390331,272.4249291784703,276.6006639576228,280.3545176823901
RAJASTHAN,JAIPUR,390332,289.08664772727275,276.6006639576228,280.3545176823901
RAJASTHAN,JAIPUR,390333,279.8844507845934,276.6006639576228,280.3545176823901
RAJASTHAN,JAIPUR,390334,276.2700421940928,276.6006639576228,280.3545176823901
RAJASTHAN,JAIPUR,390335,283.29661016949154,276.6006639576228,280.3545176823901
RAJASTHAN,JAIPUR,390336,271.6478873239437,276.6006639576228,280.3545176823901
RAJASTHAN,JAIPUR,390337,278.74751773049644,276.6006639576228,280.3545176823901
RAJASTHAN,JAIPUR,390338,270.45531914893616,276.6006639576228,280.3545176823901
RAJASTHAN,JAIPUR,390339,279.8101983002833,276.6006639576228,280.3545176823901
RAJASTHAN,JAIPUR,390340,281.4277620396601,276.6006639576228,280.3545176823901
RAJASTHAN,JAIPUR,390341,272.9631728045326,276.6006639576228,280.3545176823901
RAJASTHAN,JAIPUR,390342,260.43854324734446,276.6006639576228,280.3545176823901
RAJASTHAN,JAIPUR,390343,276.9351265822785,276.6006639576228,280.3545176823901
RAJASTHAN,JAIPUR,390344,303.47723704866564,276.6006639576228,280.3545176823901
RAJASTHAN,JAIPUR,390345,280.44778481012656,276.6006639576228,280.3545176823901
RAJASTHAN,JAIPUR,390346,275.58740157480315,276.6006639576228,280.3545176823901
RAJASTHAN,JAIPUR,390347,289.1151202749141,276.6006639576228,280.3545176823901
RAJASTHAN,JAIPUR,390348,273.9777397260274,276.6006639576228,280.3545176823901
RAJASTHAN,JAIPUR,390349,286.86348122866895,276.6006639576228,280.3545176823901
RAJASTHAN,JAIPUR,390350,285.2947189097104,276.6006639576228,280.3545176823901
RAJASTHAN,JAIPUR,390351,284.2613827993255,276.6006639576228,280.3545176823901
RAJASTHAN,JAIPUR,390352,273.5432937181664,276.6006639576228,280.3545176823901
RAJASTHAN,JAIPUR,390353,279.6735751295337,276.6006639576228,280.3545176823901
RAJASTHAN,JAIPUR,390354,284.23168654173764,276.6006639576228,280.3545176823901
RAJASTHAN,JAIPUR,390355,281.5549828178694,276.6006639576228,280.3545176823901
RAJASTHAN,JAIPUR,390356,283.1764705882353,276.6006639576228,280.3545176823901
RAJASTHAN,JAIPUR,390357,274.69335604770015,276.6006639576228,280.3545176823901
RAJASTHAN,JAIPUR,390358,277.36593591905563,276.6006639576228,280.3545176823901
RAJASTHAN,JAIPUR,390359,285.5719120135364,276.6006639576228,280.3545176823901
RAJASTHAN,JAIPUR,390360,295.01893287435456,276.6006639576228,280.3545176823901
RAJASTHAN,JAIPUR,390361,272.68888888888887,276.6006639576228,280.3545176823901
RAJASTHAN,JAIPUR,390362,264.9864636209814,276.6006639576228,280.3545176823901
RAJASTHAN,JAIPUR,390363,281.575296108291,276.6006639576228,280.3545176823901
RAJASTHAN,JAIPUR,390364,280.18021201413427,276.6006639576228,280.3545176823901
RAJASTHAN,JAIPUR,390365,274.6802218114603,276.6006639576228,280.3545176823901
RAJASTHAN,JAIPUR,390366,293.3720073664825,276.6006639576228,280.3545176823901
RAJASTHAN,JAIPUR,390367,272.77543186180424,276.6006639576228,280.3545176823901
RAJASTHAN,JAIPUR,390368,285.22178988326846,276.6006639576228,280.3545176823901
RAJASTHAN,JAIPUR,390369,270.32793522267207,276.6006639576228,280.3545176823901
RAJASTHAN,JAIPUR,390370,278.8714859437751,276.6006639576228,280.3545176823901
RAJASTHAN,JAIPUR,390371,282.18940936863544,276.6006639576228,280.3545176823901
RAJASTHAN,JAIPUR,390372,294.780487804878,276.6006639576228,280.3545176823901
RAJASTHAN,JAIPUR,390373,274.2381974248927,276.6006639576228,280.3545176823901
RAJASTHAN,JAIPUR,390374,286.3987341772152,276.6006639576228,280.3545176823901
RAJASTHAN,JAIPUR,390375,291.10993657505287,276.6006639576228,280.3545176823901
RAJASTHAN,JAIPUR,390376,285.04051172707887,276.6006639576228,280.3545176823901
RAJASTHAN,JAIPUR,390377,271.64255319148936,276.6006639576228,280.3545176823901
RAJASTHAN,JAIPUR,390378,273.04893617021276,276.6006639576228,280.3545176823901
RAJASTHAN,JAIPUR,390379,266.4240506329114,276.6006639576228,280.3545176823901
RAJASTHAN,JAIPUR,390380,288.04458598726114,276.6006639576228,280.3545176823901
RAJASTHAN,JAIPUR,390381,304.2832618025751,276.6006639576228,280.3545176823901
RAJASTHAN,JAIPUR,390382,288.0,276.6006639576228,280.3545176823901
RAJASTHAN,JAIPUR,390383,277.630021141649,276.6006639576228,280.3545176823901
RAJASTHAN,JAIPUR,390384,270.29764453961457,276.6006639576228,280.3545176823901
RAJASTHAN,JAIPUR,390385,279.87330316742083,276.6006639576228,280.3545176823901
RAJASTHAN,JAIPUR,390386,268.66379310344826,276.6006639576228,280.3545176823901
RAJASTHAN,JAISALMER,391701,203.66772151898735,203.66772151898735,280.3545176823901
RAJASTHAN,JHUNJHUNU,391801,252.5979381443299,294.9929335756107,280.3545176823901
RAJASTHAN,JHUNJHUNU,391802,250.75638841567292,294.9929335756107,280.3545176823901
RAJASTHAN,JHUNJHUNU,391803,243.92957746478874,294.9929335756107,280.3545176823901
RAJASTHAN,JHUNJHUNU,391804,296.4907975460123,294.9929335756107,280.3545176823901
RAJASTHAN,JHUNJHUNU,391805,326.3794642857143,294.9929335756107,280.3545176823901
RAJASTHAN,JHUNJHUNU,391806,340.87203791469193,294.9929335756107,280.3545176823901
RAJASTHAN,JHUNJHUNU,391807,317.45767195767195,294.9929335756107,280.3545176823901
RAJASTHAN,JHUNJHUNU,391808,338.8582887700535,294.9929335756107,280.3545176823901
RAJASTHAN,JHUNJHUNU,391809,325.40845070422534,294.9929335756107,280.3545176823901
RAJASTHAN,JHUNJHUNU,391810,292.9621848739496,294.9929335756107,280.3545176823901
RAJASTHAN,JHUNJHUNU,391811,333.2390745501285,294.9929335756107,280.3545176823901
RAJASTHAN,JODHPUR,390401,246.08871851040524,245.1213368685459,280.3545176823901
RAJASTHAN,JODHPUR,390402,245.16666666666666,245.1213368685459,280.3545176823901
RAJASTHAN,JODHPUR,390403,245.12798634812287,245.1213368685459,280.3545176823901
RAJASTHAN,JODHPUR,390404,259.02901023890786,245.1213368685459,280.3545176823901
RAJASTHAN,JODHPUR,390405,257.8171206225681,245.1213368685459,280.3545176823901
RAJASTHAN,JODHPUR,390406,262.8070175438597,245.1213368685459,280.3545176823901
RAJASTHAN,JODHPUR,390407,253.17248459958932,245.1213368685459,280.3545176823901
RAJASTHAN,JODHPUR,390408,250.4218415417559,245.1213368685459,280.3545176823901
RAJASTHAN,JODHPUR,390409,272.0276595744681,245.1213368685459,280.3545176823901
RAJASTHAN,JODHPUR,390410,245.89194915254237,245.1213368685459,280.3545176823901
RAJASTHAN,JODHPUR,390411,242.93205944798302,245.1213368685459,280.3545176823901
RAJASTHAN,JODHPUR,390412,238.82515991471215,245.1213368685459,280.3545176823901
RAJASTHAN,JODHPUR,390413,250.59058823529412,245.1213368685459,280.3545176823901
RAJASTHAN,JODHPUR,390414,236.65393794749403,245.1213368685459,280.3545176823901
RAJASTHAN,JODHPUR,390415,230.7341176470588,245.1213368685459,280.3545176823901
RAJASTHAN,JODHPUR,390416,243.7227488151659,245.1213368685459,280.3545176823901
RAJASTHAN,JODHPUR,390417,237.55263157894737,245.1213368685459,280.3545176823901
RAJASTHAN,JODHPUR,390418,243.85545023696682,245.1213368685459,280.3545176823901
RAJASTHAN,JODHPUR,390419,241.7565011820331,245.1213368685459,280.3545176823901
RAJASTHAN,JODHPUR,390420,243.1410579345088,245.1213368685459,280.3545176823901
RAJASTHAN,JODHPUR,390421,241.155,245.1213368685459,280.3545176823901
RAJASTHAN,JODHPUR,390422,241.6710875331565,245.1213368685459,280.3545176823901
RAJASTHAN,JODHPUR,390423,220.35733333333334,245.1213368685459,280.3545176823901
RAJASTHAN,JODHPUR,390424,229.77683615819208,245.1213368685459,280.3545176823901
RAJASTHAN,JODHPUR,390425,223.3757225433526,245.1213368685459,280.3545176823901
RAJASTHAN,JODHPUR,390426,260.7707736389685,245.1213368685459,280.3545176823901
RAJASTHAN,JODHPUR,390427,240.9915254237288,245.1213368685459,280.3545176823901
RAJASTHAN,JODHPUR,390428,231.1619318181818,245.1213368685459,280.3545176823901
RAJASTHAN,JODHPUR,390429,239.15804597701148,245.1213368685459,280.3545176823901
RAJASTHAN,JODHPUR,390430,251.7654723127036,245.1213368685459,280.3545176823901
RAJASTHAN,JODHPUR,390431,259.3659574468085,245.1213368685459,280.3545176823901
RAJASTHAN,JODHPUR,390432,239.42127659574467,245.1213368685459,280.3545176823901
RAJASTHAN,JODHPUR,390433,235.73529411764707,245.1213368685459,280.3545176823901
RAJASTHAN,JODHPUR,390434,245.44571428571427,245.1213368685459,280.3545176823901
RAJASTHAN,KARAULI,391901,238.39337298215804,234.06807817589578,280.3545176823901
RAJASTHAN,KARAULI,391902,228.39018691588785,234.06807817589578,280.3545176823901
RAJASTHAN,KARAULI,391903,230.36220472440945,234.06807817589578,280.3545176823901
RAJASTHAN,KARAULI,391904,255.04642857142858,234.06807817589578,280.3545176823901
RAJASTHAN,KARAULI,391905,226.57983193277312,234.06807817589578,280.3545176823901
RAJASTHAN,KARAULI,391906,224.63250883392226,234.06807817589578,280.3545176823901
RAJASTHAN,KOTA,390501,308.2084942084942,306.9872040710967,280.3545176823901
RAJASTHAN,KOTA,390502,303.7277856135402,306.9872040710967,280.3545176823901
RAJASTHAN,KOTA,390503,302.9984375,306.9872040710967,280.3545176823901
RAJASTHAN,KOTA,390504,312.9018691588785,306.9872040710967,280.3545176823901
RAJASTHAN,KOTA,390505,313.528125,306.9872040710967,280.3545176823901
RAJASTHAN,KOTA,390506,310.447900466563,306.9872040710967,280.3545176823901
RAJASTHAN,KOTA,390507,300.0866873065016,306.9872040710967,280.3545176823901
RAJASTHAN,KOTA,390508,320.49295774647885,306.9872040710967,280.3545176823901
RAJASTHAN,KOTA,390509,313.13104524180966,306.9872040710967,280.3545176823901
RAJASTHAN,KOTA,390510,297.8900169204738,306.9872040710967,280.3545176823901
RAJASTHAN,KOTA,390511,318.90017513134853,306.9872040710967,280.3545176823901
RAJASTHAN,KOTA,390512,306.4456140350877,306.9872040710967,280.3545176823901
RAJASTHAN,KOTA,390513,321.69257950530033,306.9872040710967,280.3545176823901
RAJASTHAN,KOTA,390514,317.1968365553603,306.9872040710967,280.3545176823901
RAJASTHAN,KOTA,390515,319.5472061657033,306.9872040710967,280.3545176823901
RAJASTHAN,KOTA,390516,308.40637450199205,306.9872040710967,280.3545176823901
RAJASTHAN,KOTA,390517,315.1362725450902,306.9872040710967,280.3545176823901
RAJASTHAN,KOTA,390518,306.96787148594376,306.9872040710967,280.3545176823901
RAJASTHAN,KOTA,390519,317.7134146341463,306.9872040710967,280.3545176823901
RAJASTHAN,KOTA,390520,315.79476861167,306.9872040710967,280.3545176823901
RAJASTHAN,KOTA,390521,316.65931863727457,306.9872040710967,280.3545176823901
RAJASTHAN,KOTA,390522,333.25948103792416,306.9872040710967,280.3545176823901
RAJASTHAN,KOTA,390523,314.2315369261477,306.9872040710967,280.3545176823901
RAJASTHAN,KOTA,390524,313.1663157894737,306.9872040710967,280.3545176823901
RAJASTHAN,KOTA,390525,337.2736842105263,306.9872040710967,280.3545176823901
RAJASTHAN,KOTA,390526,315.27463312368974,306.9872040710967,280.3545176823901
RAJASTHAN,KOTA,390527,322.4957983193277,306.9872040710967,280.3545176823901
RAJASTHAN,KOTA,390528,328.0691823899371,306.9872040710967,280.3545176823901
RAJASTHAN,KOTA,390529,322.50840336134456,306.9872040710967,280.3545176823901
RAJASTHAN,KOTA,390530,333.44769874476987,306.9872040710967,280.3545176823901
RAJASTHAN,KOTA,390531,311.2294736842105,306.9872040710967,280.3545176823901
RAJASTHAN,KOTA,390532,318.7426778242678,306.9872040710967,280.3545176823901
RAJASTHAN,KOTA,390533,326.2647058823529,306.9872040710967,280.3545176823901
RAJASTHAN,KOTA,390534,329.4390756302521,306.9872040710967,280.3545176823901
RAJASTHAN,KOTA,390535,326.33752620545073,306.9872040710967,280.3545176823901
RAJASTHAN,KOTA,390536,331.6179540709812,306.9872040710967,280.3545176823901
RAJASTHAN,KOTA,390537,329.94080338266383,306.9872040710967,280.3545176823901
RAJASTHAN,KOTA,390538,325.7118644067797,306.9872040710967,280.3545176823901
RAJASTHAN,KOTA,390539,285.29052631578946,306.9872040710967,280.3545176823901
RAJASTHAN,KOTA,390540,284.3104925053533,306.9872040710967,280.3545176823901
RAJASTHAN,KOTA,390541,284.4279661016949,306.9872040710967,280.3545176823901
RAJASTHAN,KOTA,390542,275.015,306.9872040710967,280.3545176823901
RAJASTHAN,KOTA,390543,275.8279301745636,306.9872040710967,280.3545176823901
RAJASTHAN,KOTA,390544,299.45522388059703,306.9872040710967,280.3545176823901
RAJASTHAN,KOTA,390545,295.7231638418079,306.9872040710967,280.3545176823901
RAJASTHAN,KOTA,390546,273.9573863636364,306.9872040710967,280.3545176823901
RAJASTHAN,KOTA,390547,270.8575498575499,306.9872040710967,280.3545176823901
RAJASTHAN,KOTA,390548,252.98295454545453,306.9872040710967,280.3545176823901
RAJASTHAN,KOTA,390549,286.22535211267603,306.9872040710967,280.3545176823901
RAJASTHAN,KOTA,390550,284.45762711864404,306.9872040710967,280.3545176823901
RAJASTHAN,KOTA,390551,261.8732394366197,306.9872040710967,280.3545176823901
RAJASTHAN,KOTA,390552,271.11267605633805,306.9872040710967,280.3545176823901
RAJASTHAN,KOTA,390553,267.3515151515152,306.9872040710967,280.3545176823901
RAJASTHAN,KOTA,390554,281.3151125401929,306.9872040710967,280.3545176823901
RAJASTHAN,KOTA,390555,258.7006578947368,306.9872040710967,280.3545176823901
RAJASTHAN,KOTA,390556,255.36016949152543,306.9872040710967,280.3545176823901
RAJASTHAN,NAGAUR,392001,240.346396965866,271.16402506450424,280.3545176823901
RAJASTHAN,NAGAUR,392002,281.2348284960422,271.16402506450424,280.3545176823901
RAJASTHAN,NAGAUR,392003,283.23173803526447,271.16402506450424,280.3545176823901
RAJASTHAN,NAGAUR,392004,286.5844155844156,271.16402506450424,280.3545176823901
RAJASTHAN,NAGAUR,392005,282.47231270358304,271.16402506450424,280.3545176823901
RAJASTHAN,NAGAUR,392006,295.7105263157895,271.16402506450424,280.3545176823901
RAJASTHAN,PALI,392101,213.79805825242718,197.02101661779082,280.3545176823901
RAJASTHAN,PALI,392102,196.67768595041323,197.02101661779082,280.3545176823901
RAJASTHAN,PALI,392103,186.77551020408163,197.02101661779082,280.3545176823901
RAJASTHAN,PALI,392104,190.82046678635547,197.02101661779082,280.3545176823901
RAJASTHAN,SAWAI MADHOPUR,392201,273.64176570458403,254.06254917387884,280.3545176823901
RAJASTHAN,SAWAI MADHOPUR,392202,267.0255941499086,254.06254917387884,280.3545176823901
RAJASTHAN,SAWAI MADHOPUR,392203,250.47792207792207,254.06254917387884,280.3545176823901
RAJASTHAN,SAWAI MADHOPUR,392204,220.92,254.06254917387884,280.3545176823901
RAJASTHAN,SAWAI MADHOPUR,392205,251.10247349823322,254.06254917387884,280.3545176823901
RAJASTHAN,SAWAI MADHOPUR,392206,243.10743801652893,254.06254917387884,280.3545176823901
RAJASTHAN,SIKAR,392301,278.95620437956205,362.076646090535,280.3545176823901
RAJASTHAN,SIKAR,392302,281.57943925233644,362.076646090535,280.3545176823901
RAJASTHAN,SIKAR,392303,295.70594479830146,362.076646090535,280.3545176823901
RAJASTHAN,SIKAR,392304,293.7617924528302,362.076646090535,280.3545176823901
RAJASTHAN,SIKAR,392305,281.6831683168317,362.076646090535,280.3545176823901
RAJASTHAN,SIKAR,392306,319.4257703081233,362.076646090535,280.3545176823901
RAJASTHAN,SIKAR,392307,377.75384615384615,362.076646090535,280.3545176823901
RAJASTHAN,SIKAR,392308,383.06543385490755,362.076646090535,280.3545176823901
RAJASTHAN,SIKAR,392309,376.4810659186536,362.076646090535,280.3545176823901
RAJASTHAN,SIKAR,392310,376.9664804469274,362.076646090535,280.3545176823901
RAJASTHAN,SIKAR,392311,377.4008379888268,362.076646090535,280.3545176823901
RAJASTHAN,SIKAR,392312,365.3601694915254,362.076646090535,280.3545176823901
RAJASTHAN,SIKAR,392313,375.2843137254902,362.076646090535,280.3545176823901
RAJASTHAN,SIKAR,392314,377.6764705882353,362.076646090535,280.3545176823901
RAJASTHAN,SIKAR,392315,381.4191616766467,362.076646090535,280.3545176823901
RAJASTHAN,SIKAR,392316,384.79731993299833,362.076646090535,280.3545176823901
RAJASTHAN,SIKAR,392317,383.6537162162162,362.076646090535,280.3545176823901
RAJASTHAN,SIKAR,392318,376.3496621621622,362.076646090535,280.3545176823901
RAJASTHAN,SIKAR,392319,377.14808362369337,362.076646090535,280.3545176823901
RAJASTHAN,SIKAR,392320,372.7145708582834,362.076646090535,280.3545176823901
RAJASTHAN,SIKAR,392321,372.536,362.076646090535,280.3545176823901
RAJASTHAN,SIKAR,392322,385.8426294820717,362.076646090535,280.3545176823901
RAJASTHAN,SIKAR,392323,385.07768924302786,362.076646090535,280.3545176823901
RAJASTHAN,SIKAR,392324,383.4095427435388,362.076646090535,280.3545176823901
RAJASTHAN,SIKAR,392325,386.18725099601596,362.076646090535,280.3545176823901
RAJASTHAN,SIKAR,392326,384.17436974789916,362.076646090535,280.3545176823901
RAJASTHAN,SIKAR,392327,372.8776371308017,362.076646090535,280.3545176823901
RAJASTHAN,SIKAR,392328,384.6476793248945,362.076646090535,280.3545176823901
RAJASTHAN,SIKAR,392329,386.0167714884696,362.076646090535,280.3545176823901
RAJASTHAN,SIKAR,392330,382.8378947368421,362.076646090535,280.3545176823901
RAJASTHAN,SIKAR,392331,367.92144373673034,362.076646090535,280.3545176823901
RAJASTHAN,SIKAR,392332,386.0063025210084,362.076646090535,280.3545176823901
RAJASTHAN,SIKAR,392333,386.22595078299776,362.076646090535,280.3545176823901
RAJASTHAN,SIKAR,392334,385.33176470588234,362.076646090535,280.3545176823901
RAJASTHAN,SIKAR,392335,378.5151515151515,362.076646090535,280.3545176823901
RAJASTHAN,SIKAR,392336,388.4988344988345,362.076646090535,280.3545176823901
RAJASTHAN,SIKAR,392337,383.14953271028037,362.076646090535,280.3545176823901
RAJASTHAN,SIKAR,392338,396.41336633663366,362.076646090535,280.3545176823901
RAJASTHAN,SIKAR,392339,364.3759791122715,362.076646090535,280.3545176823901
RAJASTHAN,SIKAR,392340,364.4342105263158,362.076646090535,280.3545176823901
RAJASTHAN,SIKAR,392341,388.8,362.076646090535,280.3545176823901
RAJASTHAN,SIKAR,392342,373.5477528089888,362.076646090535,280.3545176823901
RAJASTHAN,SIKAR,392343,390.2763532763533,362.076646090535,280.3545176823901
RAJASTHAN,SIKAR,392344,370.26610644257704,362.076646090535,280.3545176823901
RAJASTHAN,SIKAR,392345,379.48595505617976,362.076646090535,280.3545176823901
RAJASTHAN,SIKAR,392346,376.00558659217876,362.076646090535,280.3545176823901
RAJASTHAN,SIKAR,392347,351.7781690140845,362.076646090535,280.3545176823901
RAJASTHAN,SIKAR,392348,353.3298245614035,362.076646090535,280.3545176823901
RAJASTHAN,SIKAR,392349,375.3936063936064,362.076646090535,280.3545176823901
RAJASTHAN,SIROHI,392401,212.26616915422886,197.48586707410237,280.3545176823901
RAJASTHAN,SIROHI,392402,187.83164983164983,197.48586707410237,280.3545176823901
RAJASTHAN,SIROHI,392403,185.33554817275748,197.48586707410237,280.3545176823901
RAJASTHAN,SIROHI,392404,199.37216828478964,197.48586707410237,280.3545176823901
RAJASTHAN,SRIGANGANAGAR,392501,258.63524590163934,259.23341094295694,280.3545176823901
RAJASTHAN,SRIGANGANAGAR,392502,269.97750511247443,259.23341094295694,280.3545176823901
RAJASTHAN,SRIGANGANAGAR,392503,257.01844262295083,259.23341094295694,280.3545176823901
RAJASTHAN,SRIGANGANAGAR,392504,243.89328063241106,259.23341094295694,280.3545176823901
RAJASTHAN,UDAIPUR,390601,228.96095444685466,199.0035916412712,280.3545176823901
RAJASTHAN,UDAIPUR,390602,228.85987261146497,199.0035916412712,280.3545176823901
RAJASTHAN,UDAIPUR,390603,224.15870307167236,199.0035916412712,280.3545176823901
RAJASTHAN,UDAIPUR,390604,217.50342465753425,199.0035916412712,280.3545176823901
RAJASTHAN,UDAIPUR,390605,231.3346855983773,199.0035916412712,280.3545176823901
RAJASTHAN,UDAIPUR,390606,221.89959016393442,199.0035916412712,280.3545176823901
RAJASTHAN,UDAIPUR,390607,220.05627705627705,199.0035916412712,280.3545176823901
RAJASTHAN,UDAIPUR,390608,215.24678111587983,199.0035916412712,280.3545176823901
RAJASTHAN,UDAIPUR,390609,226.26666666666668,199.0035916412712,280.3545176823901
RAJASTHAN,UDAIPUR,390610,196.62008733624455,199.0035916412712,280.3545176823901
RAJASTHAN,UDAIPUR,390611,155.39514348785872,199.0035916412712,280.3545176823901
RAJASTHAN,UDAIPUR,390612,160.20394736842104,199.0035916412712,280.3545176823901
RAJASTHAN,UDAIPUR,390613,158.87472035794184,199.0035916412712,280.3545176823901
RAJASTHAN,UDAIPUR,390614,163.27358490566039,199.0035916412712,280.3545176823901
RAJASTHAN,UDAIPUR,390615,176.34567901234567,199.0035916412712,280.3545176823901
RAJASTHAN,UDAIPUR,390616,163.58115183246073,199.0035916412712,280.3545176823901
RAJASTHAN,UDAIPUR,390617,169.3,199.0035916412712,280.3545176823901
RAJASTHAN,UDAIPUR,390618,172.21238938053096,199.0035916412712,280.3545176823901
RAJASTHAN,UDAIPUR,390619,159.5186440677966,199.0035916412712,280.3545176823901
RAJASTHAN,UDAIPUR,390620,158.61052631578949,199.0035916412712,280.3545176823901
SIKKIM,GANGTOK,400101,175.10051107325384,175.80745341614906,179.34279778393352
SIKKIM,GANGTOK,400102,176.69426751592357,175.80745341614906,179.34279778393352
SIKKIM,GANGTOK,400103,175.79565217391306,175.80745341614906,179.34279778393352
SIKKIM,WEST SIKKIM,400201,208.53205128205127,208.53205128205127,179.34279778393352
TAMIL NADU,ARIYALUR,411901,194.08647798742138,184.26774053112754,220.3517019726227
TAMIL NADU,ARIYALUR,411902,196.6611295681063,184.26774053112754,220.3517019726227
TAMIL NADU,ARIYALUR,411903,178.97940074906367,184.26774053112754,220.3517019726227
TAMIL NADU,ARIYALUR,411904,164.63095238095238,184.26774053112754,220.3517019726227
TAMIL NADU,ARIYALUR,411905,159.1809523809524,184.26774053112754,220.3517019726227
TAMIL NADU,CHENGALPET,411501,200.95529801324503,187.3619109947644,220.3517019726227
TAMIL NADU,CHENGALPET,411502,198.17777777777778,187.3619109947644,220.3517019726227
TAMIL NADU,CHENGALPET,411503,196.64316239316238,187.3619109947644,220.3517019726227
TAMIL NADU,CHENGALPET,411504,206.33333333333334,187.3619109947644,220.3517019726227
TAMIL NADU,CHENGALPET,411505,187.78637770897834,187.3619109947644,220.3517019726227
TAMIL NADU,CHENGALPET,411506,147.0375939849624,187.3619109947644,220.3517019726227
TAMIL NADU,CHENNAI,410101,255.6257710760795,255.25738414712563,220.3517019726227
TAMIL NADU,CHENNAI,410102,264.03866432337435,255.25738414712563,220.3517019726227
TAMIL NADU,CHENNAI,410103,253.98564102564103,255.25738414712563,220.3517019726227
TAMIL NADU,CHENNAI,410104,264.04578563995835,255.25738414712563,220.3517019726227
TAMIL NADU,CHENNAI,410105,257.1977107180021,255.25738414712563,220.3517019726227
TAMIL NADU,CHENNAI,410106,258.54769560557344,255.25738414712563,220.3517019726227
TAMIL NADU,CHENNAI,410107,259.8478260869565,255.25738414712563,220.3517019726227
TAMIL NADU,CHENNAI,410108,251.92349726775956,255.25738414712563,220.3517019726227
TAMIL NADU,CHENNAI,410109,249.36451169188445,255.25738414712563,220.3517019726227
TAMIL NADU,CHENNAI,410110,249.4971098265896,255.25738414712563,220.3517019726227
TAMIL NADU,CHENNAI,410111,263.7448680351906,255.25738414712563,220.3517019726227
TAMIL NADU,CHENNAI,410112,262.9465317919075,255.25738414712563,220.3517019726227
TAMIL NADU,CHENNAI,410113,254.628612716763,255.25738414712563,220.3517019726227
TAMIL NADU,CHENNAI,410114,259.0752532561505,255.25738414712563,220.3517019726227
TAMIL NADU,CHENNAI,410115,256.3484848484849,255.25738414712563,220.3517019726227
TAMIL NADU,CHENNAI,410116,266.4769938650307,255.25738414712563,220.3517019726227
TAMIL NADU,CHENNAI,410117,262.311004784689,255.25738414712563,220.3517019726227
TAMIL NADU,CHENNAI,410118,276.72525597269623,255.25738414712563,220.3517019726227
TAMIL NADU,CHENNAI,410119,256.98106712564544,255.25738414712563,220.3517019726227
TAMIL NADU,CHENNAI,410120,254.84380610412927,255.25738414712563,220.3517019726227
TAMIL NADU,CHENNAI,410121,265.6606498194946,255.25738414712563,220.3517019726227
TAMIL NADU,CHENNAI,410122,254.5099457504521,255.25738414712563,220.3517019726227
TAMIL NADU,CHENNAI,410123,258.1712598425197,255.25738414712563,220.3517019726227
TAMIL NADU,CHENNAI,410124,256.95791583166334,255.25738414712563,220.3517019726227
TAMIL NADU,CHENNAI,410125,264.88641425389756,255.25738414712563,220.3517019726227
TAMIL NADU,CHENNAI,410126,267.7748917748918,255.25738414712563,220.3517019726227
TAMIL NADU,CHENNAI,410127,257.8073593073593,255.25738414712563,220.3517019726227
TAMIL NADU,CHENNAI,410128,255.2267818574514,255.25738414712563,220.3517019726227
TAMIL NADU,CHENNAI,410129,265.8768898488121,255.25738414712563,220.3517019726227
TAMIL NADU,CHENNAI,410130,262.9445628997868,255.25738414712563,220.3517019726227
TAMIL NADU,CHENNAI,410131,264.8126801152738,255.25738414712563,220.3517019726227
TAMIL NADU,CHENNAI,410132,258.3139534883721,255.25738414712563,220.3517019726227
TAMIL NADU,CHENNAI,410133,274.3265306122449,255.25738414712563,220.3517019726227
TAMIL NADU,CHENNAI,410134,226.35588235294117,255.25738414712563,220.3517019726227
TAMIL NADU,CHENNAI,410135,197.08262108262107,255.25738414712563,220.3517019726227
TAMIL NADU,CHENNAI,410136,184.7695749440716,255.25738414712563,220.3517019726227
TAMIL NADU,COIMBATORE,410201,260.58134243458477,250.50540199242317,220.3517019726227
TAMIL NADU,COIMBATORE,410202,271.4321728691477,250.50540199242317,220.3517019726227
TAMIL NADU,COIMBATORE,410203,268.23933975240715,250.50540199242317,220.3517019726227
TAMIL NADU,COIMBATORE,410204,262.3367952522255,250.50540199242317,220.3517019726227
TAMIL NADU,COIMBATORE,410205,269.0437636761488,250.50540199242317,220.3517019726227
TAMIL NADU,COIMBATORE,410206,257.0021978021978,250.50540199242317,220.3517019726227
TAMIL NADU,COIMBATORE,410207,264.42082429501085,250.50540199242317,220.3517019726227
TAMIL NADU,COIMBATORE,410208,265.6969696969697,250.50540199242317,220.3517019726227
TAMIL NADU,COIMBATORE,410209,242.27493917274938,250.50540199242317,220.3517019726227
TAMIL NADU,COIMBATORE,410210,268.51145038167937,250.50540199242317,220.3517019726227
TAMIL NADU,COIMBATORE,410211,272.9770992366412,250.50540199242317,220.3517019726227
TAMIL NADU,COIMBATORE,410212,169.86753246753247,250.50540199242317,220.3517019726227
TAMIL NADU,COIMBATORE,410213,164.41176470588235,250.50540199242317,220.3517019726227
TAMIL NADU,COIMBATORE,410214,156.24513618677042,250.50540199242317,220.3517019726227
TAMIL NADU,CUDDALORE,410301,191.2016806722689,182.50100522718134,220.3517019726227
TAMIL NADU,CUDDALORE,410302,201.67383918459797,182.50100522718134,220.3517019726227
TAMIL NADU,CUDDALORE,410303,190.95107913669065,182.50100522718134,220.3517019726227
TAMIL NADU,CUDDALORE,410304,200.70043415340086,182.50100522718134,220.3517019726227
TAMIL NADU,CUDDALORE,410305,194.0560471976401,182.50100522718134,220.3517019726227
TAMIL NADU,CUDDALORE,410306,124.88167388167388,182.50100522718134,220.3517019726227
TAMIL NADU,CUDDALORE,410307,134.5893536121673,182.50100522718134,220.3517019726227
TAMIL NADU,DHARMAPURI,412001,236.97489539748955,216.00925102294966,220.3517019726227
TAMIL NADU,DHARMAPURI,412002,235.9897435897436,216.00925102294966,220.3517019726227
TAMIL NADU,DHARMAPURI,412003,237.60603371783495,216.00925102294966,220.3517019726227
TAMIL NADU,DHARMAPURI,412004,198.0730223123732,216.00925102294966,220.3517019726227
TAMIL NADU,DHARMAPURI,412005,177.9103139013453,216.00925102294966,220.3517019726227
TAMIL NADU,DHARMAPURI,412006,172.4043126684636,216.00925102294966,220.3517019726227
TAMIL NADU,DHARMAPURI,412007,189.63714285714286,216.00925102294966,220.3517019726227
TAMIL NADU,DHARMAPURI,412008,170.10660980810235,216.00925102294966,220.3517019726227
TAMIL NADU,DINDIGUL,411701,242.84653465346534,207.56837606837607,220.3517019726227
TAMIL NADU,DINDIGUL,411702,240.69037037037037,207.56837606837607,220.3517019726227
TAMIL NADU,DINDIGUL,411703,231.3156899810964,207.56837606837607,220.3517019726227
TAMIL NADU,DINDIGUL,411704,209.99356223175965,207.56837606837607,220.3517019726227
TAMIL NADU,DINDIGUL,411705,125.51941747572816,207.56837606837607,220.3517019726227
TAMIL NADU,DINDIGUL,411706,127.9041450777202,207.56837606837607,220.3517019726227
TAMIL NADU,ERODE,412101,260.51797862001945,244.93865564498586,220.3517019726227
TAMIL NADU,ERODE,412102,270.33134684147797,244.93865564498586,220.3517019726227
TAMIL NADU,ERODE,412103,261.57312925170066,244.93865564498586,220.3517019726227
TAMIL NADU,ERODE,412104,271.57142857142856,244.93865564498586,220.3517019726227
TAMIL NADU,ERODE,412105,267.56716417910445,244.93865564498586,220.3517019726227
TAMIL NADU,ERODE,412106,202.59347826086957,244.93865564498586,220.3517019726227
TAMIL NADU,ERODE,412107,164.14869888475837,244.93865564498586,220.3517019726227
TAMIL NADU,ERODE,412108,185.01663201663203,244.93865564498586,220.3517019726227
TAMIL NADU,KANCHIPURAM,410401,197.15141612200435,181.6599906846763,220.3517019726227
TAMIL NADU,KANCHIPURAM,410402,182.80911062906725,181.6599906846763,220.3517019726227
TAMIL NADU,KANCHIPURAM,410403,131.88599348534203,181.6599906846763,220.3517019726227
TAMIL NADU,KANYAKUMARI/NAGERCOIL,410701,199.13478260869564,192.80240963855422,220.3517019726227
TAMIL NADU,KANYAKUMARI/NAGERCOIL,410702,198.03602620087335,192.80240963855422,220.3517019726227
TAMIL NADU,KANYAKUMARI/NAGERCOIL,410703,189.57321225879681,192.80240963855422,220.3517019726227
TAMIL NADU,KANYAKUMARI/NAGERCOIL,410704,190.09987966305656,192.80240963855422,220.3517019726227
TAMIL NADU,KANYAKUMARI/NAGERCOIL,410705,200.6794425087108,192.80240963855422,220.3517019726227
TAMIL NADU,KANYAKUMARI/NAGERCOIL,410706,201.64086021505378,192.80240963855422,220.3517019726227
TAMIL NADU,KANYAKUMARI/NAGERCOIL,410707,156.7709923664122,192.80240963855422,220.3517019726227
TAMIL NADU,KARUR,410501,264.5,237.5969116080937,220.3517019726227
TAMIL NADU,KARUR,410502,192.93626062322946,237.5969116080937,220.3517019726227
TAMIL NADU,KRISHNAGIRI,412201,243.89522451888809,226.10647223332,220.3517019726227
TAMIL NADU,KRISHNAGIRI,412202,238.18830610490113,226.10647223332,220.3517019726227
TAMIL NADU,KRISHNAGIRI,412203,229.99591002044988,226.10647223332,220.3517019726227
TAMIL NADU,KRISHNAGIRI,412204,245.8938775510204,226.10647223332,220.3517019726227
TAMIL NADU,KRISHNAGIRI,412205,254.69146608315097,226.10647223332,220.3517019726227
TAMIL NADU,KRISHNAGIRI,412206,174.55043227665706,226.10647223332,220.3517019726227
TAMIL NADU,KRISHNAGIRI,412207,152.84117647058824,226.10647223332,220.3517019726227
TAMIL NADU,KRISHNAGIRI,412208,160.27129337539432,226.10647223332,220.3517019726227
TAMIL NADU,MADURAI,410601,229.74087862993298,205.1425445793677,220.3517019726227
TAMIL NADU,MADURAI,410602,216.11111111111111,205.1425445793677,220.3517019726227
TAMIL NADU,MADURAI,410603,232.60072376357056,205.1425445793677,220.3517019726227
TAMIL NADU,MADURAI,410604,214.77650429799428,205.1425445793677,220.3517019726227
TAMIL NADU,MADURAI,410605,217.41666666666666,205.1425445793677,220.3517019726227
TAMIL NADU,MADURAI,410606,223.9474431818182,205.1425445793677,220.3517019726227
TAMIL NADU,MADURAI,410607,219.05022156573116,205.1425445793677,220.3517019726227
TAMIL NADU,MADURAI,410608,218.60294117647058,205.1425445793677,220.3517019726227
TAMIL NADU,MADURAI,410609,225.29608938547486,205.1425445793677,220.3517019726227
TAMIL NADU,MADURAI,410610,144.59469696969697,205.1425445793677,220.3517019726227
TAMIL NADU,MADURAI,410611,131.1037527593819,205.1425445793677,220.3517019726227
TAMIL NADU,MADURAI,410612,134.7550561797753,205.1425445793677,220.3517019726227
TAMIL NADU,MADURAI,410613,144.5491525423729,205.1425445793677,220.3517019726227
TAMIL NADU,MADURAI,410614,146.51933701657458,205.1425445793677,220.3517019726227
TAMIL NADU,NAGAPATTINAM,412301,165.5974025974026,149.0712884238064,220.3517019726227
TAMIL NADU,NAGAPATTINAM,412302,147.70812182741116,149.0712884238064,220.3517019726227
TAMIL NADU,NAGAPATTINAM,412303,124.37556561085972,149.0712884238064,220.3517019726227
TAMIL NADU,NAMAKKAL,410801,369.3185840707965,345.80631067961167,220.3517019726227
TAMIL NADU,NAMAKKAL,410802,373.65502183406113,345.80631067961167,220.3517019726227
TAMIL NADU,NAMAKKAL,410803,379.6115326251897,345.80631067961167,220.3517019726227
TAMIL NADU,NAMAKKAL,410804,379.3480475382003,345.80631067961167,220.3517019726227
TAMIL NADU,NAMAKKAL,410805,384.6300884955752,345.80631067961167,220.3517019726227
TAMIL NADU,NAMAKKAL,410806,372.1333333333333,345.80631067961167,220.3517019726227
TAMIL NADU,NAMAKKAL,410807,371.0085287846482,345.80631067961167,220.3517019726227
TAMIL NADU,NAMAKKAL,410808,378.6042654028436,345.80631067961167,220.3517019726227
TAMIL NADU,NAMAKKAL,410809,251.09574468085106,345.80631067961167,220.3517019726227
TAMIL NADU,NAMAKKAL,410810,227.67234042553193,345.80631067961167,220.3517019726227
TAMIL NADU,NAMAKKAL,410811,216.54685314685315,345.80631067961167,220.3517019726227
TAMIL NADU,PUDUKKOTTAI,412401,186.07478260869564,162.91254635352286,220.3517019726227
TAMIL NADU,PUDUKKOTTAI,412402,191.4721189591078,162.91254635352286,220.3517019726227
TAMIL NADU,PUDUKKOTTAI,412403,182.54158215010142,162.91254635352286,220.3517019726227
TAMIL NADU,PUDUKKOTTAI,412404,151.61190965092402,162.91254635352286,220.3517019726227
TAMIL NADU,PUDUKKOTTAI,412405,130.69462365591397,162.91254635352286,220.3517019726227
TAMIL NADU,PUDUKKOTTAI,412406,136.34383954154728,162.91254635352286,220.3517019726227
TAMIL NADU,PUDUKKOTTAI,412407,136.2688172043011,162.91254635352286,220.3517019726227
TAMIL NADU,PUDUKKOTTAI,412408,137.4055944055944,162.91254635352286,220.3517019726227
TAMIL NADU,RAMANATHAPURAM,412501,183.847801578354,163.81522748375116,220.3517019726227
TAMIL NADU,RAMANATHAPURAM,412502,166.86065573770492,163.81522748375116,220.3517019726227
TAMIL NADU,RAMANATHAPURAM,412503,137.30769230769232,163.81522748375116,220.3517019726227
TAMIL NADU,RAMANATHAPURAM,412504,143.73626373626374,163.81522748375116,220.3517019726227
TAMIL NADU,RAMANATHAPURAM,412505,138.06040268456377,163.81522748375116,220.3517019726227
TAMIL NADU,SALEM,410901,245.78824969400245,245.8515567086731,220.3517019726227
TAMIL NADU,SALEM,410902,262.475753604194,245.8515567086731,220.3517019726227
TAMIL NADU,SALEM,410903,252.6623748211731,245.8515567086731,220.3517019726227
TAMIL NADU,SALEM,410904,252.72325249643367,245.8515567086731,220.3517019726227
TAMIL NADU,SALEM,410905,259.81857142857143,245.8515567086731,220.3517019726227
TAMIL NADU,SALEM,410906,259.6040172166428,245.8515567086731,220.3517019726227
TAMIL NADU,SALEM,410907,262.9139941690962,245.8515567086731,220.3517019726227
TAMIL NADU,SALEM,410908,251.14020028612302,245.8515567086731,220.3517019726227
TAMIL NADU,SALEM,410909,263.4109195402299,245.8515567086731,220.3517019726227
TAMIL NADU,SALEM,410910,262.6735074626866,245.8515567086731,220.3517019726227
TAMIL NADU,SALEM,410911,219.54432989690721,245.8515567086731,220.3517019726227
TAMIL NADU,SALEM,410912,238.3560090702948,245.8515567086731,220.3517019726227
TAMIL NADU,SALEM,410913,232.2,245.8515567086731,220.3517019726227
TAMIL NADU,SALEM,410914,213.12538226299694,245.8515567086731,220.3517019726227
TAMIL NADU,SALEM,410915,250.60655737704917,245.8515567086731,220.3517019726227
TAMIL NADU,SALEM,410916,200.13829787234042,245.8515567086731,220.3517019726227
TAMIL NADU,SALEM,410917,224.21120689655172,245.8515567086731,220.3517019726227
TAMIL NADU,SALEM,410918,211.11688311688312,245.8515567086731,220.3517019726227
TAMIL NADU,SALEM,410919,233.14347826086956,245.8515567086731,220.3517019726227
TAMIL NADU,SALEM,410920,236.42489270386267,245.8515567086731,220.3517019726227
TAMIL NADU,SALEM,410921,222.88646288209608,245.8515567086731,220.3517019726227
TAMIL NADU,SALEM,410922,220.84978540772534,245.8515567086731,220.3517019726227
TAMIL NADU,SALEM,410923,218.6727272727273,245.8515567086731,220.3517019726227
TAMIL NADU,SIVAGANGA,412601,186.30698529411765,175.9108858057631,220.3517019726227
TAMIL NADU,SIVAGANGA,412602,193.32581967213116,175.9108858057631,220.3517019726227
TAMIL NADU,SIVAGANGA,412603,178.71208791208792,175.9108858057631,220.3517019726227
TAMIL NADU,SIVAGANGA,412604,137.08333333333334,175.9108858057631,220.3517019726227
TAMIL NADU,SIVAGANGA,412605,133.45945945945945,175.9108858057631,220.3517019726227
TAMIL NADU,THANJAVUR,411001,209.94147909967845,194.68581341557442,220.3517019726227
TAMIL NADU,THANJAVUR,411002,211.86155285313376,194.68581341557442,220.3517019726227
TAMIL NADU,THANJAVUR,411003,225.13064516129032,194.68581341557442,220.3517019726227
TAMIL NADU,THANJAVUR,411004,204.62360446570972,194.68581341557442,220.3517019726227
TAMIL NADU,THANJAVUR,411005,142.1473136915078,194.68581341557442,220.3517019726227
TAMIL NADU,THANJAVUR,411006,144.91792656587472,194.68581341557442,220.3517019726227
TAMIL NADU,THANJAVUR,411007,144.74729241877256,194.68581341557442,220.3517019726227
TAMIL NADU,THIRUVALLUR,411101,198.83760683760684,189.05339652448657,220.3517019726227
TAMIL NADU,THIRUVALLUR,411102,194.01747572815535,189.05339652448657,220.3517019726227
TAMIL NADU,THIRUVALLUR,411103,205.1006036217304,189.05339652448657,220.3517019726227
TAMIL NADU,THIRUVALLUR,411104,192.40695296523518,189.05339652448657,220.3517019726227
TAMIL NADU,THIRUVALLUR,411105,215.86401673640168,189.05339652448657,220.3517019726227
TAMIL NADU,THIRUVALLUR,411106,137.6797520661157,189.05339652448657,220.3517019726227
TAMIL NADU,THIRUVALLUR,411107,139.0854700854701,189.05339652448657,220.3517019726227
TAMIL NADU,THOOTHUKUDI,412701,222.15548098434004,203.15391969407267,220.3517019726227
TAMIL NADU,THOOTHUKUDI,412702,218.8295302013423,203.15391969407267,220.3517019726227
TAMIL NADU,THOOTHUKUDI,412703,139.87417218543047,203.15391969407267,220.3517019726227
TAMIL NADU,TIRUCHIRAPPALLI,411201,263.1952479338843,240.30001207292045,220.3517019726227
TAMIL NADU,TIRUCHIRAPPALLI,411202,257.0804077010192,240.30001207292045,220.3517019726227
TAMIL NADU,TIRUCHIRAPPALLI,411203,260.0193401592719,240.30001207292045,220.3517019726227
TAMIL NADU,TIRUCHIRAPPALLI,411204,264.337962962963,240.30001207292045,220.3517019726227
TAMIL NADU,TIRUCHIRAPPALLI,411205,254.9051724137931,240.30001207292045,220.3517019726227
TAMIL NADU,TIRUCHIRAPPALLI,411206,253.013698630137,240.30001207292045,220.3517019726227
TAMIL NADU,TIRUCHIRAPPALLI,411207,255.19830508474575,240.30001207292045,220.3517019726227
TAMIL NADU,TIRUCHIRAPPALLI,411208,265.3726169844021,240.30001207292045,220.3517019726227
TAMIL NADU,TIRUCHIRAPPALLI,411209,250.67880085653104,240.30001207292045,220.3517019726227
TAMIL NADU,TIRUCHIRAPPALLI,411210,174.4101941747573,240.30001207292045,220.3517019726227
TAMIL NADU,TIRUCHIRAPPALLI,411211,166.88516746411483,240.30001207292045,220.3517019726227
TAMIL NADU,TIRUCHIRAPPALLI,411212,163.71942446043167,240.30001207292045,220.3517019726227
TAMIL NADU,TIRUCHIRAPPALLI,411213,181.57386363636363,240.30001207292045,220.3517019726227
TAMIL NADU,TIRUNELVELI,411301,237.80233793836345,220.54248366013073,220.3517019726227
TAMIL NADU,TIRUNELVELI,411302,245.9302987197724,220.54248366013073,220.3517019726227
TAMIL NADU,TIRUNELVELI,411303,254.28755364806867,220.54248366013073,220.3517019726227
TAMIL NADU,TIRUNELVELI,411304,243.6370808678501,220.54248366013073,220.3517019726227
TAMIL NADU,TIRUNELVELI,411305,243.26953125,220.54248366013073,220.3517019726227
TAMIL NADU,TIRUNELVELI,411306,249.6828793774319,220.54248366013073,220.3517019726227
TAMIL NADU,TIRUNELVELI,411307,240.4247967479675,220.54248366013073,220.3517019726227
TAMIL NADU,TIRUNELVELI,411308,243.49674620390456,220.54248366013073,220.3517019726227
TAMIL NADU,TIRUNELVELI,411309,229.42511013215858,220.54248366013073,220.3517019726227
TAMIL NADU,TIRUNELVELI,411310,158.41538461538462,220.54248366013073,220.3517019726227
TAMIL NADU,TIRUNELVELI,411311,158.9410480349345,220.54248366013073,220.3517019726227
TAMIL NADU,TIRUNELVELI,411312,162.13861386138615,220.54248366013073,220.3517019726227
TAMIL NADU,TIRUNELVELI,411313,152.21212121212122,220.54248366013073,220.3517019726227
TAMIL NADU,TIRUNELVELI,411314,154.90886075949368,220.54248366013073,220.3517019726227
TAMIL NADU,TIRUPPUR,411801,252.16222222222223,234.05623543123542,220.3517019726227
TAMIL NADU,TIRUPPUR,411802,250.67625899280574,234.05623543123542,220.3517019726227
TAMIL NADU,TIRUPPUR,411803,243.39,234.05623543123542,220.3517019726227
TAMIL NADU,TIRUPPUR,411804,230.468509984639,234.05623543123542,220.3517019726227
TAMIL NADU,TIRUPPUR,411805,168.12139917695472,234.05623543123542,220.3517019726227
TAMIL NADU,TIRUVANNAMALAI,412901,190.27487684729064,170.4957109435924,220.3517019726227
TAMIL NADU,TIRUVANNAMALAI,412902,197.47128712871287,170.4957109435924,220.3517019726227
TAMIL NADU,TIRUVANNAMALAI,412903,185.71694214876032,170.4957109435924,220.3517019726227
TAMIL NADU,TIRUVANNAMALAI,412904,197.64059196617336,170.4957109435924,220.3517019726227
TAMIL NADU,TIRUVANNAMALAI,412905,128.9367816091954,170.4957109435924,220.3517019726227
TAMIL NADU,TIRUVANNAMALAI,412906,137.74349442379182,170.4957109435924,220.3517019726227
TAMIL NADU,TIRUVANNAMALAI,412907,131.17028985507247,170.4957109435924,220.3517019726227
TAMIL NADU,TIRUVANNAMALAI,412908,126.09803921568627,170.4957109435924,220.3517019726227
TAMIL NADU,TIRUVANNAMALAI,412909,132.4009009009009,170.4957109435924,220.3517019726227
TAMIL NADU,TIRUVARUR,412801,180.1837748344371,152.32002575660013,220.3517019726227
TAMIL NADU,TIRUVARUR,412802,180.70714285714286,152.32002575660013,220.3517019726227
TAMIL NADU,TIRUVARUR,412803,123.82375478927203,152.32002575660013,220.3517019726227
TAMIL NADU,TIRUVARUR,412804,114.57692307692308,152.32002575660013,220.3517019726227
TAMIL NADU,TIRUVARUR,412805,104.87,152.32002575660013,220.3517019726227
TAMIL NADU,UDHAGAMANDALAM,413001,164.4746192893401,164.4746192893401,220.3517019726227
TAMIL NADU,VELLORE,411401,190.3693790149893,180.03403064230997,220.3517019726227
TAMIL NADU,VELLORE,411402,197.94736842105263,180.03403064230997,220.3517019726227
TAMIL NADU,VELLORE,411403,191.70222929936307,180.03403064230997,220.3517019726227
TAMIL NADU,VELLORE,411404,187.69520547945206,180.03403064230997,220.3517019726227
TAMIL NADU,VELLORE,411405,181.6804835924007,180.03403064230997,220.3517019726227
TAMIL NADU,VELLORE,411406,199.19493177387915,180.03403064230997,220.3517019726227
TAMIL NADU,VELLORE,411407,203.03346456692913,180.03403064230997,220.3517019726227
TAMIL NADU,VELLORE,411408,190.10917030567686,180.03403064230997,220.3517019726227
TAMIL NADU,VELLORE,411409,194.90128755364807,180.03403064230997,220.3517019726227
TAMIL NADU,VELLORE,411410,130.482683982684,180.03403064230997,220.3517019726227
TAMIL NADU,VELLORE,411411,132.23204419889504,180.03403064230997,220.3517019726227
TAMIL NADU,VELLORE,411412,128.42314647377938,180.03403064230997,220.3517019726227
TAMIL NADU,VILUPPURAM,413101,203.68119022316685,179.1740832303255,220.3517019726227
TAMIL NADU,VILUPPURAM,413102,186.3223880597015,179.1740832303255,220.3517019726227
TAMIL NADU,VILUPPURAM,413103,209.93696763202726,179.1740832303255,220.3517019726227
TAMIL NADU,VILUPPURAM,413104,191.0,179.1740832303255,220.3517019726227
TAMIL NADU,VILUPPURAM,413105,203.18940936863544,179.1740832303255,220.3517019726227
TAMIL NADU,VILUPPURAM,413106,165.9816326530612,179.1740832303255,220.3517019726227
TAMIL NADU,VILUPPURAM,413107,119.07758620689656,179.1740832303255,220.3517019726227
TAMIL NADU,VILUPPURAM,413108,132.98924731182797,179.1740832303255,220.3517019726227
TAMIL NADU,VILUPPURAM,413109,131.1291759465479,179.1740832303255,220.3517019726227
TAMIL NADU,VIRUDHUNAGAR,411601,227.97189349112426,194.28910237166016,220.3517019726227
TAMIL NADU,VIRUDHUNAGAR,411602,220.1761565836299,194.28910237166016,220.3517019726227
TAMIL NADU,VIRUDHUNAGAR,411603,240.64705882352942,194.28910237166016,220.3517019726227
TAMIL NADU,VIRUDHUNAGAR,411604,209.03253796095444,194.28910237166016,220.3517019726227
TAMIL NADU,VIRUDHUNAGAR,411605,141.63911845730027,194.28910237166016,220.3517019726227
TAMIL NADU,VIRUDHUNAGAR,411606,135.33333333333334,194.28910237166016,220.3517019726227
TAMIL NADU,VIRUDHUNAGAR,411607,131.66782608695652,194.28910237166016,220.3517019726227
TELANGANA,ADILABAD,420901,190.10900473933648,188.22128851540617,222.75772864992553
TELANGANA,ADILABAD,420902,202.13035019455253,188.22128851540617,222.75772864992553
TELANGANA,ADILABAD,420903,175.1426332288401,188.22128851540617,222.75772864992553
TELANGANA,ASIFABAD,421001,145.0,145.0,222.75772864992553
TELANGANA,BHUPALAPALLY,421101,182.64804469273744,182.64804469273744,222.75772864992553
TELANGANA,GADWAL,421201,198.84967320261438,200.08982584784601,222.75772864992553
TELANGANA,GADWAL,421202,204.59223300970874,200.08982584784601,222.75772864992553
TELANGANA,GADWAL,421203,201.43816254416961,200.08982584784601,222.75772864992553
TELANGANA,GADWAL,421204,192.87046632124353,200.08982584784601,222.75772864992553
TELANGANA,HAYATHNAGAR,420801,282.2881526104418,277.29720468890895,222.75772864992553
TELANGANA,HAYATHNAGAR,420802,276.45720040281975,277.29720468890895,222.75772864992553
TELANGANA,HAYATHNAGAR,420803,274.0756062767475,277.29720468890895,222.75772864992553
TELANGANA,HAYATHNAGAR,420804,277.50301810865193,277.29720468890895,222.75772864992553
TELANGANA,HAYATHNAGAR,420805,267.5,277.29720468890895,222.75772864992553
TELANGANA,HAYATHNAGAR,420806,282.0443974630021,277.29720468890895,222.75772864992553
TELANGANA,HAYATHNAGAR,420807,277.01486199575373,277.29720468890895,222.75772864992553
TELANGANA,HAYATHNAGAR,420808,283.4430693069307,277.29720468890895,222.75772864992553
TELANGANA,HAYATHNAGAR,420809,281.7668539325843,277.29720468890895,222.75772864992553
TELANGANA,HAYATHNAGAR,420810,257.8296703296703,277.29720468890895,222.75772864992553
TELANGANA,HYDERABAD/SECUNDERABAD,420101,221.9968329374505,230.1005798629415,222.75772864992553
TELANGANA,HYDERABAD/SECUNDERABAD,420102,230.84641932700603,230.1005798629415,222.75772864992553
TELANGANA,HYDERABAD/SECUNDERABAD,420103,232.4636678200692,230.1005798629415,222.75772864992553
TELANGANA,HYDERABAD/SECUNDERABAD,420104,238.50790697674418,230.1005798629415,222.75772864992553
TELANGANA,HYDERABAD/SECUNDERABAD,420105,228.28230184581977,230.1005798629415,222.75772864992553
TELANGANA,HYDERABAD/SECUNDERABAD,420106,226.98423423423424,230.1005798629415,222.75772864992553
TELANGANA,HYDERABAD/SECUNDERABAD,420107,224.27260981912144,230.1005798629415,222.75772864992553
TELANGANA,HYDERABAD/SECUNDERABAD,420108,230.5647226173542,230.1005798629415,222.75772864992553
TELANGANA,HYDERABAD/SECUNDERABAD,420109,221.69108280254778,230.1005798629415,222.75772864992553
TELANGANA,HYDERABAD/SECUNDERABAD,420110,243.6069182389937,230.1005798629415,222.75772864992553
TELANGANA,HYDERABAD/SECUNDERABAD,420111,226.47602739726028,230.1005798629415,222.75772864992553
TELANGANA,HYDERABAD/SECUNDERABAD,420112,234.2741379310345,230.1005798629415,222.75772864992553
TELANGANA,HYDERABAD/SECUNDERABAD,420113,223.1891891891892,230.1005798629415,222.75772864992553
TELANGANA,HYDERABAD/SECUNDERABAD,420114,232.7921348314607,230.1005798629415,222.75772864992553
TELANGANA,HYDERABAD/SECUNDERABAD,420115,234.82771535580525,230.1005798629415,222.75772864992553
TELANGANA,HYDERABAD/SECUNDERABAD,420116,234.47844827586206,230.1005798629415,222.75772864992553
TELANGANA,HYDERABAD/SECUNDERABAD,420117,219.8187772925764,230.1005798629415,222.75772864992553
TELANGANA,HYDERABAD/SECUNDERABAD,420118,220.33118279569894,230.1005798629415,222.75772864992553
TELANGANA,HYDERABAD/SECUNDERABAD,420119,229.84415584415584,230.1005798629415,222.75772864992553
TELANGANA,HYDERABAD/SECUNDERABAD,420120,229.49213483146067,230.1005798629415,222.75772864992553
TELANGANA,HYDERABAD/SECUNDERABAD,420121,228.67142857142858,230.1005798629415,222.75772864992553
TELANGANA,HYDERABAD/SECUNDERABAD,420122,231.37027027027028,230.1005798629415,222.75772864992553
TELANGANA,HYDERABAD/SECUNDERABAD,420123,234.1375358166189,230.1005798629415,222.75772864992553
TELANGANA,HYDERABAD/SECUNDERABAD,420124,216.98853868194843,230.1005798629415,222.75772864992553
TELANGANA,HYDERABAD/SECUNDERABAD,420125,228.73863636363637,230.1005798629415,222.75772864992553
TELANGANA,HYDERABAD/SECUNDERABAD,420126,233.13903743315507,230.1005798629415,222.75772864992553
TELANGANA,HYDERABAD/SECUNDERABAD,420127,237.505081300813,230.1005798629415,222.75772864992553
TELANGANA,HYDERABAD/SECUNDERABAD,420128,236.14359637774902,230.1005798629415,222.75772864992553
TELANGANA,HYDERABAD/SECUNDERABAD,420129,236.99,230.1005798629415,222.75772864992553
TELANGANA,HYDERABAD/SECUNDERABAD,420130,223.3997134670487,230.1005798629415,222.75772864992553
TELANGANA,HYDERABAD/SECUNDERABAD,420131,234.06603773584905,230.1005798629415,222.75772864992553
TELANGANA,HYDERABAD/SECUNDERABAD,420132,229.2430668841762,230.1005798629415,222.75772864992553
TELANGANA,HYDERABAD/SECUNDERABAD,420133,235.5359712230216,230.1005798629415,222.75772864992553
TELANGANA,HYDERABAD/SECUNDERABAD,420134,228.01840490797545,230.1005798629415,222.75772864992553
TELANGANA,HYDERABAD/SECUNDERABAD,420135,244.1927966101695,230.1005798629415,222.75772864992553
TELANGANA,HYDERABAD/SECUNDERABAD,420136,225.51820128479656,230.1005798629415,222.75772864992553
TELANGANA,HYDERABAD/SECUNDERABAD,420137,247.02789699570815,230.1005798629415,222.75772864992553
TELANGANA,HYDERABAD/SECUNDERABAD,420138,235.31623931623932,230.1005798629415,222.75772864992553
TELANGANA,HYDERABAD/SECUNDERABAD,420139,226.16067653276954,230.1005798629415,222.75772864992553
TELANGANA,HYDERABAD/SECUNDERABAD,420140,219.62098501070665,230.1005798629415,222.75772864992553
TELANGANA,HYDERABAD/SECUNDERABAD,420141,242.66666666666666,230.1005798629415,222.75772864992553
TELANGANA,HYDERABAD/SECUNDERABAD,420142,234.45415778251598,230.1005798629415,222.75772864992553
TELANGANA,HYDERABAD/SECUNDERABAD,420143,222.51282051282053,230.1005798629415,222.75772864992553
TELANGANA,HYDERABAD/SECUNDERABAD,420144,224.92060085836908,230.1005798629415,222.75772864992553
TELANGANA,HYDERABAD/SECUNDERABAD,420145,236.02756892230576,230.1005798629415,222.75772864992553
TELANGANA,HYDERABAD/SECUNDERABAD,420146,226.46820809248555,230.1005798629415,222.75772864992553
TELANGANA,HYDERABAD/SECUNDERABAD,420147,229.3810888252149,230.1005798629415,222.75772864992553
TELANGANA,HYDERABAD/SECUNDERABAD,420148,241.54237288135593,230.1005798629415,222.75772864992553
TELANGANA,HYDERABAD/SECUNDERABAD,420149,231.60084033613447,230.1005798629415,222.75772864992553
TELANGANA,HYDERABAD/SECUNDERABAD,420150,199.98206278026905,230.1005798629415,222.75772864992553
TELANGANA,HYDERABAD/SECUNDERABAD,420151,114.72727272727273,230.1005798629415,222.75772864992553
TELANGANA,JAGTIAL,421301,214.24468085106383,207.73646209386283,222.75772864992553
TELANGANA,JAGTIAL,421302,199.26315789473685,207.73646209386283,222.75772864992553
TELANGANA,JANGAON,421401,176.14488636363637,171.20754716981133,222.75772864992553
TELANGANA,JANGAON,421402,166.05044510385756,171.20754716981133,222.75772864992553
TELANGANA,KARIMNAGAR,420201,233.91131105398458,216.3395845354876,222.75772864992553
TELANGANA,KARIMNAGAR,420202,220.75354107648724,216.3395845354876,222.75772864992553
TELANGANA,KARIMNAGAR,420203,210.9031339031339,216.3395845354876,222.75772864992553
TELANGANA,KARIMNAGAR,420204,215.19829424307036,216.3395845354876,222.75772864992553
TELANGANA,KARIMNAGAR,420205,201.00616522811345,216.3395845354876,222.75772864992553
TELANGANA,KHAMMAM,420301,227.58567774936063,219.86159169550174,222.75772864992553
TELANGANA,KHAMMAM,420302,211.38727524204702,219.86159169550174,222.75772864992553
TELANGANA,KHAMMAM,420303,217.1158536585366,219.86159169550174,222.75772864992553
TELANGANA,KHAMMAM,420304,225.41239316239316,219.86159169550174,222.75772864992553
TELANGANA,KHAMMAM,420305,196.40251572327045,219.86159169550174,222.75772864992553
TELANGANA,KOTHAGUDEM,421501,177.58982035928145,177.78933333333333,222.75772864992553
TELANGANA,KOTHAGUDEM,421502,178.08096280087528,177.78933333333333,222.75772864992553
TELANGANA,MAHABUBABAD,421601,156.48677248677248,154.4773722627737,222.75772864992553
TELANGANA,MAHABUBABAD,421602,144.82203389830508,154.4773722627737,222.75772864992553
TELANGANA,MAHBUBNAGAR,420701,201.1687242798354,195.0793982448809,222.75772864992553
TELANGANA,MAHBUBNAGAR,420702,200.0142857142857,195.0793982448809,222.75772864992553
TELANGANA,MAHBUBNAGAR,420703,203.93269230769232,195.0793982448809,222.75772864992553
TELANGANA,MAHBUBNAGAR,420704,204.45358649789029,195.0793982448809,222.75772864992553
TELANGANA,MAHBUBNAGAR,420705,195.76455696202532,195.0793982448809,222.75772864992553
TELANGANA,MAHBUBNAGAR,420706,200.49734042553192,195.0793982448809,222.75772864992553
TELANGANA,MAHBUBNAGAR,420707,202.53963414634146,195.0793982448809,222.75772864992553
TELANGANA,MAHBUBNAGAR,420708,172.57421875,195.0793982448809,222.75772864992553
TELANGANA,MAHBUBNAGAR,420709,186.4,195.0793982448809,222.75772864992553
TELANGANA,MAHBUBNAGAR,420710,191.2851063829787,195.0793982448809,222.75772864992553
TELANGANA,MAHBUBNAGAR,420711,129.17777777777778,195.0793982448809,222.75772864992553
TELANGANA,MANCHERIAL,421701,197.4318181818182,198.44830132939438,222.75772864992553
TELANGANA,MANCHERIAL,421702,207.49019607843138,198.44830132939438,222.75772864992553
TELANGANA,MANCHERIAL,421703,193.03389830508473,198.44830132939438,222.75772864992553
TELANGANA,MANCHERIAL,421704,208.6931216931217,198.44830132939438,222.75772864992553
TELANGANA,MANCHERIAL,421705,187.12915129151293,198.44830132939438,222.75772864992553
TELANGANA,MEDAK,421801,157.068,150.51012145748987,222.75772864992553
TELANGANA,MEDAK,421802,143.79098360655738,150.51012145748987,222.75772864992553
TELANGANA,MEDCHAL,421901,314.4835680751174,298.006675224647,222.75772864992553
TELANGANA,MEDCHAL,421902,297.4058500914077,298.006675224647,222.75772864992553
TELANGANA,MEDCHAL,421903,310.28991596638656,298.006675224647,222.75772864992553
TELANGANA,MEDCHAL,421904,278.9194915254237,298.006675224647,222.75772864992553
TELANGANA,MEDCHAL,421905,300.2575,298.006675224647,222.75772864992553
TELANGANA,MEDCHAL,421906,312.9542483660131,298.006675224647,222.75772864992553
TELANGANA,MEDCHAL,421907,299.86842105263156,298.006675224647,222.75772864992553
TELANGANA,MEDCHAL,421908,278.86692015209127,298.006675224647,222.75772864992553
TELANGANA,MEDCHAL,421909,294.27027027027026,298.006675224647,222.75772864992553
TELANGANA,MEDCHAL,421910,267.10480349344977,298.006675224647,222.75772864992553
TELANGANA,NALGONDA,422001,187.18085106382978,186.99955791335103,222.75772864992553
TELANGANA,NALGONDA,422002,191.04749340369392,186.99955791335103,222.75772864992553
TELANGANA,NALGONDA,422003,182.45977011494253,186.99955791335103,222.75772864992553
TELANGANA,NALGONDA,422004,195.76897689768978,186.99955791335103,222.75772864992553
TELANGANA,NALGONDA,422005,187.68333333333334,186.99955791335103,222.75772864992553
TELANGANA,NALGONDA,422006,195.37021276595743,186.99955791335103,222.75772864992553
TELANGANA,NALGONDA,422007,165.55066079295153,186.99955791335103,222.75772864992553
TELANGANA,NIZAMABAD,422101,193.08577878103839,194.08675424192666,222.75772864992553
TELANGANA,NIZAMABAD,422102,196.11032863849766,194.08675424192666,222.75772864992553
TELANGANA,NIZAMABAD,422103,197.73474801061008,194.08675424192666,222.75772864992553
TELANGANA,NIZAMABAD,422104,191.34745762711864,194.08675424192666,222.75772864992553
TELANGANA,NIZAMABAD,422105,203.75141242937852,194.08675424192666,222.75772864992553
TELANGANA,NIZAMABAD,422106,189.97450424929178,194.08675424192666,222.75772864992553
TELANGANA,NIZAMABAD,422107,208.4630681818182,194.08675424192666,222.75772864992553
TELANGANA,NIZAMABAD,422108,193.89714285714285,194.08675424192666,222.75772864992553
TELANGANA,NIZAMABAD,422109,191.1685393258427,194.08675424192666,222.75772864992553
TELANGANA,NIZAMABAD,422110,170.73356401384083,194.08675424192666,222.75772864992553
TELANGANA,RANGA REDDY,420401,252.51641414141415,260.11616880037934,222.75772864992553
TELANGANA,RANGA REDDY,420402,267.82474226804123,260.11616880037934,222.75772864992553
TELANGANA,RANGA REDDY,420403,267.64218009478674,260.11616880037934,222.75772864992553
TELANGANA,RANGA REDDY,420404,257.9317073170732,260.11616880037934,222.75772864992553
TELANGANA,SANGAREDDY,420601,225.65052950075642,221.3374578177728,222.75772864992553
TELANGANA,SANGAREDDY,420602,234.734,221.3374578177728,222.75772864992553
TELANGANA,SANGAREDDY,420603,223.76109936575054,221.3374578177728,222.75772864992553
TELANGANA,SANGAREDDY,420604,225.0812324929972,221.3374578177728,222.75772864992553
TELANGANA,SANGAREDDY,420605,221.48459383753502,221.3374578177728,222.75772864992553
TELANGANA,SANGAREDDY,420606,212.27635327635326,221.3374578177728,222.75772864992553
TELANGANA,SANGAREDDY,420607,213.35179153094464,221.3374578177728,222.75772864992553
TELANGANA,SANGAREDDY,420608,224.87943262411346,221.3374578177728,222.75772864992553
TELANGANA,SANGAREDDY,420609,193.53358208955223,221.3374578177728,222.75772864992553
TELANGANA,SIDDIPET,422201,185.4576923076923,185.60205992509364,222.75772864992553
TELANGANA,SIDDIPET,422202,185.7390510948905,185.60205992509364,222.75772864992553
TELANGANA,SURYAPET,422301,187.38976377952756,186.32630522088354,222.75772864992553
TELANGANA,SURYAPET,422302,196.91943127962085,186.32630522088354,222.75772864992553
TELANGANA,SURYAPET,422303,176.30685920577616,186.32630522088354,222.75772864992553
TELANGANA,VIKARABAD,422401,158.70464135021098,170.32591273374888,222.75772864992553
TELANGANA,VIKARABAD,422402,167.87394957983193,170.32591273374888,222.75772864992553
TELANGANA,VIKARABAD,422403,173.7563025210084,170.32591273374888,222.75772864992553
TELANGANA,VIKARABAD,422404,176.47560975609755,170.32591273374888,222.75772864992553
TELANGANA,WARANGAL,420501,209.04414261460101,211.784155690977,222.75772864992553
TELANGANA,WARANGAL,420502,216.3863247863248,211.784155690977,222.75772864992553
TELANGANA,WARANGAL,420503,216.97435897435898,211.784155690977,222.75772864992553
TELANGANA,WARANGAL,420504,209.5631399317406,211.784155690977,222.75772864992553
TELANGANA,WARANGAL,420505,219.88013698630138,211.784155690977,222.75772864992553
TELANGANA,WARANGAL,420506,212.5,211.784155690977,222.75772864992553
TELANGANA,WARANGAL,420507,207.97674418604652,211.784155690977,222.75772864992553
TELANGANA,WARANGAL,420508,221.51420454545453,211.784155690977,222.75772864992553
TELANGANA,WARANGAL,420509,160.67948717948718,211.784155690977,222.75772864992553
TRIPURA,AGARTALA,430101,196.59050772626932,178.68494271685762,178.17536288740683
TRIPURA,AGARTALA,430102,199.27659574468086,178.68494271685762,178.17536288740683
TRIPURA,AGARTALA,430103,192.22690217391303,178.68494271685762,178.17536288740683
TRIPURA,AGARTALA,430104,190.53091397849462,178.68494271685762,178.17536288740683
TRIPURA,AGARTALA,430105,191.286467486819,178.68494271685762,178.17536288740683
TRIPURA,AGARTALA,430106,137.44560669456067,178.68494271685762,178.17536288740683
TRIPURA,AGARTALA,430107,104.61904761904762,178.68494271685762,178.17536288740683
TRIPURA,AGARTALA,430108,123.75824175824175,178.68494271685762,178.17536288740683
TRIPURA,DHALAI,430201,166.31428571428572,166.31428571428572,178.17536288740683
UTTAR PRADESH,AGRA,440101,226.88862559241707,212.64312723556463,192.71603368297002
UTTAR PRADESH,AGRA,440102,241.991513437058,212.64312723556463,192.71603368297002
UTTAR PRADESH,AGRA,440103,240.7215909090909,212.64312723556463,192.71603368297002
UTTAR PRADESH,AGRA,440104,239.9231950844854,212.64312723556463,192.71603368297002
UTTAR PRADESH,AGRA,440105,237.47058823529412,212.64312723556463,192.71603368297002
UTTAR PRADESH,AGRA,440106,234.63013698630138,212.64312723556463,192.71603368297002
UTTAR PRADESH,AGRA,440107,238.5383064516129,212.64312723556463,192.71603368297002
UTTAR PRADESH,AGRA,440108,236.74358974358975,212.64312723556463,192.71603368297002
UTTAR PRADESH,AGRA,440109,237.16631130063965,212.64312723556463,192.71603368297002
UTTAR PRADESH,AGRA,440110,249.22669491525423,212.64312723556463,192.71603368297002
UTTAR PRADESH,AGRA,440111,231.01279317697228,212.64312723556463,192.71603368297002
UTTAR PRADESH,AGRA,440112,242.14468085106384,212.64312723556463,192.71603368297002
UTTAR PRADESH,AGRA,440113,185.97413793103448,212.64312723556463,192.71603368297002
UTTAR PRADESH,AGRA,440114,139.59694989106754,212.64312723556463,192.71603368297002
UTTAR PRADESH,AGRA,440115,156.51739130434783,212.64312723556463,192.71603368297002
UTTAR PRADESH,AGRA,440116,136.13953488372093,212.64312723556463,192.71603368297002
UTTAR PRADESH,AGRA,440117,142.71428571428572,212.64312723556463,192.71603368297002
UTTAR PRADESH,AGRA,440118,144.15584415584416,212.64312723556463,192.71603368297002
UTTAR PRADESH,AGRA,440119,149.99561403508773,212.64312723556463,192.71603368297002
UTTAR PRADESH,ALIGARH,441601,246.9793438639125,224.14703804622062,192.71603368297002
UTTAR PRADESH,ALIGARH,441602,250.82978723404256,224.14703804622062,192.71603368297002
UTTAR PRADESH,ALIGARH,441603,253.05483405483406,224.14703804622062,192.71603368297002
UTTAR PRADESH,ALIGARH,441604,238.5977011494253,224.14703804622062,192.71603368297002
UTTAR PRADESH,ALIGARH,441605,243.17465753424656,224.14703804622062,192.71603368297002
UTTAR PRADESH,ALIGARH,441606,247.0848896434635,224.14703804622062,192.71603368297002
UTTAR PRADESH,ALIGARH,441607,251.71724137931034,224.14703804622062,192.71603368297002
UTTAR PRADESH,ALIGARH,441608,248.15619694397284,224.14703804622062,192.71603368297002
UTTAR PRADESH,ALIGARH,441609,237.19175627240142,224.14703804622062,192.71603368297002
UTTAR PRADESH,ALIGARH,441610,244.14575645756457,224.14703804622062,192.71603368297002
UTTAR PRADESH,ALIGARH,441611,243.2153846153846,224.14703804622062,192.71603368297002
UTTAR PRADESH,ALIGARH,441612,258.6024590163934,224.14703804622062,192.71603368297002
UTTAR PRADESH,ALIGARH,441613,262.48172043010754,224.14703804622062,192.71603368297002
UTTAR PRADESH,ALIGARH,441614,159.88120950323975,224.14703804622062,192.71603368297002
UTTAR PRADESH,ALIGARH,441615,132.75434782608696,224.14703804622062,192.71603368297002
UTTAR PRADESH,ALIGARH,441616,142.44420131291028,224.14703804622062,192.71603368297002
UTTAR PRADESH,ALIGARH,441617,126.02511415525115,224.14703804622062,192.71603368297002
UTTAR PRADESH,ALIGARH,441618,132.3757225433526,224.14703804622062,192.71603368297002
UTTAR PRADESH,AMBEDKAR NAGAR,441701,226.15202702702703,172.26490882207983,192.71603368297002
UTTAR PRADESH,AMBEDKAR NAGAR,441702,216.86872586872587,172.26490882207983,192.71603368297002
UTTAR PRADESH,AMBEDKAR NAGAR,441703,200.66473988439307,172.26490882207983,192.71603368297002
UTTAR PRADESH,AMBEDKAR NAGAR,441704,172.6609442060086,172.26490882207983,192.71603368297002
UTTAR PRADESH,AMBEDKAR NAGAR,441705,133.36402569593147,172.26490882207983,192.71603368297002
UTTAR PRADESH,AMBEDKAR NAGAR,441706,134.21802325581396,172.26490882207983,192.71603368297002
UTTAR PRADESH,AMBEDKAR NAGAR,441707,139.3502824858757,172.26490882207983,192.71603368297002
UTTAR PRADESH,AMBEDKAR NAGAR,441708,138.40100250626566,172.26490882207983,192.71603368297002
UTTAR PRADESH,AMETHI,441801,172.69973190348526,141.40266666666668,192.71603368297002
UTTAR PRADESH,AMETHI,441802,110.43766578249337,141.40266666666668,192.71603368297002
UTTAR PRADESH,AYODHYA,441501,205.71302816901408,185.49223034734916,192.71603368297002
UTTAR PRADESH,AYODHYA,441502,215.3979797979798,185.49223034734916,192.71603368297002
UTTAR PRADESH,AYODHYA,441503,203.4475374732334,185.49223034734916,192.71603368297002
UTTAR PRADESH,AYODHYA,441504,226.91120507399577,185.49223034734916,192.71603368297002
UTTAR PRADESH,AYODHYA,441505,209.61702127659575,185.49223034734916,192.71603368297002
UTTAR PRADESH,AYODHYA,441506,146.5466377440347,185.49223034734916,192.71603368297002
UTTAR PRADESH,AYODHYA,441507,149.40963855421685,185.49223034734916,192.71603368297002
UTTAR PRADESH,AYODHYA,441508,151.0344827586207,185.49223034734916,192.71603368297002
UTTAR PRADESH,AYODHYA,441509,154.64224137931035,185.49223034734916,192.71603368297002
UTTAR PRADESH,AYODHYA,441510,157.07860262008734,185.49223034734916,192.71603368297002
UTTAR PRADESH,AYODHYA,441511,153.28899082568807,185.49223034734916,192.71603368297002
UTTAR PRADESH,AZAMGARH,441901,182.30605381165918,151.97596093652186,192.71603368297002
UTTAR PRADESH,AZAMGARH,441902,182.24384787472036,151.97596093652186,192.71603368297002
UTTAR PRADESH,AZAMGARH,441903,184.84641255605382,151.97596093652186,192.71603368297002
UTTAR PRADESH,AZAMGARH,441904,177.96505823627288,151.97596093652186,192.71603368297002
UTTAR PRADESH,AZAMGARH,441905,183.33223684210526,151.97596093652186,192.71603368297002
UTTAR PRADESH,AZAMGARH,441906,170.64453125,151.97596093652186,192.71603368297002
UTTAR PRADESH,AZAMGARH,441907,123.60520607375271,151.97596093652186,192.71603368297002
UTTAR PRADESH,AZAMGARH,441908,114.04103671706264,151.97596093652186,192.71603368297002
UTTAR PRADESH,AZAMGARH,441909,117.34924078091106,151.97596093652186,192.71603368297002
UTTAR PRADESH,AZAMGARH,441910,124.89102564102564,151.97596093652186,192.71603368297002
UTTAR PRADESH,AZAMGARH,441911,113.47428571428571,151.97596093652186,192.71603368297002
UTTAR PRADESH,AZAMGARH,441912,114.95348837209302,151.97596093652186,192.71603368297002
UTTAR PRADESH,AZAMGARH,441913,113.52824858757062,151.97596093652186,192.71603368297002
UTTAR PRADESH,AZAMGARH,441914,110.38427947598254,151.97596093652186,192.71603368297002
UTTAR PRADESH,BAHJOI,442001,224.36590038314176,171.84275321768328,192.71603368297002
UTTAR PRADESH,BAHJOI,442002,215.0773067331671,171.84275321768328,192.71603368297002
UTTAR PRADESH,BAHJOI,442003,124.088,171.84275321768328,192.71603368297002
UTTAR PRADESH,BAHJOI,442004,114.72203389830509,171.84275321768328,192.71603368297002
UTTAR PRADESH,BAHJOI,442005,120.31958762886597,171.84275321768328,192.71603368297002
UTTAR PRADESH,BAHRAICH,442101,184.69767441860466,156.15579587698548,192.71603368297002
UTTAR PRADESH,BAHRAICH,442102,177.34015748031496,156.15579587698548,192.71603368297002
UTTAR PRADESH,BAHRAICH,442103,123.22945205479452,156.15579587698548,192.71603368297002
UTTAR PRADESH,BAHRAICH,442104,129.4256926952141,156.15579587698548,192.71603368297002
UTTAR PRADESH,BALLIA,442201,186.88225255972696,162.736,192.71603368297002
UTTAR PRADESH,BALLIA,442202,202.08553971486762,162.736,192.71603368297002
UTTAR PRADESH,BALLIA,442203,183.695,162.736,192.71603368297002
UTTAR PRADESH,BALLIA,442204,150.93567251461988,162.736,192.71603368297002
UTTAR PRADESH,BALLIA,442205,104.91737891737891,162.736,192.71603368297002
UTTAR PRADESH,BALLIA,442206,109.63333333333334,162.736,192.71603368297002
UTTAR PRADESH,BALRAMPUR,442301,173.69886363636363,137.00674662668666,192.71603368297002
UTTAR PRADESH,BALRAMPUR,442302,154.46571428571428,137.00674662668666,192.71603368297002
UTTAR PRADESH,BALRAMPUR,442303,103.97385620915033,137.00674662668666,192.71603368297002
UTTAR PRADESH,BALRAMPUR,442304,109.65030674846626,137.00674662668666,192.71603368297002
UTTAR PRADESH,BANDA,442401,205.35225618631733,168.82834453268174,192.71603368297002
UTTAR PRADESH,BANDA,442402,150.23589743589744,168.82834453268174,192.71603368297002
UTTAR PRADESH,BANDA,442403,129.88219178082193,168.82834453268174,192.71603368297002
UTTAR PRADESH,BARABANKI,442501,206.2016129032258,174.9642154935116,192.71603368297002
UTTAR PRADESH,BARABANKI,442502,201.22669491525423,174.9642154935116,192.71603368297002
UTTAR PRADESH,BARABANKI,442503,187.04872881355934,174.9642154935116,192.71603368297002
UTTAR PRADESH,BARABANKI,442504,144.9744318181818,174.9642154935116,192.71603368297002
UTTAR PRADESH,BARABANKI,442505,143.50902527075812,174.9642154935116,192.71603368297002
UTTAR PRADESH,BARABANKI,442506,144.74472573839662,174.9642154935116,192.71603368297002
UTTAR PRADESH,BAREILLY,440301,220.77440347071584,185.37057471264367,192.71603368297002
UTTAR PRADESH,BAREILLY,440302,215.4618096357227,185.37057471264367,192.71603368297002
UTTAR PRADESH,BAREILLY,440303,215.27979924717692,185.37057471264367,192.71603368297002
UTTAR PRADESH,BAREILLY,440304,214.28645161290322,185.37057471264367,192.71603368297002
UTTAR PRADESH,BAREILLY,440305,218.58428571428573,185.37057471264367,192.71603368297002
UTTAR PRADESH,BAREILLY,440306,210.42514124293785,185.37057471264367,192.71603368297002
UTTAR PRADESH,BAREILLY,440307,223.4908062234795,185.37057471264367,192.71603368297002
UTTAR PRADESH,BAREILLY,440308,215.9656652360515,185.37057471264367,192.71603368297002
UTTAR PRADESH,BAREILLY,440309,189.1818181818182,185.37057471264367,192.71603368297002
UTTAR PRADESH,BAREILLY,440310,135.6349480968858,185.37057471264367,192.71603368297002
UTTAR PRADESH,BAREILLY,440311,135.3550087873462,185.37057471264367,192.71603368297002
UTTAR PRADESH,BAREILLY,440312,138.59075342465752,185.37057471264367,192.71603368297002
UTTAR PRADESH,BAREILLY,440313,132.71397849462366,185.37057471264367,192.71603368297002
UTTAR PRADESH,BAREILLY,440314,137.90831556503198,185.37057471264367,192.71603368297002
UTTAR PRADESH,BAREILLY,440315,136.91648822269806,185.37057471264367,192.71603368297002
UTTAR PRADESH,BAREILLY,440316,153.90465631929047,185.37057471264367,192.71603368297002
UTTAR PRADESH,BAREILLY,440317,134.54363636363635,185.37057471264367,192.71603368297002
UTTAR PRADESH,BASTI,442601,202.32125984251968,172.47114411069862,192.71603368297002
UTTAR PRADESH,BASTI,442602,209.65798045602605,172.47114411069862,192.71603368297002
UTTAR PRADESH,BASTI,442603,207.8843648208469,172.47114411069862,192.71603368297002
UTTAR PRADESH,BASTI,442604,208.27439024390245,172.47114411069862,192.71603368297002
UTTAR PRADESH,BASTI,442605,194.61414141414141,172.47114411069862,192.71603368297002
UTTAR PRADESH,BASTI,442606,169.47736625514403,172.47114411069862,192.71603368297002
UTTAR PRADESH,BASTI,442607,141.71574642126788,172.47114411069862,192.71603368297002
UTTAR PRADESH,BASTI,442608,130.20204081632653,172.47114411069862,192.71603368297002
UTTAR PRADESH,BASTI,442609,142.77682403433477,172.47114411069862,192.71603368297002
UTTAR PRADESH,BASTI,442610,134.264,172.47114411069862,192.71603368297002
UTTAR PRADESH,BASTI,442611,143.359477124183,172.47114411069862,192.71603368297002
UTTAR PRADESH,BASTI,442612,134.04956896551724,172.47114411069862,192.71603368297002
UTTAR PRADESH,BIJNOR,442701,175.90798786653184,148.71644704734015,192.71603368297002
UTTAR PRADESH,BIJNOR,442702,187.66587395957194,148.71644704734015,192.71603368297002
UTTAR PRADESH,BIJNOR,442703,177.07509386733418,148.71644704734015,192.71603368297002
UTTAR PRADESH,BIJNOR,442704,186.80453257790367,148.71644704734015,192.71603368297002
UTTAR PRADESH,BIJNOR,442705,144.10526315789474,148.71644704734015,192.71603368297002
UTTAR PRADESH,BIJNOR,442706,96.90163934426229,148.71644704734015,192.71603368297002
UTTAR PRADESH,BIJNOR,442707,97.86382978723404,148.71644704734015,192.71603368297002
UTTAR PRADESH,BIJNOR,442708,103.9110576923077,148.71644704734015,192.71603368297002
UTTAR PRADESH,BIJNOR,442709,105.48525469168901,148.71644704734015,192.71603368297002
UTTAR PRADESH,BIJNOR,442710,101.38235294117646,148.71644704734015,192.71603368297002
UTTAR PRADESH,BUDAUN,442801,194.06232294617564,151.1997341309405,192.71603368297002
UTTAR PRADESH,BUDAUN,442802,208.7913907284768,151.1997341309405,192.71603368297002
UTTAR PRADESH,BUDAUN,442803,123.25043478260869,151.1997341309405,192.71603368297002
UTTAR PRADESH,BUDAUN,442804,97.31435079726651,151.1997341309405,192.71603368297002
UTTAR PRADESH,BUDAUN,442805,114.23649635036496,151.1997341309405,192.71603368297002
UTTAR PRADESH,BULANDSHAHR,442901,194.18924731182796,175.487171561051,192.71603368297002
UTTAR PRADESH,BULANDSHAHR,442902,215.80851063829786,175.487171561051,192.71603368297002
UTTAR PRADESH,BULANDSHAHR,442903,202.63655913978494,175.487171561051,192.71603368297002
UTTAR PRADESH,BULANDSHAHR,442904,196.91379310344828,175.487171561051,192.71603368297002
UTTAR PRADESH,BULANDSHAHR,442905,208.67696629213484,175.487171561051,192.71603368297002
UTTAR PRADESH,BULANDSHAHR,442906,158.26392961876832,175.487171561051,192.71603368297002
UTTAR PRADESH,BULANDSHAHR,442907,107.5493670886076,175.487171561051,192.71603368297002
UTTAR PRADESH,CHANDAULI,443001,191.94184839044652,161.50666666666666,192.71603368297002
UTTAR PRADESH,CHANDAULI,443002,106.92737430167598,161.50666666666666,192.71603368297002
UTTAR PRADESH,CHITRAKOOT,443101,185.73589164785554,164.02227722772278,192.71603368297002
UTTAR PRADESH,CHITRAKOOT,443102,137.66849315068492,164.02227722772278,192.71603368297002
UTTAR PRADESH,DEORIA,443201,191.2228490832158,164.89302325581394,192.71603368297002
UTTAR PRADESH,DEORIA,443202,188.0919377652051,164.89302325581394,192.71603368297002
UTTAR PRADESH,DEORIA,443203,195.1553544494721,164.89302325581394,192.71603368297002
UTTAR PRADESH,DEORIA,443204,185.51346153846154,164.89302325581394,192.71603368297002
UTTAR PRADESH,DEORIA,443205,186.01075268817203,164.89302325581394,192.71603368297002
UTTAR PRADESH,DEORIA,443206,127.51172707889125,164.89302325581394,192.71603368297002
UTTAR PRADESH,DEORIA,443207,113.50213675213675,164.89302325581394,192.71603368297002
UTTAR PRADESH,DEORIA,443208,119.20386266094421,164.89302325581394,192.71603368297002
UTTAR PRADESH,DEORIA,443209,116.21673003802282,164.89302325581394,192.71603368297002
UTTAR PRADESH,ETAWAH,443301,223.61578044596914,193.94978723404256,192.71603368297002
UTTAR PRADESH,ETAWAH,443302,204.25340136054422,193.94978723404256,192.71603368297002
UTTAR PRADESH,ETAWAH,443303,216.12929292929292,193.94978723404256,192.71603368297002
UTTAR PRADESH,ETAWAH,443304,221.33196721311475,193.94978723404256,192.71603368297002
UTTAR PRADESH,ETAWAH,443305,187.0591836734694,193.94978723404256,192.71603368297002
UTTAR PRADESH,ETAWAH,443306,150.3716216216216,193.94978723404256,192.71603368297002
UTTAR PRADESH,ETAWAH,443307,140.24102564102563,193.94978723404256,192.71603368297002
UTTAR PRADESH,FATEHPUR,441201,208.5151515151515,173.99552572706935,192.71603368297002
UTTAR PRADESH,FATEHPUR,441202,153.4426966292135,173.99552572706935,192.71603368297002
UTTAR PRADESH,FATEHPUR,441203,127.53531598513011,173.99552572706935,192.71603368297002
UTTAR PRADESH,FIROZABAD,443401,210.90112994350284,180.43739903069468,192.71603368297002
UTTAR PRADESH,FIROZABAD,443402,211.14914772727272,180.43739903069468,192.71603368297002
UTTAR PRADESH,FIROZABAD,443403,146.86182336182335,180.43739903069468,192.71603368297002
UTTAR PRADESH,FIROZABAD,443404,126.24033149171271,180.43739903069468,192.71603368297002
UTTAR PRADESH,GHAZIABAD,440401,238.8422131147541,218.30822784810127,192.71603368297002
UTTAR PRADESH,GHAZIABAD,440402,233.1733524355301,218.30822784810127,192.71603368297002
UTTAR PRADESH,GHAZIABAD,440403,230.69571865443424,218.30822784810127,192.71603368297002
UTTAR PRADESH,GHAZIABAD,440404,232.80034129692834,218.30822784810127,192.71603368297002
UTTAR PRADESH,GHAZIABAD,440405,227.3111111111111,218.30822784810127,192.71603368297002
UTTAR PRADESH,GHAZIABAD,440406,219.63957597173146,218.30822784810127,192.71603368297002
UTTAR PRADESH,GHAZIABAD,440407,229.38235294117646,218.30822784810127,192.71603368297002
UTTAR PRADESH,GHAZIABAD,440408,229.033203125,218.30822784810127,192.71603368297002
UTTAR PRADESH,GHAZIABAD,440409,236.6303418803419,218.30822784810127,192.71603368297002
UTTAR PRADESH,GHAZIABAD,440410,227.11563169164882,218.30822784810127,192.71603368297002
UTTAR PRADESH,GHAZIABAD,440411,234.53205128205127,218.30822784810127,192.71603368297002
UTTAR PRADESH,GHAZIABAD,440412,231.2244008714597,218.30822784810127,192.71603368297002
UTTAR PRADESH,GHAZIABAD,440413,239.2885032537961,218.30822784810127,192.71603368297002
UTTAR PRADESH,GHAZIABAD,440414,235.0021186440678,218.30822784810127,192.71603368297002
UTTAR PRADESH,GHAZIABAD,440415,208.69871794871796,218.30822784810127,192.71603368297002
UTTAR PRADESH,GHAZIABAD,440416,130.33620689655172,218.30822784810127,192.71603368297002
UTTAR PRADESH,GHAZIABAD,440417,122.74705882352941,218.30822784810127,192.71603368297002
UTTAR PRADESH,GHAZIABAD,440418,125.90490797546012,218.30822784810127,192.71603368297002
UTTAR PRADESH,GHAZIPUR,443501,196.1188725490196,156.75540699960678,192.71603368297002
UTTAR PRADESH,GHAZIPUR,443502,186.14437367303609,156.75540699960678,192.71603368297002
UTTAR PRADESH,GHAZIPUR,443503,132.30620985010705,156.75540699960678,192.71603368297002
UTTAR PRADESH,GHAZIPUR,443504,114.45064377682404,156.75540699960678,192.71603368297002
UTTAR PRADESH,GHAZIPUR,443505,110.83900928792569,156.75540699960678,192.71603368297002
UTTAR PRADESH,GONDA,443601,205.73333333333332,166.70642201834863,192.71603368297002
UTTAR PRADESH,GONDA,443602,184.6070826306914,166.70642201834863,192.71603368297002
UTTAR PRADESH,GONDA,443603,208.11784511784512,166.70642201834863,192.71603368297002
UTTAR PRADESH,GONDA,443604,140.06506849315068,166.70642201834863,192.71603368297002
UTTAR PRADESH,GONDA,443605,135.5293103448276,166.70642201834863,192.71603368297002
UTTAR PRADESH,GONDA,443606,114.98563218390805,166.70642201834863,192.71603368297002
UTTAR PRADESH,GONDA,443607,135.31372549019608,166.70642201834863,192.71603368297002
UTTAR PRADESH,GORAKHPUR,440501,224.10593220338984,197.9974098632408,192.71603368297002
UTTAR PRADESH,GORAKHPUR,440502,226.40242057488655,197.9974098632408,192.71603368297002
UTTAR PRADESH,GORAKHPUR,440503,225.33276450511946,197.9974098632408,192.71603368297002
UTTAR PRADESH,GORAKHPUR,440504,224.51286449399657,197.9974098632408,192.71603368297002
UTTAR PRADESH,GORAKHPUR,440505,223.4051282051282,197.9974098632408,192.71603368297002
UTTAR PRADESH,GORAKHPUR,440506,214.64957264957266,197.9974098632408,192.71603368297002
UTTAR PRADESH,GORAKHPUR,440507,211.3733108108108,197.9974098632408,192.71603368297002
UTTAR PRADESH,GORAKHPUR,440508,208.4061433447099,197.9974098632408,192.71603368297002
UTTAR PRADESH,GORAKHPUR,440509,208.67398648648648,197.9974098632408,192.71603368297002
UTTAR PRADESH,GORAKHPUR,440510,222.47098976109214,197.9974098632408,192.71603368297002
UTTAR PRADESH,GORAKHPUR,440511,223.25212947189098,197.9974098632408,192.71603368297002
UTTAR PRADESH,GORAKHPUR,440512,230.85617597292725,197.9974098632408,192.71603368297002
UTTAR PRADESH,GORAKHPUR,440513,210.97948717948717,197.9974098632408,192.71603368297002
UTTAR PRADESH,GORAKHPUR,440514,213.54591836734693,197.9974098632408,192.71603368297002
UTTAR PRADESH,GORAKHPUR,440515,215.42087542087543,197.9974098632408,192.71603368297002
UTTAR PRADESH,GORAKHPUR,440516,210.5361344537815,197.9974098632408,192.71603368297002
UTTAR PRADESH,GORAKHPUR,440517,219.12733446519525,197.9974098632408,192.71603368297002
UTTAR PRADESH,GORAKHPUR,440518,217.75978647686833,197.9974098632408,192.71603368297002
UTTAR PRADESH,GORAKHPUR,440519,220.9402985074627,197.9974098632408,192.71603368297002
UTTAR PRADESH,GORAKHPUR,440520,210.65817409766456,197.9974098632408,192.71603368297002
UTTAR PRADESH,GORAKHPUR,440521,213.37526652452024,197.9974098632408,192.71603368297002
UTTAR PRADESH,GORAKHPUR,440522,222.72649572649573,197.9974098632408,192.71603368297002
UTTAR PRADESH,GORAKHPUR,440523,223.6602564102564,197.9974098632408,192.71603368297002
UTTAR PRADESH,GORAKHPUR,440524,215.11324786324786,197.9974098632408,192.71603368297002
UTTAR PRADESH,GORAKHPUR,440525,184.0277185501066,197.9974098632408,192.71603368297002
UTTAR PRADESH,GORAKHPUR,440526,138.9051724137931,197.9974098632408,192.71603368297002
UTTAR PRADESH,GORAKHPUR,440527,138.5247311827957,197.9974098632408,192.71603368297002
UTTAR PRADESH,GORAKHPUR,440528,147.57939914163092,197.9974098632408,192.71603368297002
UTTAR PRADESH,GORAKHPUR,440529,150.71645021645023,197.9974098632408,192.71603368297002
UTTAR PRADESH,GORAKHPUR,440530,148.58169934640523,197.9974098632408,192.71603368297002
UTTAR PRADESH,GORAKHPUR,440531,144.00646551724137,197.9974098632408,192.71603368297002
UTTAR PRADESH,GORAKHPUR,440532,148.41036717062636,197.9974098632408,192.71603368297002
UTTAR PRADESH,GORAKHPUR,440533,154.25245098039215,197.9974098632408,192.71603368297002
UTTAR PRADESH,GORAKHPUR,440534,156.36643026004728,197.9974098632408,192.71603368297002
UTTAR PRADESH,GORAKHPUR,440535,135.8361581920904,197.9974098632408,192.71603368297002
UTTAR PRADESH,GORAKHPUR,440536,141.61494252873564,197.9974098632408,192.71603368297002
UTTAR PRADESH,GORAKHPUR,440537,154.91242362525458,197.9974098632408,192.71603368297002
UTTAR PRADESH,HAPUR (PANCHSHEEL NAGAR),443701,198.75,174.27146401985112,192.71603368297002
UTTAR PRADESH,HAPUR (PANCHSHEEL NAGAR),443702,201.50551470588235,174.27146401985112,192.71603368297002
UTTAR PRADESH,HAPUR (PANCHSHEEL NAGAR),443703,142.71554575523706,174.27146401985112,192.71603368297002
UTTAR PRADESH,HARDOI,443801,202.16469194312796,166.20366886171215,192.71603368297002
UTTAR PRADESH,HARDOI,443802,167.70097087378642,166.20366886171215,192.71603368297002
UTTAR PRADESH,HARDOI,443803,125.62711864406779,166.20366886171215,192.71603368297002
UTTAR PRADESH,HATHRAS,443901,236.12050739957718,203.08011310084825,192.71603368297002
UTTAR PRADESH,HATHRAS,443902,200.752,203.08011310084825,192.71603368297002
UTTAR PRADESH,HATHRAS,443903,133.80751173708921,203.08011310084825,192.71603368297002
UTTAR PRADESH,JALAUN (ORAI),444001,204.10835214446954,180.17123287671234,192.71603368297002
UTTAR PRADESH,JALAUN (ORAI),444002,167.99655568312284,180.17123287671234,192.71603368297002
UTTAR PRADESH,JAUNPUR,444101,190.95735607675905,156.89329268292684,192.71603368297002
UTTAR PRADESH,JAUNPUR,444102,203.38019169329073,156.89329268292684,192.71603368297002
UTTAR PRADESH,JAUNPUR,444103,198.95440251572327,156.89329268292684,192.71603368297002
UTTAR PRADESH,JAUNPUR,444104,188.1118760757315,156.89329268292684,192.71603368297002
UTTAR PRADESH,JAUNPUR,444105,182.81164383561645,156.89329268292684,192.71603368297002
UTTAR PRADESH,JAUNPUR,444106,120.06083650190114,156.89329268292684,192.71603368297002
UTTAR PRADESH,JAUNPUR,444107,125.92607802874743,156.89329268292684,192.71603368297002
UTTAR PRADESH,JAUNPUR,444108,112.84549356223177,156.89329268292684,192.71603368297002
UTTAR PRADESH,JAUNPUR,444109,120.8215859030837,156.89329268292684,192.71603368297002
UTTAR PRADESH,JAUNPUR,444110,126.33909287257019,156.89329268292684,192.71603368297002
UTTAR PRADESH,JAUNPUR,444111,110.97413793103448,156.89329268292684,192.71603368297002
UTTAR PRADESH,JAUNPUR,444112,114.38938053097345,156.89329268292684,192.71603368297002
UTTAR PRADESH,JHANSI,440601,235.48359486447933,217.26146645865833,192.71603368297002
UTTAR PRADESH,JHANSI,440602,239.3174061433447,217.26146645865833,192.71603368297002
UTTAR PRADESH,JHANSI,440603,240.25510204081633,217.26146645865833,192.71603368297002
UTTAR PRADESH,JHANSI,440604,211.51700680272108,217.26146645865833,192.71603368297002
UTTAR PRADESH,JHANSI,440605,168.95822102425876,217.26146645865833,192.71603368297002
UTTAR PRADESH,KANPUR,440701,242.40855614973262,242.1491009907449,192.71603368297002
UTTAR PRADESH,KANPUR,440702,230.85821697099894,242.1491009907449,192.71603368297002
UTTAR PRADESH,KANPUR,440703,238.19382321618744,242.1491009907449,192.71603368297002
UTTAR PRADESH,KANPUR,440704,234.87432867883996,242.1491009907449,192.71603368297002
UTTAR PRADESH,KANPUR,440705,243.89669861554844,242.1491009907449,192.71603368297002
UTTAR PRADESH,KANPUR,440706,232.73504273504273,242.1491009907449,192.71603368297002
UTTAR PRADESH,KANPUR,440707,241.8878923766816,242.1491009907449,192.71603368297002
UTTAR PRADESH,KANPUR,440708,234.29079754601227,242.1491009907449,192.71603368297002
UTTAR PRADESH,KANPUR,440709,239.99877450980392,242.1491009907449,192.71603368297002
UTTAR PRADESH,KANPUR,440710,241.0464516129032,242.1491009907449,192.71603368297002
UTTAR PRADESH,KANPUR,440711,233.62207792207792,242.1491009907449,192.71603368297002
UTTAR PRADESH,KANPUR,440712,234.46571428571428,242.1491009907449,192.71603368297002
UTTAR PRADESH,KANPUR,440713,242.62322946175638,242.1491009907449,192.71603368297002
UTTAR PRADESH,KANPUR,440714,248.50422535211268,242.1491009907449,192.71603368297002
UTTAR PRADESH,KANPUR,440715,246.0414878397711,242.1491009907449,192.71603368297002
UTTAR PRADESH,KANPUR,440716,252.8257142857143,242.1491009907449,192.71603368297002
UTTAR PRADESH,KANPUR,440717,242.23219373219374,242.1491009907449,192.71603368297002
UTTAR PRADESH,KANPUR,440718,245.10186513629841,242.1491009907449,192.71603368297002
UTTAR PRADESH,KANPUR,440719,239.83026874115984,242.1491009907449,192.71603368297002
UTTAR PRADESH,KANPUR,440720,251.71448663853727,242.1491009907449,192.71603368297002
UTTAR PRADESH,KANPUR,440721,249.071875,242.1491009907449,192.71603368297002
UTTAR PRADESH,KANPUR,440722,241.90068493150685,242.1491009907449,192.71603368297002
UTTAR PRADESH,KANPUR,440723,249.19689119170985,242.1491009907449,192.71603368297002
UTTAR PRADESH,KANPUR,440724,238.54188034188033,242.1491009907449,192.71603368297002
UTTAR PRADESH,KANPUR,440725,247.7196581196581,242.1491009907449,192.71603368297002
UTTAR PRADESH,KANPUR,440726,244.65582191780823,242.1491009907449,192.71603368297002
UTTAR PRADESH,KANPUR,440727,251.4647160068847,242.1491009907449,192.71603368297002
UTTAR PRADESH,KANPUR,440728,245.5578231292517,242.1491009907449,192.71603368297002
UTTAR PRADESH,KANPUR,440729,246.64939550949913,242.1491009907449,192.71603368297002
UTTAR PRADESH,KANPUR,440730,250.69942196531792,242.1491009907449,192.71603368297002
UTTAR PRADESH,KANPUR,440731,243.9918200408998,242.1491009907449,192.71603368297002
UTTAR PRADESH,KANPUR,440732,240.0811965811966,242.1491009907449,192.71603368297002
UTTAR PRADESH,KANPUR,440733,252.60212765957448,242.1491009907449,192.71603368297002
UTTAR PRADESH,KANPUR,440734,215.07075471698113,242.1491009907449,192.71603368297002
UTTAR PRADESH,KANPUR,440735,251.6551724137931,242.1491009907449,192.71603368297002
UTTAR PRADESH,KAUSHAMBI,444201,181.24333925399645,148.23833671399595,192.71603368297002
UTTAR PRADESH,KAUSHAMBI,444202,104.3096926713948,148.23833671399595,192.71603368297002
UTTAR PRADESH,KUSHINAGAR,444301,191.81159420289856,148.0477132262052,192.71603368297002
UTTAR PRADESH,KUSHINAGAR,444302,172.7281976744186,148.0477132262052,192.71603368297002
UTTAR PRADESH,KUSHINAGAR,444303,181.63253012048193,148.0477132262052,192.71603368297002
UTTAR PRADESH,KUSHINAGAR,444304,125.47488584474885,148.0477132262052,192.71603368297002
UTTAR PRADESH,KUSHINAGAR,444305,107.28399311531841,148.0477132262052,192.71603368297002
UTTAR PRADESH,KUSHINAGAR,444306,107.41904761904762,148.0477132262052,192.71603368297002
UTTAR PRADESH,KUSHINAGAR,444307,107.75942028985507,148.0477132262052,192.71603368297002
UTTAR PRADESH,LAKHINPUR KHERI,444401,177.98783454987836,152.9518422753717,192.71603368297002
UTTAR PRADESH,LAKHINPUR KHERI,444402,182.51502145922746,152.9518422753717,192.71603368297002
UTTAR PRADESH,LAKHINPUR KHERI,444403,168.50454545454545,152.9518422753717,192.71603368297002
UTTAR PRADESH,LAKHINPUR KHERI,444404,123.07692307692308,152.9518422753717,192.71603368297002
UTTAR PRADESH,LAKHINPUR KHERI,444405,117.54010695187166,152.9518422753717,192.71603368297002
UTTAR PRADESH,LAKHINPUR KHERI,444406,125.99479166666667,152.9518422753717,192.71603368297002
UTTAR PRADESH,LALITPUR,444501,210.92144373673037,185.47448979591837,192.71603368297002
UTTAR PRADESH,LALITPUR,444502,147.18210862619807,185.47448979591837,192.71603368297002
UTTAR PRADESH,LUCKNOW,440801,240.45987654320987,222.48092762427711,192.71603368297002
UTTAR PRADESH,LUCKNOW,440802,239.27692307692308,222.48092762427711,192.71603368297002
UTTAR PRADESH,LUCKNOW,440803,237.5234693877551,222.48092762427711,192.71603368297002
UTTAR PRADESH,LUCKNOW,440804,229.28004073319755,222.48092762427711,192.71603368297002
UTTAR PRADESH,LUCKNOW,440805,234.53713670613564,222.48092762427711,192.71603368297002
UTTAR PRADESH,LUCKNOW,440806,232.33190118152524,222.48092762427711,192.71603368297002
UTTAR PRADESH,LUCKNOW,440807,235.43408360128618,222.48092762427711,192.71603368297002
UTTAR PRADESH,LUCKNOW,440808,235.02941176470588,222.48092762427711,192.71603368297002
UTTAR PRADESH,LUCKNOW,440809,239.8180790960452,222.48092762427711,192.71603368297002
UTTAR PRADESH,LUCKNOW,440810,221.55022321428572,222.48092762427711,192.71603368297002
UTTAR PRADESH,LUCKNOW,440811,233.12862108922363,222.48092762427711,192.71603368297002
UTTAR PRADESH,LUCKNOW,440812,238.87030303030303,222.48092762427711,192.71603368297002
UTTAR PRADESH,LUCKNOW,440813,234.9827160493827,222.48092762427711,192.71603368297002
UTTAR PRADESH,LUCKNOW,440814,228.29166666666666,222.48092762427711,192.71603368297002
UTTAR PRADESH,LUCKNOW,440815,239.63215590742996,222.48092762427711,192.71603368297002
UTTAR PRADESH,LUCKNOW,440816,237.40234375,222.48092762427711,192.71603368297002
UTTAR PRADESH,LUCKNOW,440817,242.45278137128074,222.48092762427711,192.71603368297002
UTTAR PRADESH,LUCKNOW,440818,234.31798561151078,222.48092762427711,192.71603368297002
UTTAR PRADESH,LUCKNOW,440819,223.89518413597733,222.48092762427711,192.71603368297002
UTTAR PRADESH,LUCKNOW,440820,239.0521861777151,222.48092762427711,192.71603368297002
UTTAR PRADESH,LUCKNOW,440821,228.46164772727272,222.48092762427711,192.71603368297002
UTTAR PRADESH,LUCKNOW,440822,234.14437689969606,222.48092762427711,192.71603368297002
UTTAR PRADESH,LUCKNOW,440823,226.33843797856048,222.48092762427711,192.71603368297002
UTTAR PRADESH,LUCKNOW,440824,222.0556438791733,222.48092762427711,192.71603368297002
UTTAR PRADESH,LUCKNOW,440825,229.26143790849673,222.48092762427711,192.71603368297002
UTTAR PRADESH,LUCKNOW,440826,218.97185430463577,222.48092762427711,192.71603368297002
UTTAR PRADESH,LUCKNOW,440827,229.94539249146757,222.48092762427711,192.71603368297002
UTTAR PRADESH,LUCKNOW,440828,255.69035532994923,222.48092762427711,192.71603368297002
UTTAR PRADESH,LUCKNOW,440829,219.17435897435897,222.48092762427711,192.71603368297002
UTTAR PRADESH,LUCKNOW,440830,225.67120954003408,222.48092762427711,192.71603368297002
UTTAR PRADESH,LUCKNOW,440831,227.63587921847247,222.48092762427711,192.71603368297002
UTTAR PRADESH,LUCKNOW,440832,228.5912547528517,222.48092762427711,192.71603368297002
UTTAR PRADESH,LUCKNOW,440833,230.58921933085503,222.48092762427711,192.71603368297002
UTTAR PRADESH,LUCKNOW,440834,187.47314049586777,222.48092762427711,192.71603368297002
UTTAR PRADESH,LUCKNOW,440835,189.84913793103448,222.48092762427711,192.71603368297002
UTTAR PRADESH,LUCKNOW,440836,202.0774193548387,222.48092762427711,192.71603368297002
UTTAR PRADESH,LUCKNOW,440837,195.5491452991453,222.48092762427711,192.71603368297002
UTTAR PRADESH,LUCKNOW,440838,199.41720430107526,222.48092762427711,192.71603368297002
UTTAR PRADESH,LUCKNOW,440839,191.718954248366,222.48092762427711,192.71603368297002
UTTAR PRADESH,LUCKNOW,440840,192.58924731182796,222.48092762427711,192.71603368297002
UTTAR PRADESH,LUCKNOW,440841,189.78958785249458,222.48092762427711,192.71603368297002
UTTAR PRADESH,LUCKNOW,440842,188.52267818574515,222.48092762427711,192.71603368297002
UTTAR PRADESH,LUCKNOW,440843,192.34848484848484,222.48092762427711,192.71603368297002
UTTAR PRADESH,LUCKNOW,440844,190.68466522678185,222.48092762427711,192.71603368297002
UTTAR PRADESH,LUCKNOW,440845,187.53829787234042,222.48092762427711,192.71603368297002
UTTAR PRADESH,LUCKNOW,440846,191.65671641791045,222.48092762427711,192.71603368297002
UTTAR PRADESH,LUCKNOW,440847,209.56465517241378,222.48092762427711,192.71603368297002
UTTAR PRADESH,LUCKNOW,440848,220.01401869158877,222.48092762427711,192.71603368297002
UTTAR PRADESH,LUCKNOW,440849,191.35096153846155,222.48092762427711,192.71603368297002
UTTAR PRADESH,LUCKNOW,440850,192.72543352601156,222.48092762427711,192.71603368297002
UTTAR PRADESH,LUCKNOW,440851,199.05704697986576,222.48092762427711,192.71603368297002
UTTAR PRADESH,LUCKNOW,440852,183.79234972677597,222.48092762427711,192.71603368297002
UTTAR PRADESH,LUCKNOW,440853,188.5284090909091,222.48092762427711,192.71603368297002
UTTAR PRADESH,MAINPURI,444601,202.03181818181818,172.5742685671418,192.71603368297002
UTTAR PRADESH,MAINPURI,444602,200.06525911708255,172.5742685671418,192.71603368297002
UTTAR PRADESH,MAINPURI,444603,192.1342412451362,172.5742685671418,192.71603368297002
UTTAR PRADESH,MAINPURI,444604,128.3285123966942,172.5742685671418,192.71603368297002
UTTAR PRADESH,MAINPURI,444605,126.57084188911705,172.5742685671418,192.71603368297002
UTTAR PRADESH,MATHURA,441301,241.84165232358004,226.5850540806293,192.71603368297002
UTTAR PRADESH,MATHURA,441302,233.11531841652322,226.5850540806293,192.71603368297002
UTTAR PRADESH,MATHURA,441303,240.8081395348837,226.5850540806293,192.71603368297002
UTTAR PRADESH,MATHURA,441304,252.13163064833006,226.5850540806293,192.71603368297002
UTTAR PRADESH,MATHURA,441305,216.83511777301928,226.5850540806293,192.71603368297002
UTTAR PRADESH,MATHURA,441306,154.9294710327456,226.5850540806293,192.71603368297002
UTTAR PRADESH,MAU,444701,193.69357495881383,169.70055681583833,192.71603368297002
UTTAR PRADESH,MAU,444702,198.3904923599321,169.70055681583833,192.71603368297002
UTTAR PRADESH,MAU,444703,197.81028368794327,169.70055681583833,192.71603368297002
UTTAR PRADESH,MAU,444704,194.90669014084506,169.70055681583833,192.71603368297002
UTTAR PRADESH,MAU,444705,192.24204946996466,169.70055681583833,192.71603368297002
UTTAR PRADESH,MAU,444706,137.99803921568628,169.70055681583833,192.71603368297002
UTTAR PRADESH,MAU,444707,130.2246963562753,169.70055681583833,192.71603368297002
UTTAR PRADESH,MAU,444708,126.23232323232324,169.70055681583833,192.71603368297002
UTTAR PRADESH,MAU,444709,131.96929824561403,169.70055681583833,192.71603368297002
UTTAR PRADESH,MEERUT,440901,227.54166666666666,189.42339922647184,192.71603368297002
UTTAR PRADESH,MEERUT,440902,218.1628614916286,189.42339922647184,192.71603368297002
UTTAR PRADESH,MEERUT,440903,219.62480857580397,189.42339922647184,192.71603368297002
UTTAR PRADESH,MEERUT,440904,225.9015544041451,189.42339922647184,192.71603368297002
UTTAR PRADESH,MEERUT,440905,207.27068965517242,189.42339922647184,192.71603368297002
UTTAR PRADESH,MEERUT,440906,219.78006872852234,189.42339922647184,192.71603368297002
UTTAR PRADESH,MEERUT,440907,213.9433962264151,189.42339922647184,192.71603368297002
UTTAR PRADESH,MEERUT,440908,215.77777777777777,189.42339922647184,192.71603368297002
UTTAR PRADESH,MEERUT,440909,212.60611205432937,189.42339922647184,192.71603368297002
UTTAR PRADESH,MEERUT,440910,212.62586206896552,189.42339922647184,192.71603368297002
UTTAR PRADESH,MEERUT,440911,221.69296375266524,189.42339922647184,192.71603368297002
UTTAR PRADESH,MEERUT,440912,181.5236051502146,189.42339922647184,192.71603368297002
UTTAR PRADESH,MEERUT,440913,110.59913793103448,189.42339922647184,192.71603368297002
UTTAR PRADESH,MEERUT,440914,113.18872017353578,189.42339922647184,192.71603368297002
UTTAR PRADESH,MEERUT,440915,113.28384279475982,189.42339922647184,192.71603368297002
UTTAR PRADESH,MEERUT,440916,114.86881720430108,189.42339922647184,192.71603368297002
UTTAR PRADESH,MEERUT,440917,108.72188139059304,189.42339922647184,192.71603368297002
UTTAR PRADESH,MIRZAPUR,444801,205.0630081300813,165.95525291828793,192.71603368297002
UTTAR PRADESH,MIRZAPUR,444802,199.72154471544715,165.95525291828793,192.71603368297002
UTTAR PRADESH,MIRZAPUR,444803,156.81012658227849,165.95525291828793,192.71603368297002
UTTAR PRADESH,MIRZAPUR,444804,118.33087149187593,165.95525291828793,192.71603368297002
UTTAR PRADESH,MORADABAD,444901,191.47984395318596,154.78402887832365,192.71603368297002
UTTAR PRADESH,MORADABAD,444902,191.78110236220473,154.78402887832365,192.71603368297002
UTTAR PRADESH,MORADABAD,444903,194.87883959044368,154.78402887832365,192.71603368297002
UTTAR PRADESH,MORADABAD,444904,197.553480475382,154.78402887832365,192.71603368297002
UTTAR PRADESH,MORADABAD,444905,183.4486301369863,154.78402887832365,192.71603368297002
UTTAR PRADESH,MORADABAD,444906,183.0085178875639,154.78402887832365,192.71603368297002
UTTAR PRADESH,MORADABAD,444907,185.9,154.78402887832365,192.71603368297002
UTTAR PRADESH,MORADABAD,444908,190.18410852713177,154.78402887832365,192.71603368297002
UTTAR PRADESH,MORADABAD,444909,191.57669902912622,154.78402887832365,192.71603368297002
UTTAR PRADESH,MORADABAD,444910,192.34764826175868,154.78402887832365,192.71603368297002
UTTAR PRADESH,MORADABAD,444911,195.95753715498938,154.78402887832365,192.71603368297002
UTTAR PRADESH,MORADABAD,444912,179.6531914893617,154.78402887832365,192.71603368297002
UTTAR PRADESH,MORADABAD,444913,118.01720430107527,154.78402887832365,192.71603368297002
UTTAR PRADESH,MORADABAD,444914,97.89462365591397,154.78402887832365,192.71603368297002
UTTAR PRADESH,MORADABAD,444915,99.04130434782608,154.78402887832365,192.71603368297002
UTTAR PRADESH,MORADABAD,444916,98.17316017316017,154.78402887832365,192.71603368297002
UTTAR PRADESH,MORADABAD,444917,92.78691983122363,154.78402887832365,192.71603368297002
UTTAR PRADESH,MORADABAD,444918,106.35470085470085,154.78402887832365,192.71603368297002
UTTAR PRADESH,MORADABAD,444919,104.76824034334764,154.78402887832365,192.71603368297002
UTTAR PRADESH,MORADABAD,444920,98.90948275862068,154.78402887832365,192.71603368297002
UTTAR PRADESH,MORADABAD,444921,108.77753779697625,154.78402887832365,192.71603368297002
UTTAR PRADESH,MORADABAD,444922,98.57297297297298,154.78402887832365,192.71603368297002
UTTAR PRADESH,MUZAFFARNAGAR,445001,199.44727891156464,155.0166373380259,192.71603368297002
UTTAR PRADESH,MUZAFFARNAGAR,445002,187.13921901528013,155.0166373380259,192.71603368297002
UTTAR PRADESH,MUZAFFARNAGAR,445003,180.96912521440822,155.0166373380259,192.71603368297002
UTTAR PRADESH,MUZAFFARNAGAR,445004,187.1059829059829,155.0166373380259,192.71603368297002
UTTAR PRADESH,MUZAFFARNAGAR,445005,190.68593448940268,155.0166373380259,192.71603368297002
UTTAR PRADESH,MUZAFFARNAGAR,445006,199.52642276422765,155.0166373380259,192.71603368297002
UTTAR PRADESH,MUZAFFARNAGAR,445007,138.81659388646287,155.0166373380259,192.71603368297002
UTTAR PRADESH,MUZAFFARNAGAR,445008,108.96746203904556,155.0166373380259,192.71603368297002
UTTAR PRADESH,MUZAFFARNAGAR,445009,114.02608695652174,155.0166373380259,192.71603368297002
UTTAR PRADESH,MUZAFFARNAGAR,445010,104.64784946236558,155.0166373380259,192.71603368297002
UTTAR PRADESH,MUZAFFARNAGAR,445011,124.90029325513197,155.0166373380259,192.71603368297002
UTTAR PRADESH,MUZAFFARNAGAR,445012,98.07670454545455,155.0166373380259,192.71603368297002
UTTAR PRADESH,MUZAFFARNAGAR,445013,104.45011086474501,155.0166373380259,192.71603368297002
UTTAR PRADESH,NAUGARH,445101,204.97051282051282,170.1186274509804,192.71603368297002
UTTAR PRADESH,NAUGARH,445102,154.49935815147626,170.1186274509804,192.71603368297002
UTTAR PRADESH,NAUGARH,445103,138.8981288981289,170.1186274509804,192.71603368297002
UTTAR PRADESH,NOIDA/GREATER NOIDA,441001,245.1267029972752,235.60827629122588,192.71603368297002
UTTAR PRADESH,NOIDA/GREATER NOIDA,441002,250.98474576271187,235.60827629122588,192.71603368297002
UTTAR PRADESH,NOIDA/GREATER NOIDA,441003,236.1273666092943,235.60827629122588,192.71603368297002
UTTAR PRADESH,NOIDA/GREATER NOIDA,441004,250.60357142857143,235.60827629122588,192.71603368297002
UTTAR PRADESH,NOIDA/GREATER NOIDA,441005,245.37704918032787,235.60827629122588,192.71603368297002
UTTAR PRADESH,NOIDA/GREATER NOIDA,441006,249.79417122040073,235.60827629122588,192.71603368297002
UTTAR PRADESH,NOIDA/GREATER NOIDA,441007,252.8954372623574,235.60827629122588,192.71603368297002
UTTAR PRADESH,NOIDA/GREATER NOIDA,441008,245.5324427480916,235.60827629122588,192.71603368297002
UTTAR PRADESH,NOIDA/GREATER NOIDA,441009,237.9641434262948,235.60827629122588,192.71603368297002
UTTAR PRADESH,NOIDA/GREATER NOIDA,441010,250.13717693836978,235.60827629122588,192.71603368297002
UTTAR PRADESH,NOIDA/GREATER NOIDA,441011,254.01855670103092,235.60827629122588,192.71603368297002
UTTAR PRADESH,NOIDA/GREATER NOIDA,441012,258.31211498973306,235.60827629122588,192.71603368297002
UTTAR PRADESH,NOIDA/GREATER NOIDA,441013,244.34763948497854,235.60827629122588,192.71603368297002
UTTAR PRADESH,NOIDA/GREATER NOIDA,441014,245.3917748917749,235.60827629122588,192.71603368297002
UTTAR PRADESH,NOIDA/GREATER NOIDA,441015,244.23357664233578,235.60827629122588,192.71603368297002
UTTAR PRADESH,NOIDA/GREATER NOIDA,441016,258.91002570694087,235.60827629122588,192.71603368297002
UTTAR PRADESH,NOIDA/GREATER NOIDA,441017,195.59668508287294,235.60827629122588,192.71603368297002
UTTAR PRADESH,NOIDA/GREATER NOIDA,441018,140.54320987654322,235.60827629122588,192.71603368297002
UTTAR PRADESH,NOIDA/GREATER NOIDA,441019,147.5952380952381,235.60827629122588,192.71603368297002
UTTAR PRADESH,NOIDA/GREATER NOIDA,441020,146.1291390728477,235.60827629122588,192.71603368297002
UTTAR PRADESH,PRATAPGARH,445201,184.05070993914808,156.1179727427598,192.71603368297002
UTTAR PRADESH,PRATAPGARH,445202,184.53535353535352,156.1179727427598,192.71603368297002
UTTAR PRADESH,PRATAPGARH,445203,169.0775,156.1179727427598,192.71603368297002
UTTAR PRADESH,PRATAPGARH,445204,121.84343434343434,156.1179727427598,192.71603368297002
UTTAR PRADESH,PRATAPGARH,445205,121.63475177304964,156.1179727427598,192.71603368297002
UTTAR PRADESH,PRAYAGRAJ,440202,226.85982905982905,195.3435833916743,192.71603368297002
UTTAR PRADESH,PRAYAGRAJ,440203,224.50471293916024,195.3435833916743,192.71603368297002
UTTAR PRADESH,PRAYAGRAJ,440204,220.8615548455804,195.3435833916743,192.71603368297002
UTTAR PRADESH,PRAYAGRAJ,440205,218.08315565031984,195.3435833916743,192.71603368297002
UTTAR PRADESH,PRAYAGRAJ,440206,213.46464646464648,195.3435833916743,192.71603368297002
UTTAR PRADESH,PRAYAGRAJ,440207,215.06064209274672,195.3435833916743,192.71603368297002
UTTAR PRADESH,PRAYAGRAJ,440208,216.45876288659792,195.3435833916743,192.71603368297002
UTTAR PRADESH,PRAYAGRAJ,440209,220.2103896103896,195.3435833916743,192.71603368297002
UTTAR PRADESH,PRAYAGRAJ,440210,209.6230440967283,195.3435833916743,192.71603368297002
UTTAR PRADESH,PRAYAGRAJ,440211,217.10699001426534,195.3435833916743,192.71603368297002
UTTAR PRADESH,PRAYAGRAJ,440212,221.79913916786228,195.3435833916743,192.71603368297002
UTTAR PRADESH,PRAYAGRAJ,440213,229.3394366197183,195.3435833916743,192.71603368297002
UTTAR PRADESH,PRAYAGRAJ,440214,218.59407665505228,195.3435833916743,192.71603368297002
UTTAR PRADESH,PRAYAGRAJ,440215,201.38382099827882,195.3435833916743,192.71603368297002
UTTAR PRADESH,PRAYAGRAJ,440216,160.06654991243434,195.3435833916743,192.71603368297002
UTTAR PRADESH,PRAYAGRAJ,440217,151.2674825174825,195.3435833916743,192.71603368297002
UTTAR PRADESH,PRAYAGRAJ,440218,155.04166666666666,195.3435833916743,192.71603368297002
UTTAR PRADESH,PRAYAGRAJ,440219,150.2941176470588,195.3435833916743,192.71603368297002
UTTAR PRADESH,PRAYAGRAJ,440220,158.0483592400691,195.3435833916743,192.71603368297002
UTTAR PRADESH,PRAYAGRAJ,440221,164.63877551020408,195.3435833916743,192.71603368297002
UTTAR PRADESH,PRAYAGRAJ,440222,156.4719827586207,195.3435833916743,192.71603368297002
UTTAR PRADESH,PRAYAGRAJ,440223,162.88695652173914,195.3435833916743,192.71603368297002
UTTAR PRADESH,PRAYAGRAJ,440224,158.31182795698925,195.3435833916743,192.71603368297002
UTTAR PRADESH,PRAYAGRAJ,440225,157.8341836734694,195.3435833916743,192.71603368297002
UTTAR PRADESH,PRAYAGRAJ,440226,159.99746835443037,195.3435833916743,192.71603368297002
UTTAR PRADESH,PRAYAGRAJ,440227,153.32848837209303,195.3435833916743,192.71603368297002
UTTAR PRADESH,PRAYAGRAJ,440228,152.32753623188407,195.3435833916743,192.71603368297002
UTTAR PRADESH,PRAYAGRAJ,440229,161.48977272727274,195.3435833916743,192.71603368297002
UTTAR PRADESH,PRAYAGRAJ ,440201,222.38119227539883,222.38119227539883,192.71603368297002
UTTAR PRADESH,RAI BAREILLY,445301,209.20135363790186,183.91919191919192,192.71603368297002
UTTAR PRADESH,RAI BAREILLY,445302,203.70068027210885,183.91919191919192,192.71603368297002
UTTAR PRADESH,RAI BAREILLY,445303,194.36989247311828,183.91919191919192,192.71603368297002
UTTAR PRADESH,RAI BAREILLY,445304,135.60626398210292,183.91919191919192,192.71603368297002
UTTAR PRADESH,RAI BAREILLY,445305,131.03225806451613,183.91919191919192,192.71603368297002
UTTAR PRADESH,RAMPUR,445401,197.2954796030871,155.02532536053465,192.71603368297002
UTTAR PRADESH,RAMPUR,445402,203.69296375266524,155.02532536053465,192.71603368297002
UTTAR PRADESH,RAMPUR,445403,142.94019138755982,155.02532536053465,192.71603368297002
UTTAR PRADESH,RAMPUR,445404,105.27338129496403,155.02532536053465,192.71603368297002
UTTAR PRADESH,RAMPUR,445405,85.69298245614036,155.02532536053465,192.71603368297002
UTTAR PRADESH,RAMPUR,445406,106.2707182320442,155.02532536053465,192.71603368297002
UTTAR PRADESH,SAHARANPUR,445501,217.64084507042253,175.00737277468082,192.71603368297002
UTTAR PRADESH,SAHARANPUR,445502,215.91276595744682,175.00737277468082,192.71603368297002
UTTAR PRADESH,SAHARANPUR,445503,219.955223880597,175.00737277468082,192.71603368297002
UTTAR PRADESH,SAHARANPUR,445504,208.11777301927194,175.00737277468082,192.71603368297002
UTTAR PRADESH,SAHARANPUR,445505,220.60805084745763,175.00737277468082,192.71603368297002
UTTAR PRADESH,SAHARANPUR,445506,211.40976645435245,175.00737277468082,192.71603368297002
UTTAR PRADESH,SAHARANPUR,445507,181.85287846481876,175.00737277468082,192.71603368297002
UTTAR PRADESH,SAHARANPUR,445508,117.01511879049676,175.00737277468082,192.71603368297002
UTTAR PRADESH,SAHARANPUR,445509,109.95680345572354,175.00737277468082,192.71603368297002
UTTAR PRADESH,SAHARANPUR,445510,110.37445887445888,175.00737277468082,192.71603368297002
UTTAR PRADESH,SAHARANPUR,445511,107.6936170212766,175.00737277468082,192.71603368297002
UTTAR PRADESH,SAHARANPUR,445512,121.0,175.00737277468082,192.71603368297002
UTTAR PRADESH,SHAHJAHANPUR,445601,204.35189309576836,161.53567872552273,192.71603368297002
UTTAR PRADESH,SHAHJAHANPUR,445602,193.7054794520548,161.53567872552273,192.71603368297002
UTTAR PRADESH,SHAHJAHANPUR,445603,191.66666666666666,161.53567872552273,192.71603368297002
UTTAR PRADESH,SHAHJAHANPUR,445604,189.58797327394208,161.53567872552273,192.71603368297002
UTTAR PRADESH,SHAHJAHANPUR,445605,123.4502262443439,161.53567872552273,192.71603368297002
UTTAR PRADESH,SHAHJAHANPUR,445606,106.02262443438914,161.53567872552273,192.71603368297002
UTTAR PRADESH,SHAHJAHANPUR,445607,109.48843930635839,161.53567872552273,192.71603368297002
UTTAR PRADESH,SHRAVASTI,445701,160.6127562642369,160.6127562642369,192.71603368297002
UTTAR PRADESH,SITAPUR,441401,214.01268498942918,162.7367246764837,192.71603368297002
UTTAR PRADESH,SITAPUR,441402,193.25806451612902,162.7367246764837,192.71603368297002
UTTAR PRADESH,SITAPUR,441403,188.44788732394366,162.7367246764837,192.71603368297002
UTTAR PRADESH,SITAPUR,441404,129.77233429394812,162.7367246764837,192.71603368297002
UTTAR PRADESH,SITAPUR,441405,117.96045197740114,162.7367246764837,192.71603368297002
UTTAR PRADESH,SITAPUR,441406,111.42647058823529,162.7367246764837,192.71603368297002
UTTAR PRADESH,SONBHADRA,445801,195.03281853281854,169.33354714560616,192.71603368297002
UTTAR PRADESH,SONBHADRA,445802,205.79795918367347,169.33354714560616,192.71603368297002
UTTAR PRADESH,SONBHADRA,445803,114.74829931972789,169.33354714560616,192.71603368297002
UTTAR PRADESH,SONBHADRA,445804,104.71818181818182,169.33354714560616,192.71603368297002
UTTAR PRADESH,SULTANPUR,445901,189.33485540334854,167.18767605633803,192.71603368297002
UTTAR PRADESH,SULTANPUR,445902,196.702868852459,167.18767605633803,192.71603368297002
UTTAR PRADESH,SULTANPUR,445903,197.41683778234085,167.18767605633803,192.71603368297002
UTTAR PRADESH,SULTANPUR,445904,136.56133056133055,167.18767605633803,192.71603368297002
UTTAR PRADESH,SULTANPUR,445905,124.07246376811594,167.18767605633803,192.71603368297002
UTTAR PRADESH,SULTANPUR,445906,133.90983606557376,167.18767605633803,192.71603368297002
UTTAR PRADESH,UNNAO,446001,203.97204301075269,171.64614050303555,192.71603368297002
UTTAR PRADESH,UNNAO,446002,162.57142857142858,171.64614050303555,192.71603368297002
UTTAR PRADESH,UNNAO,446003,123.6858407079646,171.64614050303555,192.71603368297002
UTTAR PRADESH,VARANASI,441101,226.82136752136753,211.92720074334423,192.71603368297002
UTTAR PRADESH,VARANASI,441102,235.5282817502668,211.92720074334423,192.71603368297002
UTTAR PRADESH,VARANASI,441103,226.69385593220338,211.92720074334423,192.71603368297002
UTTAR PRADESH,VARANASI,441104,233.92489270386267,211.92720074334423,192.71603368297002
UTTAR PRADESH,VARANASI,441105,239.6974431818182,211.92720074334423,192.71603368297002
UTTAR PRADESH,VARANASI,441106,229.59771754636233,211.92720074334423,192.71603368297002
UTTAR PRADESH,VARANASI,441107,241.1301859799714,211.92720074334423,192.71603368297002
UTTAR PRADESH,VARANASI,441108,238.9049645390071,211.92720074334423,192.71603368297002
UTTAR PRADESH,VARANASI,441109,226.67994310099573,211.92720074334423,192.71603368297002
UTTAR PRADESH,VARANASI,441110,247.17872340425532,211.92720074334423,192.71603368297002
UTTAR PRADESH,VARANASI,441111,236.09038737446198,211.92720074334423,192.71603368297002
UTTAR PRADESH,VARANASI,441112,231.9900568181818,211.92720074334423,192.71603368297002
UTTAR PRADESH,VARANASI,441113,234.05263157894737,211.92720074334423,192.71603368297002
UTTAR PRADESH,VARANASI,441114,230.40285714285713,211.92720074334423,192.71603368297002
UTTAR PRADESH,VARANASI,441115,243.9304964539007,211.92720074334423,192.71603368297002
UTTAR PRADESH,VARANASI,441116,238.02970297029702,211.92720074334423,192.71603368297002
UTTAR PRADESH,VARANASI,441117,238.7404255319149,211.92720074334423,192.71603368297002
UTTAR PRADESH,VARANASI,441118,230.9985775248933,211.92720074334423,192.71603368297002
UTTAR PRADESH,VARANASI,441119,235.09732016925247,211.92720074334423,192.71603368297002
UTTAR PRADESH,VARANASI,441120,238.57736389684814,211.92720074334423,192.71603368297002
UTTAR PRADESH,VARANASI,441121,236.51640513552067,211.92720074334423,192.71603368297002
UTTAR PRADESH,VARANASI,441122,245.87520259319288,211.92720074334423,192.71603368297002
UTTAR PRADESH,VARANASI,441123,186.62292358803987,211.92720074334423,192.71603368297002
UTTAR PRADESH,VARANASI,441124,155.55301794453507,211.92720074334423,192.71603368297002
UTTAR PRADESH,VARANASI,441125,169.72680412371133,211.92720074334423,192.71603368297002
UTTAR PRADESH,VARANASI,441126,154.06849315068493,211.92720074334423,192.71603368297002
UTTAR PRADESH,VARANASI,441127,165.78892733564012,211.92720074334423,192.71603368297002
UTTAR PRADESH,VARANASI,441128,170.36301369863014,211.92720074334423,192.71603368297002
UTTAR PRADESH,VARANASI,441129,152.81411359724612,211.92720074334423,192.71603368297002
UTTAR PRADESH,VARANASI,441130,155.2426614481409,211.92720074334423,192.71603368297002
UTTAR PRADESH,VARANASI,441131,154.95703125,211.92720074334423,192.71603368297002
UTTAR PRADESH,VARANASI,441132,172.67689161554193,211.92720074334423,192.71603368297002
UTTAR PRADESH,VARANASI,441133,163.45708154506437,211.92720074334423,192.71603368297002
UTTAR PRADESH,VARANASI,441134,173.65086206896552,211.92720074334423,192.71603368297002
UTTAR PRADESH,VARANASI,441135,159.94193548387096,211.92720074334423,192.71603368297002
UTTAR PRADESH,VARANASI,441136,167.97624190064795,211.92720074334423,192.71603368297002
UTTAR PRADESH,VARANASI,441137,168.3771186440678,211.92720074334423,192.71603368297002
UTTAR PRADESH,VARANASI,441138,168.28151260504202,211.92720074334423,192.71603368297002
UTTARAKHAND,ALMORA,450401,184.60613810741688,177.5767857142857,216.3137932602665
UTTARAKHAND,ALMORA,450402,161.31360946745562,177.5767857142857,216.3137932602665
UTTARAKHAND,CHAMOLI,451101,140.28494623655914,140.28494623655914,216.3137932602665
UTTARAKHAND,DEHRADUN,450101,238.82056892778994,230.41341653666146,216.3137932602665
UTTARAKHAND,DEHRADUN,450102,242.3344407530454,230.41341653666146,216.3137932602665
UTTARAKHAND,DEHRADUN,450103,241.9431818181818,230.41341653666146,216.3137932602665
UTTARAKHAND,DEHRADUN,450104,233.05233380480905,230.41341653666146,216.3137932602665
UTTARAKHAND,DEHRADUN,450105,235.80818053596616,230.41341653666146,216.3137932602665
UTTARAKHAND,DEHRADUN,450106,233.41551724137932,230.41341653666146,216.3137932602665
UTTARAKHAND,DEHRADUN,450107,242.42241379310346,230.41341653666146,216.3137932602665
UTTARAKHAND,DEHRADUN,450108,230.01508620689654,230.41341653666146,216.3137932602665
UTTARAKHAND,DEHRADUN,450109,242.47732181425485,230.41341653666146,216.3137932602665
UTTARAKHAND,DEHRADUN,450110,240.46451612903226,230.41341653666146,216.3137932602665
UTTARAKHAND,DEHRADUN,450111,237.7906976744186,230.41341653666146,216.3137932602665
UTTARAKHAND,DEHRADUN,450112,171.0597014925373,230.41341653666146,216.3137932602665
UTTARAKHAND,DEHRADUN,450113,170.17124394184168,230.41341653666146,216.3137932602665
UTTARAKHAND,HALDWANI,450201,243.91618497109826,240.45621370499418,216.3137932602665
UTTARAKHAND,HALDWANI,450202,254.93446088794926,240.45621370499418,216.3137932602665
UTTARAKHAND,HALDWANI,450203,239.99147121535182,240.45621370499418,216.3137932602665
UTTARAKHAND,HALDWANI,450204,237.83982683982683,240.45621370499418,216.3137932602665
UTTARAKHAND,HALDWANI,450205,241.01271186440678,240.45621370499418,216.3137932602665
UTTARAKHAND,HALDWANI,450206,244.10425531914893,240.45621370499418,216.3137932602665
UTTARAKHAND,HALDWANI,450207,247.2118451025057,240.45621370499418,216.3137932602665
UTTARAKHAND,HALDWANI,450208,225.04710144927537,240.45621370499418,216.3137932602665
UTTARAKHAND,HARIDWAR,450501,237.14038876889848,221.8526497199483,216.3137932602665
UTTARAKHAND,HARIDWAR,450502,245.0647948164147,221.8526497199483,216.3137932602665
UTTARAKHAND,HARIDWAR,450503,238.83982683982683,221.8526497199483,216.3137932602665
UTTARAKHAND,HARIDWAR,450504,240.70670391061452,221.8526497199483,216.3137932602665
UTTARAKHAND,HARIDWAR,450505,159.32198142414862,221.8526497199483,216.3137932602665
UTTARAKHAND,HARIDWAR,450506,173.3373015873016,221.8526497199483,216.3137932602665
UTTARAKHAND,NAINITAL,450601,186.5045871559633,186.5045871559633,216.3137932602665
UTTARAKHAND,NEW TEHRI,450701,184.0,184.0,216.3137932602665
UTTARAKHAND,PANTNAGAR,450801,235.625,217.75675675675674,216.3137932602665
UTTARAKHAND,PANTNAGAR,450802,200.69275929549903,217.75675675675674,216.3137932602665
UTTARAKHAND,PAURI GARHWAL,450901,184.46109510086455,173.64729458917836,216.3137932602665
UTTARAKHAND,PAURI GARHWAL,450902,148.96052631578948,173.64729458917836,216.3137932602665
UTTARAKHAND,PITTHORAGARH,451201,194.05731225296444,194.05731225296444,216.3137932602665
UTTARAKHAND,ROORKEE,450301,217.42666666666668,185.1826178747361,216.3137932602665
UTTARAKHAND,ROORKEE,450302,202.2574679943101,185.1826178747361,216.3137932602665
UTTARAKHAND,ROORKEE,450303,170.97226753670472,185.1826178747361,216.3137932602665
UTTARAKHAND,ROORKEE,450304,133.56549520766774,185.1826178747361,216.3137932602665
UTTARAKHAND,UDHAM SINGH NAGAR,451001,211.695067264574,186.46685472496475,216.3137932602665
UTTARAKHAND,UDHAM SINGH NAGAR,451002,212.12072892938497,186.46685472496475,216.3137932602665
UTTARAKHAND,UDHAM SINGH NAGAR,451003,144.22701688555347,186.46685472496475,216.3137932602665
UTTARAKHAND,UTTARKASHI,451301,155.17672413793105,155.17672413793105,216.3137932602665
WEST BENGAL,ASANSOL,460201,235.83388338833885,221.02104208416833,219.47858476172618
WEST BENGAL,ASANSOL,460202,232.30403458213257,221.02104208416833,219.47858476172618
WEST BENGAL,ASANSOL,460203,239.63695652173914,221.02104208416833,219.47858476172618
WEST BENGAL,ASANSOL,460204,252.0690537084399,221.02104208416833,219.47858476172618
WEST BENGAL,ASANSOL,460205,143.2462962962963,221.02104208416833,219.47858476172618
WEST BENGAL,BALURGHAT,462001,189.2791519434629,161.5780022446689,219.47858476172618
WEST BENGAL,BALURGHAT,462002,194.54787234042553,161.5780022446689,219.47858476172618
WEST BENGAL,BALURGHAT,462003,124.42583732057416,161.5780022446689,219.47858476172618
WEST BENGAL,BALURGHAT,462004,131.84834123222748,161.5780022446689,219.47858476172618
WEST BENGAL,BANKURA,461001,234.49887133182844,187.87901701323253,219.47858476172618
WEST BENGAL,BANKURA,461002,237.8236220472441,187.87901701323253,219.47858476172618
WEST BENGAL,BANKURA,461003,224.7929104477612,187.87901701323253,219.47858476172618
WEST BENGAL,BANKURA,461004,206.8201284796574,187.87901701323253,219.47858476172618
WEST BENGAL,BANKURA,461005,159.26968973747017,187.87901701323253,219.47858476172618
WEST BENGAL,BANKURA,461006,157.8257756563246,187.87901701323253,219.47858476172618
WEST BENGAL,BANKURA,461007,146.8248730964467,187.87901701323253,219.47858476172618
WEST BENGAL,BANKURA,461008,138.72364672364674,187.87901701323253,219.47858476172618
WEST BENGAL,BANKURA,461009,150.8932384341637,187.87901701323253,219.47858476172618
WEST BENGAL,BANKURA,461010,145.59071729957805,187.87901701323253,219.47858476172618
WEST BENGAL,BANKURA,461011,152.95037593984964,187.87901701323253,219.47858476172618
WEST BENGAL,BURDWAN (BARDHAMAN),460301,235.76361386138615,206.3186640471513,219.47858476172618
WEST BENGAL,BURDWAN (BARDHAMAN),460302,237.73805855161788,206.3186640471513,219.47858476172618
WEST BENGAL,BURDWAN (BARDHAMAN),460303,253.14686825053997,206.3186640471513,219.47858476172618
WEST BENGAL,BURDWAN (BARDHAMAN),460304,230.8709677419355,206.3186640471513,219.47858476172618
WEST BENGAL,BURDWAN (BARDHAMAN),460305,221.6595744680851,206.3186640471513,219.47858476172618
WEST BENGAL,BURDWAN (BARDHAMAN),460306,174.98684210526315,206.3186640471513,219.47858476172618
WEST BENGAL,BURDWAN (BARDHAMAN),460307,175.01060070671377,206.3186640471513,219.47858476172618
WEST BENGAL,BURDWAN (BARDHAMAN),460308,167.7433628318584,206.3186640471513,219.47858476172618
WEST BENGAL,DARJEELING,461101,169.48648648648648,169.48648648648648,219.47858476172618
WEST BENGAL,DURGAPUR,460401,274.40256959314775,263.0254576659039,219.47858476172618
WEST BENGAL,DURGAPUR,460402,281.88503253796097,263.0254576659039,219.47858476172618
WEST BENGAL,DURGAPUR,460403,268.4025356576862,263.0254576659039,219.47858476172618
WEST BENGAL,DURGAPUR,460404,231.89791873141723,263.0254576659039,219.47858476172618
WEST BENGAL,HOOGHLY,460501,249.785151856018,217.99237223493517,219.47858476172618
WEST BENGAL,HOOGHLY,460502,259.63492063492066,217.99237223493517,219.47858476172618
WEST BENGAL,HOOGHLY,460503,260.20402298850576,217.99237223493517,219.47858476172618
WEST BENGAL,HOOGHLY,460504,253.63905325443787,217.99237223493517,219.47858476172618
WEST BENGAL,HOOGHLY,460505,197.8542094455852,217.99237223493517,219.47858476172618
WEST BENGAL,HOOGHLY,460506,157.43562231759657,217.99237223493517,219.47858476172618
WEST BENGAL,HOOGHLY,460507,164.9325301204819,217.99237223493517,219.47858476172618
WEST BENGAL,HOOGHLY,460508,191.0806916426513,217.99237223493517,219.47858476172618
WEST BENGAL,HOOGHLY,460509,177.5897435897436,217.99237223493517,219.47858476172618
WEST BENGAL,HOOGHLY,460510,154.90829694323145,217.99237223493517,219.47858476172618
WEST BENGAL,HOOGHLY,460511,177.85537190082644,217.99237223493517,219.47858476172618
WEST BENGAL,HOWRAH,460601,334.1533135509397,291.591811102738,219.47858476172618
WEST BENGAL,HOWRAH,460602,339.0267379679144,291.591811102738,219.47858476172618
WEST BENGAL,HOWRAH,460603,333.95170454545456,291.591811102738,219.47858476172618
WEST BENGAL,HOWRAH,460604,338.62321144674087,291.591811102738,219.47858476172618
WEST BENGAL,HOWRAH,460605,327.48979591836735,291.591811102738,219.47858476172618
WEST BENGAL,HOWRAH,460606,330.90485074626866,291.591811102738,219.47858476172618
WEST BENGAL,HOWRAH,460607,330.8936170212766,291.591811102738,219.47858476172618
WEST BENGAL,HOWRAH,460608,341.1468085106383,291.591811102738,219.47858476172618
WEST BENGAL,HOWRAH,460609,320.35881104033973,291.591811102738,219.47858476172618
WEST BENGAL,HOWRAH,460610,230.07093821510298,291.591811102738,219.47858476172618
WEST BENGAL,HOWRAH,460611,174.31518624641834,291.591811102738,219.47858476172618
WEST BENGAL,HOWRAH,460612,183.9257142857143,291.591811102738,219.47858476172618
WEST BENGAL,HOWRAH,460613,184.9632768361582,291.591811102738,219.47858476172618
WEST BENGAL,HOWRAH,460614,182.87179487179486,291.591811102738,219.47858476172618
WEST BENGAL,HOWRAH,460615,187.06209150326796,291.591811102738,219.47858476172618
WEST BENGAL,HOWRAH,460616,174.4840425531915,291.591811102738,219.47858476172618
WEST BENGAL,JALPAIGURI,461201,221.52199413489737,191.74976213130353,219.47858476172618
WEST BENGAL,JALPAIGURI,461202,221.3974082073434,191.74976213130353,219.47858476172618
WEST BENGAL,JALPAIGURI,461203,156.1891327063741,191.74976213130353,219.47858476172618
WEST BENGAL,KALYANI,461301,241.71512770137525,215.9284892322867,219.47858476172618
WEST BENGAL,KALYANI,461302,248.44947735191639,215.9284892322867,219.47858476172618
WEST BENGAL,KALYANI,461303,239.91272727272727,215.9284892322867,219.47858476172618
WEST BENGAL,KALYANI,461304,234.19073083778966,215.9284892322867,219.47858476172618
WEST BENGAL,KALYANI,461305,248.74155069582505,215.9284892322867,219.47858476172618
WEST BENGAL,KALYANI,461306,234.77697841726618,215.9284892322867,219.47858476172618
WEST BENGAL,KALYANI,461307,187.83451536643025,215.9284892322867,219.47858476172618
WEST BENGAL,KALYANI,461308,162.60922330097088,215.9284892322867,219.47858476172618
WEST BENGAL,KALYANI,461309,191.67418546365914,215.9284892322867,219.47858476172618
WEST BENGAL,KALYANI,461310,188.73722627737226,215.9284892322867,219.47858476172618
WEST BENGAL,KALYANI,461311,165.27528089887642,215.9284892322867,219.47858476172618
WEST BENGAL,KALYANI,461312,163.23021582733813,215.9284892322867,219.47858476172618
WEST BENGAL,KALYANI,461313,175.93070866141733,215.9284892322867,219.47858476172618
WEST BENGAL,KHARAGPUR,460701,244.4083044982699,204.57254740313272,219.47858476172618
WEST BENGAL,KHARAGPUR,460702,259.5996441281139,204.57254740313272,219.47858476172618
WEST BENGAL,KHARAGPUR,460703,262.1498127340824,204.57254740313272,219.47858476172618
WEST BENGAL,KHARAGPUR,460704,249.92883895131087,204.57254740313272,219.47858476172618
WEST BENGAL,KHARAGPUR,460705,254.79065040650406,204.57254740313272,219.47858476172618
WEST BENGAL,KHARAGPUR,460706,183.3230452674897,204.57254740313272,219.47858476172618
WEST BENGAL,KHARAGPUR,460707,170.88187372708757,204.57254740313272,219.47858476172618
WEST BENGAL,KHARAGPUR,460708,162.21703853955376,204.57254740313272,219.47858476172618
WEST BENGAL,KHARAGPUR,460709,166.82857142857142,204.57254740313272,219.47858476172618
WEST BENGAL,KHARAGPUR,460710,175.55172413793105,204.57254740313272,219.47858476172618
WEST BENGAL,KHARAGPUR,460711,173.51612903225808,204.57254740313272,219.47858476172618
WEST BENGAL,KHARAGPUR,460712,185.06209850107066,204.57254740313272,219.47858476172618
WEST BENGAL,KHARAGPUR,460713,183.1814058956916,204.57254740313272,219.47858476172618
WEST BENGAL,KHARAGPUR,460714,180.16904761904763,204.57254740313272,219.47858476172618
WEST BENGAL,KHARAGPUR,460715,174.94578313253012,204.57254740313272,219.47858476172618
WEST BENGAL,KOLKATA,460801,287.2930883639545,258.75396426449754,219.47858476172618
WEST BENGAL,KOLKATA,460802,270.48415300546446,258.75396426449754,219.47858476172618
WEST BENGAL,KOLKATA,460803,288.6753864447087,258.75396426449754,219.47858476172618
WEST BENGAL,KOLKATA,460804,272.15,258.75396426449754,219.47858476172618
WEST BENGAL,KOLKATA,460805,273.9293059125964,258.75396426449754,219.47858476172618
WEST BENGAL,KOLKATA,460806,274.9235209235209,258.75396426449754,219.47858476172618
WEST BENGAL,KOLKATA,460807,277.0469208211144,258.75396426449754,219.47858476172618
WEST BENGAL,KOLKATA,460808,266.63181148748157,258.75396426449754,219.47858476172618
WEST BENGAL,KOLKATA,460809,265.0163934426229,258.75396426449754,219.47858476172618
WEST BENGAL,KOLKATA,460810,277.282131661442,258.75396426449754,219.47858476172618
WEST BENGAL,KOLKATA,460811,269.6913183279743,258.75396426449754,219.47858476172618
WEST BENGAL,KOLKATA,460812,268.14144736842104,258.75396426449754,219.47858476172618
WEST BENGAL,KOLKATA,460813,260.80662020905925,258.75396426449754,219.47858476172618
WEST BENGAL,KOLKATA,460814,277.9344827586207,258.75396426449754,219.47858476172618
WEST BENGAL,KOLKATA,460815,285.32068965517243,258.75396426449754,219.47858476172618
WEST BENGAL,KOLKATA,460816,272.18388791593696,258.75396426449754,219.47858476172618
WEST BENGAL,KOLKATA,460817,281.87857142857143,258.75396426449754,219.47858476172618
WEST BENGAL,KOLKATA,460818,274.8348457350272,258.75396426449754,219.47858476172618
WEST BENGAL,KOLKATA,460819,269.1474820143885,258.75396426449754,219.47858476172618
WEST BENGAL,KOLKATA,460820,275.1226053639847,258.75396426449754,219.47858476172618
WEST BENGAL,KOLKATA,460821,260.53625954198475,258.75396426449754,219.47858476172618
WEST BENGAL,KOLKATA,460822,272.7607843137255,258.75396426449754,219.47858476172618
WEST BENGAL,KOLKATA,460823,270.8346456692913,258.75396426449754,219.47858476172618
WEST BENGAL,KOLKATA,460824,270.388090349076,258.75396426449754,219.47858476172618
WEST BENGAL,KOLKATA,460825,265.8305785123967,258.75396426449754,219.47858476172618
WEST BENGAL,KOLKATA,460826,282.15618221258137,258.75396426449754,219.47858476172618
WEST BENGAL,KOLKATA,460827,279.2617021276596,258.75396426449754,219.47858476172618
WEST BENGAL,KOLKATA,460828,270.73202614379085,258.75396426449754,219.47858476172618
WEST BENGAL,KOLKATA,460829,291.7096069868996,258.75396426449754,219.47858476172618
WEST BENGAL,KOLKATA,460830,210.42857142857142,258.75396426449754,219.47858476172618
WEST BENGAL,KOLKATA,460831,172.65934065934067,258.75396426449754,219.47858476172618
WEST BENGAL,KOLKATA,460832,192.78308026030368,258.75396426449754,219.47858476172618
WEST BENGAL,KOLKATA,460833,181.75345622119815,258.75396426449754,219.47858476172618
WEST BENGAL,KOLKATA,460834,191.8656330749354,258.75396426449754,219.47858476172618
WEST BENGAL,KOLKATA,460835,182.11173184357543,258.75396426449754,219.47858476172618
WEST BENGAL,KOLKATA,460836,180.24258760107816,258.75396426449754,219.47858476172618
WEST BENGAL,KOLKATA,460837,169.8545994065282,258.75396426449754,219.47858476172618
WEST BENGAL,KOLKATA,460838,198.95149253731344,258.75396426449754,219.47858476172618
WEST BENGAL,KOLKATA,460839,190.4247191011236,258.75396426449754,219.47858476172618
WEST BENGAL,MALDA,461401,223.04581005586593,184.01270635317658,219.47858476172618
WEST BENGAL,MALDA,461402,213.6118500604595,184.01270635317658,219.47858476172618
WEST BENGAL,MALDA,461403,217.14362416107383,184.01270635317658,219.47858476172618
WEST BENGAL,MALDA,461404,227.21943573667713,184.01270635317658,219.47858476172618
WEST BENGAL,MALDA,461405,217.30050933786077,184.01270635317658,219.47858476172618
WEST BENGAL,MALDA,461406,226.32042253521126,184.01270635317658,219.47858476172618
WEST BENGAL,MALDA,461407,214.5743119266055,184.01270635317658,219.47858476172618
WEST BENGAL,MALDA,461408,225.0,184.01270635317658,219.47858476172618
WEST BENGAL,MALDA,461409,208.6260162601626,184.01270635317658,219.47858476172618
WEST BENGAL,MALDA,461410,143.8649237472767,184.01270635317658,219.47858476172618
WEST BENGAL,MALDA,461411,131.96828752642705,184.01270635317658,219.47858476172618
WEST BENGAL,MALDA,461412,129.51131221719456,184.01270635317658,219.47858476172618
WEST BENGAL,MALDA,461413,125.0125313283208,184.01270635317658,219.47858476172618
WEST BENGAL,MALDA,461414,132.34574468085106,184.01270635317658,219.47858476172618
WEST BENGAL,MALDA,461415,138.74594594594595,184.01270635317658,219.47858476172618
WEST BENGAL,MALDA,461416,133.47550432276657,184.01270635317658,219.47858476172618
WEST BENGAL,MALDA,461417,140.01694915254237,184.01270635317658,219.47858476172618
WEST BENGAL,MALDA,461418,131.1486068111455,184.01270635317658,219.47858476172618
WEST BENGAL,MALDA,461419,135.6,184.01270635317658,219.47858476172618
WEST BENGAL,MALDA,461420,138.2112676056338,184.01270635317658,219.47858476172618
WEST BENGAL,MALDA,461421,163.6115107913669,184.01270635317658,219.47858476172618
WEST BENGAL,MURSHIDABAD,461501,224.18641390205372,181.8711111111111,219.47858476172618
WEST BENGAL,MURSHIDABAD,461502,221.20347003154575,181.8711111111111,219.47858476172618
WEST BENGAL,MURSHIDABAD,461503,214.22428330522766,181.8711111111111,219.47858476172618
WEST BENGAL,MURSHIDABAD,461504,214.33807829181495,181.8711111111111,219.47858476172618
WEST BENGAL,MURSHIDABAD,461505,220.21323529411765,181.8711111111111,219.47858476172618
WEST BENGAL,MURSHIDABAD,461506,221.49253731343285,181.8711111111111,219.47858476172618
WEST BENGAL,MURSHIDABAD,461507,223.3429158110883,181.8711111111111,219.47858476172618
WEST BENGAL,MURSHIDABAD,461508,223.54661016949152,181.8711111111111,219.47858476172618
WEST BENGAL,MURSHIDABAD,461509,167.18123667377398,181.8711111111111,219.47858476172618
WEST BENGAL,MURSHIDABAD,461510,139.01960784313727,181.8711111111111,219.47858476172618
WEST BENGAL,MURSHIDABAD,461511,142.46741573033708,181.8711111111111,219.47858476172618
WEST BENGAL,MURSHIDABAD,461512,137.37939110070258,181.8711111111111,219.47858476172618
WEST BENGAL,MURSHIDABAD,461513,136.44221105527637,181.8711111111111,219.47858476172618
WEST BENGAL,MURSHIDABAD,461514,138.1367292225201,181.8711111111111,219.47858476172618
WEST BENGAL,MURSHIDABAD,461515,149.296,181.8711111111111,219.47858476172618
WEST BENGAL,MURSHIDABAD,461516,142.00328947368422,181.8711111111111,219.47858476172618
WEST BENGAL,MURSHIDABAD,461517,135.22295081967212,181.8711111111111,219.47858476172618
WEST BENGAL,MURSHIDABAD,461518,137.65116279069767,181.8711111111111,219.47858476172618
WEST BENGAL,MURSHIDABAD,461519,139.58139534883722,181.8711111111111,219.47858476172618
WEST BENGAL,MURSHIDABAD,461520,148.77290836653387,181.8711111111111,219.47858476172618
WEST BENGAL,MURSHIDABAD,461521,167.27011494252875,181.8711111111111,219.47858476172618
WEST BENGAL,NADIA,461601,204.55405405405406,188.66838193253287,219.47858476172618
WEST BENGAL,NADIA,461602,207.12032085561498,188.66838193253287,219.47858476172618
WEST BENGAL,NADIA,461603,184.980056980057,188.66838193253287,219.47858476172618
WEST BENGAL,NADIA,461604,176.6271186440678,188.66838193253287,219.47858476172618
WEST BENGAL,NADIA,461605,169.89365671641792,188.66838193253287,219.47858476172618
WEST BENGAL,NORTH 24 PARGANAS,460101,261.79291251384274,226.5129492600423,219.47858476172618
WEST BENGAL,NORTH 24 PARGANAS,460102,252.6067415730337,226.5129492600423,219.47858476172618
WEST BENGAL,NORTH 24 PARGANAS,460103,252.59832635983264,226.5129492600423,219.47858476172618
WEST BENGAL,NORTH 24 PARGANAS,460104,242.03735632183907,226.5129492600423,219.47858476172618
WEST BENGAL,NORTH 24 PARGANAS,460105,247.025824964132,226.5129492600423,219.47858476172618
WEST BENGAL,NORTH 24 PARGANAS,460106,246.14374034003092,226.5129492600423,219.47858476172618
WEST BENGAL,NORTH 24 PARGANAS,460107,193.78571428571428,226.5129492600423,219.47858476172618
WEST BENGAL,NORTH 24 PARGANAS,460108,182.40761904761905,226.5129492600423,219.47858476172618
WEST BENGAL,NORTH 24 PARGANAS,460109,191.83207547169812,226.5129492600423,219.47858476172618
WEST BENGAL,NORTH 24 PARGANAS,460110,193.03695652173914,226.5129492600423,219.47858476172618
WEST BENGAL,NORTH 24 PARGANAS,460111,202.95278969957081,226.5129492600423,219.47858476172618
WEST BENGAL,NORTH 24 PARGANAS,460112,185.6322463768116,226.5129492600423,219.47858476172618
WEST BENGAL,PURBA MEDINIPUR,461701,250.03336921420882,191.41645569620252,219.47858476172618
WEST BENGAL,PURBA MEDINIPUR,461702,231.98868778280544,191.41645569620252,219.47858476172618
WEST BENGAL,PURBA MEDINIPUR,461703,165.28134110787173,191.41645569620252,219.47858476172618
WEST BENGAL,PURBA MEDINIPUR,461704,159.78162911611784,191.41645569620252,219.47858476172618
WEST BENGAL,PURBA MEDINIPUR,461705,160.58392857142857,191.41645569620252,219.47858476172618
WEST BENGAL,PURBA MEDINIPUR,461706,157.53177966101694,191.41645569620252,219.47858476172618
WEST BENGAL,PURBA MEDINIPUR,461707,158.37974683544303,191.41645569620252,219.47858476172618
WEST BENGAL,SILIGURI,460901,227.2209705372617,216.2130096197893,219.47858476172618
WEST BENGAL,SILIGURI,460902,243.7830290010741,216.2130096197893,219.47858476172618
WEST BENGAL,SILIGURI,460903,236.66236559139784,216.2130096197893,219.47858476172618
WEST BENGAL,SILIGURI,460904,217.41680960548885,216.2130096197893,219.47858476172618
WEST BENGAL,SILIGURI,460905,242.5582191780822,216.2130096197893,219.47858476172618
WEST BENGAL,SILIGURI,460906,239.38501742160278,216.2130096197893,219.47858476172618
WEST BENGAL,SILIGURI,460907,212.6803455723542,216.2130096197893,219.47858476172618
WEST BENGAL,SILIGURI,460908,149.92222222222222,216.2130096197893,219.47858476172618
WEST BENGAL,SILIGURI,460909,155.64387464387465,216.2130096197893,219.47858476172618
WEST BENGAL,SILIGURI,460910,151.84499054820415,216.2130096197893,219.47858476172618
WEST BENGAL,SOUTH 24 PARGANAS,461801,244.3099173553719,192.899644897329,219.47858476172618
WEST BENGAL,SOUTH 24 PARGANAS,461802,241.47222222222223,192.899644897329,219.47858476172618
WEST BENGAL,SOUTH 24 PARGANAS,461803,234.00571428571428,192.899644897329,219.47858476172618
WEST BENGAL,SOUTH 24 PARGANAS,461804,168.58846153846153,192.899644897329,219.47858476172618
WEST BENGAL,SOUTH 24 PARGANAS,461805,157.60774818401936,192.899644897329,219.47858476172618
WEST BENGAL,SOUTH 24 PARGANAS,461806,168.1823056300268,192.899644897329,219.47858476172618
WEST BENGAL,SOUTH 24 PARGANAS,461807,163.55459770114942,192.899644897329,219.47858476172618
WEST BENGAL,SOUTH 24 PARGANAS,461808,141.4188034188034,192.899644897329,219.47858476172618
WEST BENGAL,SOUTH 24 PARGANAS,461809,141.867816091954,192.899644897329,219.47858476172618
WEST BENGAL,SOUTH 24 PARGANAS,461810,155.41059602649005,192.899644897329,219.47858476172618
WEST BENGAL,SOUTH 24 PARGANAS,461811,164.79761904761904,192.899644897329,219.47858476172618
WEST BENGAL,SOUTH 24 PARGANAS,461812,180.41358024691357,192.899644897329,219.47858476172618
WEST BENGAL,SOUTH 24 PARGANAS,461813,145.51261829652998,192.899644897329,219.47858476172618
WEST BENGAL,SURI,461901,220.71465968586386,191.2368125701459,219.47858476172618
WEST BENGAL,SURI,461902,225.72301136363637,191.2368125701459,219.47858476172618
WEST BENGAL,SURI,461903,149.86701208981,191.2368125701459,219.47858476172618
WEST BENGAL,SURI,461904,151.13114754098362,191.2368125701459,219.47858476172618
WEST BENGAL,SURI,461905,162.48743718592965,191.2368125701459,219.47858476172618
